{"type":"FeatureCollection","crs":{"type":"name","properties":{"name":"urn:ogc:def:crs:OGC:1.3:CRS84"}},"features":[{"type":"Feature","properties":{"shapeName":"Beni"},"geometry":{"type":"Polygon","coordinates":[[[-61.528,-13.53],[-62.139,-13.762],[-62.705,-13.976],[-63.091,-14.12],[-63.561,-14.296],[-63.975,-14.728],[-63.974,-14.732],[-63.978,-14.736],[-63.974,-14.74],[-63.967,-14.741],[-63.969,-14.744],[-63.968,-14.748],[-63.963,-14.752],[-63.959,-14.758],[-63.956,-14.759],[-63.953,-14.756],[-63.944,-14.759],[-63.943,-14.763],[-63.932,-14.767],[-63.926,-14.772],[-63.926,-14.781],[-63.93,-14.787],[-63.93,-14.792],[-63.933,-14.795],[-63.931,-14.8],[-63.927,-14.803],[-63.931,-14.807],[-63.931,-14.815],[-63.933,-14.822],[-63.935,-14.826],[-63.937,-14.827],[-63.938,-14.831],[-63.937,-14.833],[-63.94,-14.837],[-63.94,-14.84],[-63.938,-14.841],[-63.937,-14.846],[-63.94,-14.853],[-63.944,-14.853],[-63.942,-14.859],[-63.945,-14.866],[-63.945,-14.871],[-63.944,-14.873],[-63.947,-14.877],[-63.947,-14.881],[-63.942,-14.887],[-63.939,-14.896],[-63.942,-14.898],[-63.946,-14.905],[-63.94,-14.91],[-63.942,-14.915],[-63.939,-14.914],[-63.939,-14.915],[-63.939,-14.92],[-63.944,-14.928],[-63.939,-14.934],[-63.935,-14.933],[-63.933,-14.937],[-63.936,-14.939],[-63.933,-14.941],[-63.932,-14.947],[-63.929,-14.948],[-63.929,-14.95],[-63.934,-14.955],[-63.929,-14.958],[-63.923,-14.968],[-63.925,-14.983],[-63.921,-14.989],[-63.924,-14.993],[-63.922,-15.001],[-63.924,-15.002],[-63.931,-15.003],[-63.931,-15.009],[-63.94,-15.013],[-63.941,-15.014],[-63.939,-15.02],[-63.934,-15.021],[-63.93,-15.027],[-63.924,-15.026],[-63.918,-15.033],[-63.931,-15.04],[-63.942,-15.054],[-63.961,-15.062],[-63.964,-15.069],[-63.957,-15.069],[-63.956,-15.073],[-63.954,-15.075],[-63.952,-15.079],[-63.954,-15.081],[-63.958,-15.08],[-63.958,-15.083],[-63.947,-15.093],[-63.952,-15.102],[-63.948,-15.103],[-63.945,-15.103],[-63.942,-15.11],[-63.945,-15.116],[-63.941,-15.122],[-63.94,-15.127],[-63.945,-15.132],[-63.94,-15.137],[-63.943,-15.141],[-63.939,-15.143],[-63.94,-15.147],[-63.938,-15.15],[-63.944,-15.16],[-63.94,-15.159],[-63.935,-15.169],[-63.929,-15.165],[-63.926,-15.164],[-63.923,-15.159],[-63.918,-15.161],[-63.917,-15.166],[-63.915,-15.167],[-63.912,-15.166],[-63.908,-15.162],[-63.906,-15.169],[-63.901,-15.166],[-63.9,-15.176],[-63.898,-15.176],[-63.895,-15.174],[-63.893,-15.175],[-63.887,-15.185],[-63.887,-15.188],[-63.89,-15.191],[-63.884,-15.192],[-63.883,-15.197],[-63.885,-15.199],[-63.892,-15.196],[-63.891,-15.202],[-63.895,-15.206],[-63.895,-15.21],[-63.892,-15.211],[-63.889,-15.206],[-63.884,-15.214],[-63.884,-15.218],[-63.883,-15.22],[-63.876,-15.219],[-63.859,-15.227],[-63.867,-15.236],[-63.861,-15.242],[-63.861,-15.244],[-63.866,-15.249],[-63.863,-15.256],[-63.867,-15.255],[-63.871,-15.264],[-63.87,-15.265],[-63.864,-15.261],[-63.862,-15.262],[-63.861,-15.265],[-63.864,-15.271],[-63.863,-15.272],[-63.856,-15.269],[-63.853,-15.269],[-63.856,-15.277],[-63.853,-15.281],[-63.855,-15.285],[-63.852,-15.293],[-63.856,-15.302],[-63.847,-15.315],[-63.842,-15.319],[-63.842,-15.326],[-63.835,-15.325],[-63.832,-15.327],[-63.832,-15.329],[-63.837,-15.332],[-63.832,-15.339],[-63.838,-15.341],[-63.838,-15.343],[-63.834,-15.345],[-63.834,-15.349],[-63.832,-15.353],[-63.826,-15.352],[-63.822,-15.353],[-63.819,-15.353],[-63.817,-15.355],[-63.825,-15.358],[-63.825,-15.36],[-63.805,-15.368],[-63.797,-15.368],[-63.801,-15.375],[-63.791,-15.381],[-63.792,-15.385],[-63.786,-15.386],[-63.783,-15.391],[-63.781,-15.391],[-63.781,-15.389],[-63.778,-15.391],[-63.776,-15.396],[-63.775,-15.403],[-63.785,-15.4],[-63.789,-15.404],[-63.789,-15.405],[-63.787,-15.406],[-63.784,-15.404],[-63.78,-15.405],[-63.779,-15.407],[-63.79,-15.413],[-63.794,-15.418],[-63.798,-15.42],[-63.794,-15.423],[-63.794,-15.428],[-63.788,-15.436],[-63.783,-15.439],[-63.784,-15.438],[-63.781,-15.436],[-63.777,-15.438],[-63.765,-15.438],[-63.763,-15.442],[-63.766,-15.449],[-63.766,-15.453],[-63.761,-15.451],[-63.755,-15.456],[-63.753,-15.461],[-63.753,-15.469],[-63.751,-15.473],[-63.749,-15.471],[-63.749,-15.466],[-63.746,-15.458],[-63.743,-15.455],[-63.742,-15.456],[-63.744,-15.461],[-63.743,-15.465],[-63.733,-15.469],[-63.736,-15.464],[-63.735,-15.46],[-63.737,-15.456],[-63.731,-15.453],[-63.728,-15.455],[-63.727,-15.46],[-63.722,-15.461],[-63.723,-15.464],[-63.725,-15.466],[-63.718,-15.47],[-63.717,-15.475],[-63.712,-15.481],[-63.713,-15.484],[-63.712,-15.49],[-63.707,-15.489],[-63.7,-15.483],[-63.697,-15.485],[-63.696,-15.496],[-63.695,-15.495],[-63.695,-15.491],[-63.693,-15.489],[-63.68,-15.497],[-63.68,-15.5],[-63.69,-15.509],[-63.678,-15.516],[-63.679,-15.518],[-63.688,-15.52],[-63.691,-15.523],[-63.683,-15.529],[-63.681,-15.536],[-63.682,-15.537],[-63.686,-15.533],[-63.69,-15.534],[-63.689,-15.541],[-63.693,-15.554],[-63.685,-15.565],[-63.69,-15.569],[-63.693,-15.575],[-63.693,-15.581],[-63.69,-15.582],[-63.69,-15.576],[-63.686,-15.574],[-63.681,-15.575],[-63.678,-15.582],[-63.677,-15.577],[-63.671,-15.571],[-63.67,-15.573],[-63.668,-15.582],[-63.664,-15.581],[-63.659,-15.578],[-63.657,-15.579],[-63.652,-15.584],[-63.653,-15.585],[-63.655,-15.583],[-63.658,-15.584],[-63.657,-15.586],[-63.643,-15.594],[-63.648,-15.597],[-63.644,-15.602],[-63.647,-15.605],[-63.647,-15.609],[-63.634,-15.609],[-63.635,-15.614],[-63.632,-15.619],[-63.639,-15.62],[-63.642,-15.622],[-63.642,-15.625],[-63.639,-15.627],[-63.634,-15.625],[-63.632,-15.626],[-63.631,-15.628],[-63.632,-15.632],[-63.624,-15.638],[-63.622,-15.637],[-63.621,-15.633],[-63.617,-15.632],[-63.598,-15.638],[-63.597,-15.635],[-63.599,-15.632],[-63.598,-15.629],[-63.592,-15.632],[-63.583,-15.634],[-63.582,-15.636],[-63.586,-15.637],[-63.585,-15.647],[-63.573,-15.653],[-63.58,-15.661],[-63.574,-15.665],[-63.567,-15.667],[-63.568,-15.663],[-63.566,-15.659],[-63.552,-15.66],[-63.553,-15.655],[-63.549,-15.651],[-63.544,-15.652],[-63.541,-15.655],[-63.539,-15.659],[-63.538,-15.665],[-63.527,-15.658],[-63.525,-15.655],[-63.523,-15.658],[-63.524,-15.662],[-63.516,-15.662],[-63.512,-15.666],[-63.513,-15.675],[-63.508,-15.683],[-63.504,-15.681],[-63.501,-15.684],[-63.501,-15.687],[-63.492,-15.688],[-63.497,-15.695],[-63.489,-15.699],[-63.492,-15.702],[-63.491,-15.707],[-63.487,-15.706],[-63.482,-15.702],[-63.482,-15.7],[-63.475,-15.706],[-63.474,-15.71],[-63.475,-15.712],[-63.483,-15.718],[-63.482,-15.721],[-63.475,-15.716],[-63.472,-15.719],[-63.471,-15.735],[-63.47,-15.735],[-63.462,-15.729],[-63.461,-15.732],[-63.455,-15.733],[-63.458,-15.74],[-63.446,-15.742],[-63.443,-15.737],[-63.434,-15.743],[-63.441,-15.748],[-63.429,-15.749],[-63.432,-15.755],[-63.44,-15.758],[-63.442,-15.761],[-63.442,-15.764],[-63.437,-15.76],[-63.432,-15.76],[-63.43,-15.763],[-63.431,-15.765],[-63.437,-15.765],[-63.44,-15.768],[-63.435,-15.775],[-63.435,-15.779],[-63.442,-15.776],[-63.445,-15.778],[-63.441,-15.782],[-63.438,-15.78],[-63.438,-15.784],[-63.43,-15.788],[-63.429,-15.792],[-63.433,-15.794],[-63.436,-15.788],[-63.44,-15.789],[-63.439,-15.801],[-63.431,-15.808],[-63.433,-15.809],[-63.44,-15.809],[-63.441,-15.814],[-63.438,-15.817],[-63.435,-15.817],[-63.434,-15.82],[-63.442,-15.82],[-63.444,-15.825],[-63.44,-15.828],[-63.429,-15.826],[-63.43,-15.832],[-63.425,-15.835],[-63.422,-15.836],[-63.421,-15.838],[-63.429,-15.841],[-63.429,-15.845],[-63.416,-15.853],[-63.415,-15.852],[-63.412,-15.844],[-63.41,-15.842],[-63.405,-15.843],[-63.4,-15.847],[-63.399,-15.851],[-63.408,-15.848],[-63.411,-15.858],[-63.394,-15.855],[-63.39,-15.856],[-63.388,-15.859],[-63.387,-15.857],[-63.386,-15.861],[-63.389,-15.863],[-63.384,-15.866],[-63.387,-15.868],[-63.39,-15.875],[-63.382,-15.881],[-63.381,-15.884],[-64.487,-15.825],[-64.73,-15.802],[-64.958,-15.801],[-65.003,-15.821],[-65.022,-15.837],[-65.041,-15.858],[-65.072,-15.906],[-65.081,-15.931],[-65.089,-16.006],[-65.116,-16.188],[-65.14,-16.237],[-65.24,-16.369],[-65.353,-16.401],[-65.595,-16.46],[-65.835,-16.49],[-65.862,-16.492],[-65.914,-16.481],[-65.971,-16.467],[-66.009,-16.449],[-66.056,-16.417],[-66.11,-16.397],[-66.17,-16.363],[-66.231,-16.286],[-66.31,-16.159],[-66.339,-16.117],[-66.344,-16.115],[-66.35,-16.115],[-66.355,-16.111],[-66.356,-16.108],[-66.361,-16.107],[-66.367,-16.104],[-66.372,-16.096],[-66.378,-16.093],[-66.383,-16.086],[-66.402,-16.075],[-66.477,-16.004],[-66.506,-15.985],[-66.57,-15.961],[-66.616,-15.952],[-66.635,-15.934],[-66.635,-15.927],[-66.639,-15.916],[-66.647,-15.917],[-66.659,-15.905],[-66.669,-15.906],[-66.676,-15.911],[-66.682,-15.903],[-66.707,-15.894],[-66.73,-15.879],[-66.748,-15.86],[-66.766,-15.846],[-66.791,-15.834],[-66.807,-15.828],[-66.809,-15.823],[-66.806,-15.808],[-66.803,-15.805],[-66.802,-15.799],[-66.797,-15.795],[-66.797,-15.793],[-66.794,-15.788],[-66.795,-15.785],[-66.873,-15.694],[-66.89,-15.663],[-66.907,-15.64],[-66.904,-15.627],[-66.907,-15.621],[-66.904,-15.619],[-66.903,-15.62],[-66.899,-15.615],[-66.9,-15.604],[-66.901,-15.603],[-66.903,-15.604],[-66.904,-15.6],[-66.907,-15.598],[-66.907,-15.594],[-66.911,-15.592],[-66.912,-15.587],[-66.911,-15.586],[-66.915,-15.585],[-66.917,-15.58],[-66.92,-15.579],[-66.919,-15.577],[-66.923,-15.575],[-66.922,-15.572],[-66.923,-15.569],[-66.929,-15.567],[-66.931,-15.568],[-66.932,-15.566],[-66.935,-15.566],[-66.935,-15.561],[-66.937,-15.559],[-66.933,-15.554],[-66.931,-15.554],[-66.932,-15.552],[-66.934,-15.549],[-66.937,-15.549],[-66.936,-15.546],[-66.941,-15.541],[-66.941,-15.539],[-66.943,-15.535],[-66.946,-15.534],[-66.947,-15.531],[-66.949,-15.533],[-66.95,-15.532],[-66.95,-15.526],[-66.955,-15.524],[-66.957,-15.525],[-66.956,-15.522],[-66.959,-15.52],[-66.959,-15.516],[-66.963,-15.511],[-66.962,-15.507],[-66.966,-15.508],[-66.967,-15.506],[-66.969,-15.505],[-66.975,-15.499],[-66.978,-15.502],[-66.979,-15.498],[-66.985,-15.497],[-66.986,-15.495],[-66.984,-15.493],[-66.988,-15.49],[-66.992,-15.49],[-66.993,-15.486],[-67.001,-15.487],[-67.003,-15.485],[-67.003,-15.481],[-67.001,-15.479],[-67.002,-15.477],[-67.008,-15.477],[-67.013,-15.472],[-67.016,-15.473],[-67.022,-15.466],[-67.025,-15.468],[-67.026,-15.464],[-67.029,-15.464],[-67.028,-15.462],[-67.031,-15.463],[-67.032,-15.459],[-67.037,-15.459],[-67.036,-15.457],[-67.037,-15.455],[-67.044,-15.454],[-67.043,-15.453],[-67.04,-15.452],[-67.04,-15.45],[-67.043,-15.45],[-67.047,-15.446],[-67.047,-15.449],[-67.05,-15.451],[-67.052,-15.445],[-67.055,-15.446],[-67.062,-15.444],[-67.064,-15.442],[-67.059,-15.442],[-67.059,-15.441],[-67.066,-15.44],[-67.065,-15.437],[-67.07,-15.433],[-67.067,-15.431],[-67.07,-15.428],[-67.073,-15.427],[-67.081,-15.427],[-67.081,-15.424],[-67.084,-15.423],[-67.087,-15.419],[-67.086,-15.415],[-67.085,-15.414],[-67.087,-15.411],[-67.089,-15.412],[-67.093,-15.411],[-67.091,-15.407],[-67.096,-15.407],[-67.097,-15.411],[-67.1,-15.411],[-67.1,-15.407],[-67.101,-15.405],[-67.105,-15.406],[-67.106,-15.399],[-67.111,-15.4],[-67.113,-15.399],[-67.113,-15.396],[-67.11,-15.395],[-67.11,-15.392],[-67.118,-15.393],[-67.115,-15.39],[-67.117,-15.387],[-67.106,-15.372],[-67.106,-15.367],[-67.103,-15.363],[-67.099,-15.36],[-67.095,-15.361],[-67.094,-15.356],[-67.089,-15.353],[-67.088,-15.345],[-67.083,-15.337],[-67.084,-15.327],[-67.086,-15.322],[-67.081,-15.321],[-67.081,-15.315],[-67.082,-15.312],[-67.084,-15.312],[-67.086,-15.305],[-67.09,-15.301],[-67.102,-15.301],[-67.106,-15.296],[-67.104,-15.29],[-67.109,-15.29],[-67.114,-15.279],[-67.118,-15.277],[-67.126,-15.277],[-67.127,-15.274],[-67.136,-15.275],[-67.134,-15.271],[-67.13,-15.272],[-67.129,-15.27],[-67.132,-15.263],[-67.137,-15.265],[-67.138,-15.26],[-67.134,-15.259],[-67.132,-15.26],[-67.13,-15.258],[-67.135,-15.253],[-67.136,-15.25],[-67.131,-15.25],[-67.128,-15.252],[-67.127,-15.251],[-67.134,-15.233],[-67.135,-15.233],[-67.137,-15.235],[-67.139,-15.234],[-67.138,-15.231],[-67.135,-15.231],[-67.137,-15.227],[-67.137,-15.221],[-67.138,-15.219],[-67.144,-15.218],[-67.142,-15.215],[-67.145,-15.212],[-67.145,-15.208],[-67.147,-15.207],[-67.147,-15.204],[-67.149,-15.202],[-67.151,-15.197],[-67.152,-15.197],[-67.154,-15.201],[-67.155,-15.201],[-67.156,-15.199],[-67.155,-15.197],[-67.157,-15.191],[-67.161,-15.192],[-67.16,-15.189],[-67.158,-15.189],[-67.157,-15.184],[-67.159,-15.184],[-67.162,-15.186],[-67.167,-15.184],[-67.168,-15.177],[-67.169,-15.174],[-67.168,-15.171],[-67.173,-15.171],[-67.171,-15.164],[-67.174,-15.162],[-67.176,-15.163],[-67.177,-15.163],[-67.18,-15.156],[-67.182,-15.158],[-67.186,-15.158],[-67.186,-15.151],[-67.19,-15.148],[-67.193,-15.152],[-67.197,-15.155],[-67.198,-15.151],[-67.194,-15.149],[-67.194,-15.145],[-67.196,-15.143],[-67.194,-15.139],[-67.191,-15.14],[-67.191,-15.138],[-67.197,-15.134],[-67.197,-15.132],[-67.199,-15.13],[-67.206,-15.13],[-67.204,-15.127],[-67.205,-15.122],[-67.213,-15.113],[-67.216,-15.112],[-67.218,-15.118],[-67.219,-15.116],[-67.219,-15.113],[-67.224,-15.108],[-67.226,-15.11],[-67.224,-15.116],[-67.226,-15.117],[-67.229,-15.117],[-67.232,-15.112],[-67.238,-15.115],[-67.237,-15.108],[-67.235,-15.11],[-67.233,-15.108],[-67.238,-15.105],[-67.24,-15.101],[-67.243,-15.099],[-67.245,-15.092],[-67.242,-15.089],[-67.239,-15.092],[-67.238,-15.092],[-67.239,-15.089],[-67.238,-15.086],[-67.235,-15.087],[-67.233,-15.085],[-67.239,-15.079],[-67.236,-15.078],[-67.236,-15.077],[-67.239,-15.075],[-67.243,-15.076],[-67.245,-15.073],[-67.239,-15.07],[-67.238,-15.063],[-67.241,-15.06],[-67.238,-15.059],[-67.241,-15.057],[-67.243,-15.052],[-67.244,-15.055],[-67.246,-15.054],[-67.248,-15.049],[-67.249,-15.047],[-67.251,-15.047],[-67.252,-15.057],[-67.253,-15.058],[-67.257,-15.057],[-67.255,-15.054],[-67.257,-15.052],[-67.259,-15.054],[-67.262,-15.053],[-67.26,-15.051],[-67.264,-15.047],[-67.267,-15.047],[-67.275,-15.041],[-67.28,-15.043],[-67.281,-15.041],[-67.279,-15.029],[-67.283,-15.029],[-67.285,-15.03],[-67.286,-15.037],[-67.287,-15.038],[-67.291,-15.037],[-67.292,-15.034],[-67.288,-15.03],[-67.29,-15.027],[-67.298,-15.029],[-67.301,-15.032],[-67.303,-15.038],[-67.3,-15.042],[-67.301,-15.043],[-67.304,-15.044],[-67.309,-15.04],[-67.315,-15.037],[-67.318,-15.039],[-67.319,-15.046],[-67.322,-15.046],[-67.329,-15.038],[-67.335,-15.045],[-67.337,-15.039],[-67.343,-15.037],[-67.342,-15.03],[-67.347,-15.033],[-67.349,-15.038],[-67.352,-15.037],[-67.352,-15.034],[-67.355,-15.029],[-67.354,-15.023],[-67.356,-15.021],[-67.359,-15.023],[-67.36,-15.032],[-67.362,-15.033],[-67.368,-15.028],[-67.372,-15.028],[-67.373,-15.027],[-67.377,-15.022],[-67.378,-15.015],[-67.381,-15.016],[-67.382,-15.02],[-67.386,-15.02],[-67.386,-15.013],[-67.396,-15.009],[-67.401,-14.999],[-67.4,-14.994],[-67.394,-14.992],[-67.394,-14.988],[-67.4,-14.988],[-67.403,-14.994],[-67.406,-14.995],[-67.409,-14.992],[-67.414,-14.993],[-67.416,-14.989],[-67.416,-14.986],[-67.411,-14.981],[-67.41,-14.975],[-67.407,-14.972],[-67.408,-14.969],[-67.41,-14.968],[-67.416,-14.971],[-67.419,-14.971],[-67.421,-14.964],[-67.417,-14.961],[-67.418,-14.955],[-67.413,-14.952],[-67.413,-14.95],[-67.423,-14.945],[-67.42,-14.94],[-67.422,-14.934],[-67.418,-14.931],[-67.418,-14.928],[-67.422,-14.927],[-67.423,-14.922],[-67.424,-14.923],[-67.425,-14.927],[-67.428,-14.926],[-67.429,-14.924],[-67.424,-14.912],[-67.421,-14.91],[-67.417,-14.91],[-67.416,-14.907],[-67.417,-14.905],[-67.422,-14.905],[-67.424,-14.898],[-67.426,-14.897],[-67.43,-14.898],[-67.431,-14.894],[-67.429,-14.883],[-67.422,-14.881],[-67.42,-14.876],[-67.415,-14.873],[-67.413,-14.867],[-67.408,-14.866],[-67.402,-14.867],[-67.4,-14.866],[-67.401,-14.864],[-67.403,-14.862],[-67.41,-14.861],[-67.406,-14.857],[-67.403,-14.851],[-67.405,-14.847],[-67.411,-14.845],[-67.411,-14.843],[-67.409,-14.841],[-67.405,-14.844],[-67.403,-14.843],[-67.403,-14.84],[-67.41,-14.837],[-67.409,-14.834],[-67.4,-14.837],[-67.398,-14.833],[-67.4,-14.831],[-67.407,-14.83],[-67.408,-14.828],[-67.402,-14.826],[-67.396,-14.826],[-67.393,-14.82],[-67.387,-14.82],[-67.387,-14.818],[-67.389,-14.816],[-67.399,-14.817],[-67.4,-14.813],[-67.397,-14.804],[-67.394,-14.801],[-67.393,-14.794],[-67.397,-14.793],[-67.4,-14.795],[-67.404,-14.795],[-67.407,-14.78],[-67.409,-14.779],[-67.413,-14.782],[-67.416,-14.777],[-67.416,-14.774],[-67.412,-14.771],[-67.414,-14.762],[-67.417,-14.762],[-67.419,-14.766],[-67.424,-14.762],[-67.424,-14.76],[-67.42,-14.752],[-67.416,-14.747],[-67.416,-14.745],[-67.42,-14.744],[-67.423,-14.748],[-67.428,-14.748],[-67.429,-14.745],[-67.425,-14.74],[-67.426,-14.736],[-67.429,-14.735],[-67.434,-14.737],[-67.437,-14.736],[-67.439,-14.733],[-67.442,-14.731],[-67.442,-14.726],[-67.461,-14.714],[-67.47,-14.7],[-67.476,-14.699],[-67.479,-14.698],[-67.479,-14.695],[-67.475,-14.688],[-67.476,-14.687],[-67.486,-14.689],[-67.497,-14.686],[-67.498,-14.684],[-67.491,-14.681],[-67.49,-14.679],[-67.494,-14.675],[-67.503,-14.671],[-67.513,-14.659],[-67.514,-14.655],[-67.509,-14.648],[-67.51,-14.645],[-67.515,-14.643],[-67.518,-14.645],[-67.524,-14.654],[-67.527,-14.654],[-67.529,-14.652],[-67.528,-14.645],[-67.525,-14.644],[-67.521,-14.644],[-67.52,-14.642],[-67.522,-14.639],[-67.529,-14.637],[-67.529,-14.633],[-67.526,-14.627],[-67.526,-14.615],[-67.529,-14.61],[-67.537,-14.602],[-67.538,-14.596],[-67.538,-14.593],[-67.528,-14.59],[-67.523,-14.586],[-67.521,-14.582],[-67.522,-14.574],[-67.52,-14.571],[-67.504,-14.564],[-67.499,-14.561],[-67.5,-14.551],[-67.499,-14.548],[-67.499,-14.54],[-67.497,-14.522],[-67.494,-14.516],[-67.492,-14.513],[-67.486,-14.511],[-67.483,-14.508],[-67.482,-14.504],[-67.482,-14.499],[-67.485,-14.494],[-67.491,-14.493],[-67.501,-14.495],[-67.509,-14.493],[-67.517,-14.473],[-67.522,-14.469],[-67.528,-14.467],[-67.531,-14.459],[-67.531,-14.455],[-67.534,-14.45],[-67.531,-14.431],[-67.533,-14.417],[-67.55,-14.415],[-67.557,-14.411],[-67.56,-14.406],[-67.558,-14.399],[-67.543,-14.39],[-67.542,-14.386],[-67.544,-14.381],[-67.557,-14.373],[-67.558,-14.37],[-67.555,-14.367],[-67.542,-14.364],[-67.538,-14.36],[-67.536,-14.354],[-67.538,-14.345],[-67.542,-14.341],[-67.546,-14.341],[-67.549,-14.342],[-67.552,-14.346],[-67.56,-14.347],[-67.562,-14.344],[-67.561,-14.338],[-67.541,-14.325],[-67.537,-14.321],[-67.526,-14.303],[-67.517,-14.294],[-67.51,-14.291],[-67.505,-14.291],[-67.487,-14.298],[-67.483,-14.299],[-67.475,-14.295],[-67.473,-14.288],[-67.475,-14.28],[-67.484,-14.273],[-67.49,-14.27],[-67.513,-14.262],[-67.519,-14.256],[-67.52,-14.251],[-67.51,-14.235],[-67.509,-14.231],[-67.509,-14.227],[-67.513,-14.22],[-67.531,-14.199],[-67.534,-14.192],[-67.536,-14.176],[-67.535,-14.166],[-67.519,-14.137],[-67.507,-14.124],[-67.505,-14.119],[-67.505,-14.112],[-67.508,-14.107],[-67.515,-14.103],[-67.524,-14.104],[-67.54,-14.11],[-67.547,-14.103],[-67.55,-14.097],[-67.551,-14.094],[-67.548,-14.089],[-67.542,-14.087],[-67.526,-14.09],[-67.52,-14.089],[-67.517,-14.088],[-67.513,-14.083],[-67.494,-14.068],[-67.494,-14.065],[-67.498,-14.06],[-67.508,-14.057],[-67.526,-14.046],[-67.546,-14.038],[-67.548,-14.032],[-67.548,-14.027],[-67.545,-14.023],[-67.532,-14.022],[-67.529,-14.02],[-67.527,-14.017],[-67.527,-14.007],[-67.539,-13.983],[-67.539,-13.977],[-67.532,-13.966],[-67.533,-13.96],[-67.527,-13.953],[-67.495,-13.929],[-67.486,-13.92],[-67.485,-13.915],[-67.486,-13.911],[-67.49,-13.909],[-67.494,-13.909],[-67.511,-13.914],[-67.513,-13.911],[-67.512,-13.906],[-67.504,-13.896],[-67.498,-13.892],[-67.48,-13.884],[-67.478,-13.881],[-67.478,-13.873],[-67.474,-13.864],[-67.461,-13.85],[-67.46,-13.846],[-67.461,-13.842],[-67.465,-13.84],[-67.467,-13.84],[-67.482,-13.853],[-67.486,-13.854],[-67.49,-13.85],[-67.492,-13.842],[-67.496,-13.838],[-67.501,-13.835],[-67.516,-13.833],[-67.516,-13.829],[-67.513,-13.823],[-67.507,-13.816],[-67.484,-13.802],[-67.482,-13.795],[-67.485,-13.79],[-67.489,-13.79],[-67.504,-13.794],[-67.515,-13.794],[-67.521,-13.793],[-67.525,-13.789],[-67.525,-13.783],[-67.522,-13.779],[-67.509,-13.772],[-67.49,-13.769],[-67.484,-13.766],[-67.478,-13.761],[-67.474,-13.749],[-67.464,-13.745],[-67.456,-13.744],[-67.45,-13.738],[-67.451,-13.735],[-67.461,-13.726],[-67.462,-13.718],[-67.459,-13.713],[-67.452,-13.715],[-67.45,-13.72],[-67.45,-13.727],[-67.449,-13.729],[-67.435,-13.735],[-67.431,-13.736],[-67.427,-13.735],[-67.431,-13.72],[-67.431,-13.71],[-67.429,-13.707],[-67.42,-13.707],[-67.417,-13.704],[-67.419,-13.699],[-67.428,-13.692],[-67.436,-13.683],[-67.439,-13.667],[-67.439,-13.664],[-67.435,-13.658],[-67.419,-13.653],[-67.413,-13.648],[-67.393,-13.641],[-67.384,-13.64],[-67.368,-13.641],[-67.364,-13.638],[-67.365,-13.635],[-67.369,-13.632],[-67.379,-13.618],[-67.387,-13.611],[-67.388,-13.604],[-67.385,-13.601],[-67.381,-13.602],[-67.376,-13.605],[-67.374,-13.609],[-67.367,-13.611],[-67.363,-13.609],[-67.362,-13.6],[-67.365,-13.588],[-67.362,-13.583],[-67.354,-13.576],[-67.353,-13.57],[-67.358,-13.565],[-67.373,-13.57],[-67.378,-13.568],[-67.38,-13.566],[-67.378,-13.549],[-67.382,-13.539],[-67.386,-13.535],[-67.401,-13.535],[-67.404,-13.529],[-67.403,-13.526],[-67.397,-13.519],[-67.39,-13.517],[-67.38,-13.519],[-67.375,-13.516],[-67.374,-13.509],[-67.375,-13.499],[-67.369,-13.494],[-67.359,-13.491],[-67.351,-13.482],[-67.348,-13.471],[-67.351,-13.467],[-67.356,-13.467],[-67.36,-13.469],[-67.367,-13.477],[-67.371,-13.484],[-67.377,-13.486],[-67.383,-13.484],[-67.387,-13.478],[-67.391,-13.466],[-67.391,-13.461],[-67.389,-13.456],[-67.382,-13.455],[-67.365,-13.457],[-67.359,-13.455],[-67.357,-13.453],[-67.355,-13.446],[-67.355,-13.445],[-67.359,-13.443],[-67.376,-13.443],[-67.391,-13.441],[-67.396,-13.438],[-67.398,-13.43],[-67.396,-13.427],[-67.38,-13.422],[-67.377,-13.42],[-67.377,-13.417],[-67.379,-13.414],[-67.389,-13.409],[-67.391,-13.401],[-67.39,-13.397],[-67.386,-13.391],[-67.378,-13.386],[-67.334,-13.37],[-67.329,-13.366],[-67.327,-13.363],[-67.327,-13.359],[-67.33,-13.356],[-67.341,-13.354],[-67.356,-13.354],[-67.358,-13.351],[-67.357,-13.348],[-67.349,-13.34],[-67.326,-13.327],[-67.316,-13.314],[-67.3,-13.305],[-67.296,-13.299],[-67.296,-13.296],[-67.303,-13.289],[-67.303,-13.285],[-67.301,-13.278],[-67.294,-13.272],[-67.288,-13.273],[-67.288,-13.301],[-67.286,-13.304],[-67.283,-13.305],[-67.278,-13.303],[-67.266,-13.293],[-67.264,-13.287],[-67.263,-13.272],[-67.264,-13.266],[-67.267,-13.262],[-67.287,-13.26],[-67.293,-13.256],[-67.295,-13.253],[-67.295,-13.251],[-67.294,-13.248],[-67.285,-13.242],[-67.276,-13.242],[-67.272,-13.245],[-67.269,-13.254],[-67.265,-13.257],[-67.258,-13.26],[-67.251,-13.258],[-67.25,-13.252],[-67.258,-13.235],[-67.265,-13.229],[-67.268,-13.221],[-67.268,-13.216],[-67.267,-13.21],[-67.254,-13.207],[-67.246,-13.197],[-67.238,-13.194],[-67.212,-13.2],[-67.204,-13.199],[-67.198,-13.195],[-67.198,-13.189],[-67.201,-13.186],[-67.217,-13.182],[-67.226,-13.178],[-67.228,-13.175],[-67.228,-13.171],[-67.221,-13.166],[-67.194,-13.162],[-67.166,-13.167],[-67.16,-13.166],[-67.159,-13.163],[-67.161,-13.154],[-67.169,-13.135],[-67.184,-13.129],[-67.187,-13.128],[-67.187,-13.126],[-67.186,-13.122],[-67.183,-13.121],[-67.17,-13.126],[-67.166,-13.124],[-67.163,-13.111],[-67.159,-13.103],[-67.139,-13.098],[-67.134,-13.092],[-67.135,-13.089],[-67.144,-13.082],[-67.146,-13.075],[-67.148,-13.053],[-67.141,-13.047],[-67.115,-13.048],[-67.111,-13.051],[-67.117,-13.061],[-67.117,-13.066],[-67.111,-13.068],[-67.106,-13.068],[-67.102,-13.065],[-67.101,-13.053],[-67.111,-13.04],[-67.112,-13.037],[-67.111,-13.031],[-67.105,-13.027],[-67.096,-13.025],[-67.092,-13.027],[-67.092,-13.031],[-67.098,-13.037],[-67.098,-13.042],[-67.093,-13.046],[-67.09,-13.046],[-67.065,-13.029],[-67.061,-13.03],[-67.059,-13.033],[-67.061,-13.047],[-67.058,-13.051],[-67.053,-13.053],[-67.047,-13.051],[-67.043,-13.042],[-67.043,-13.013],[-67.046,-13.011],[-67.065,-13.004],[-67.069,-13.0],[-67.07,-12.994],[-67.068,-12.99],[-67.06,-12.983],[-67.043,-12.978],[-67.038,-12.974],[-67.039,-12.967],[-67.044,-12.963],[-67.047,-12.957],[-67.042,-12.942],[-67.037,-12.932],[-67.031,-12.929],[-67.021,-12.931],[-67.012,-12.929],[-67.0,-12.921],[-66.998,-12.917],[-67.0,-12.913],[-67.011,-12.91],[-67.024,-12.912],[-67.034,-12.909],[-67.036,-12.901],[-67.035,-12.892],[-67.028,-12.886],[-67.019,-12.884],[-67.012,-12.885],[-67.001,-12.89],[-66.995,-12.889],[-66.993,-12.881],[-66.994,-12.863],[-66.99,-12.851],[-66.987,-12.85],[-66.979,-12.852],[-66.976,-12.851],[-66.973,-12.847],[-66.973,-12.84],[-66.969,-12.837],[-66.961,-12.836],[-66.951,-12.844],[-66.949,-12.844],[-66.946,-12.839],[-66.943,-12.826],[-66.944,-12.823],[-66.958,-12.82],[-66.974,-12.819],[-66.983,-12.81],[-66.987,-12.792],[-66.986,-12.785],[-66.983,-12.783],[-66.981,-12.784],[-66.97,-12.793],[-66.954,-12.802],[-66.95,-12.8],[-66.948,-12.79],[-66.952,-12.782],[-66.968,-12.772],[-66.969,-12.769],[-66.967,-12.761],[-66.969,-12.754],[-66.981,-12.741],[-66.983,-12.733],[-66.98,-12.73],[-66.974,-12.728],[-66.971,-12.728],[-66.962,-12.735],[-66.959,-12.735],[-66.953,-12.728],[-66.953,-12.724],[-66.954,-12.721],[-66.961,-12.708],[-66.971,-12.697],[-66.971,-12.69],[-66.969,-12.689],[-66.958,-12.687],[-66.945,-12.69],[-66.94,-12.687],[-66.939,-12.685],[-66.947,-12.671],[-66.951,-12.668],[-66.969,-12.665],[-66.973,-12.663],[-66.975,-12.661],[-66.975,-12.657],[-66.971,-12.652],[-66.963,-12.65],[-66.957,-12.645],[-66.955,-12.641],[-66.955,-12.63],[-66.951,-12.624],[-66.946,-12.624],[-66.944,-12.626],[-66.941,-12.633],[-66.937,-12.634],[-66.93,-12.632],[-66.927,-12.63],[-66.927,-12.626],[-66.929,-12.619],[-66.94,-12.611],[-66.947,-12.599],[-66.956,-12.597],[-66.973,-12.596],[-66.977,-12.593],[-66.975,-12.576],[-66.973,-12.572],[-66.97,-12.568],[-66.947,-12.56],[-66.944,-12.557],[-66.936,-12.543],[-66.928,-12.539],[-66.919,-12.539],[-66.917,-12.534],[-66.92,-12.528],[-66.955,-12.508],[-66.961,-12.504],[-66.967,-12.49],[-66.968,-12.487],[-66.966,-12.482],[-66.964,-12.481],[-66.953,-12.475],[-66.937,-12.476],[-66.933,-12.472],[-66.935,-12.465],[-66.953,-12.446],[-66.965,-12.43],[-66.969,-12.423],[-66.97,-12.419],[-66.939,-12.399],[-66.919,-12.378],[-66.913,-12.376],[-66.899,-12.373],[-66.897,-12.369],[-66.898,-12.361],[-66.9,-12.352],[-66.907,-12.342],[-66.92,-12.334],[-66.937,-12.332],[-66.946,-12.328],[-66.949,-12.312],[-66.949,-12.305],[-66.946,-12.297],[-66.91,-12.285],[-66.897,-12.263],[-66.887,-12.251],[-66.885,-12.238],[-66.886,-12.215],[-66.889,-12.2],[-66.893,-12.194],[-66.897,-12.19],[-66.918,-12.186],[-66.921,-12.184],[-66.924,-12.173],[-66.925,-12.162],[-66.922,-12.153],[-66.876,-12.113],[-66.873,-12.106],[-66.884,-12.077],[-66.887,-12.062],[-66.889,-12.058],[-66.895,-12.055],[-66.909,-12.057],[-66.911,-12.053],[-66.91,-12.047],[-66.899,-12.023],[-66.894,-12.007],[-66.894,-12.003],[-66.902,-11.979],[-66.906,-11.953],[-66.908,-11.95],[-66.914,-11.949],[-66.922,-11.954],[-66.925,-11.955],[-66.928,-11.953],[-66.93,-11.95],[-66.931,-11.944],[-66.926,-11.935],[-66.928,-11.924],[-66.935,-11.915],[-66.946,-11.91],[-66.954,-11.911],[-66.957,-11.917],[-66.95,-11.933],[-66.95,-11.937],[-66.952,-11.94],[-66.956,-11.941],[-66.969,-11.929],[-66.974,-11.922],[-66.978,-11.914],[-66.98,-11.907],[-66.979,-11.9],[-66.976,-11.896],[-66.972,-11.895],[-66.965,-11.897],[-66.959,-11.895],[-66.956,-11.893],[-66.955,-11.88],[-66.953,-11.878],[-66.941,-11.878],[-66.919,-11.866],[-66.913,-11.863],[-66.904,-11.863],[-66.894,-11.858],[-66.857,-11.823],[-66.856,-11.817],[-66.868,-11.812],[-66.871,-11.809],[-66.873,-11.802],[-66.871,-11.793],[-66.872,-11.789],[-66.877,-11.777],[-66.88,-11.774],[-66.887,-11.773],[-66.897,-11.776],[-66.91,-11.781],[-66.915,-11.782],[-66.918,-11.781],[-66.919,-11.777],[-66.917,-11.765],[-66.91,-11.747],[-66.905,-11.744],[-66.88,-11.742],[-66.87,-11.743],[-66.867,-11.745],[-66.861,-11.755],[-66.852,-11.763],[-66.84,-11.766],[-66.838,-11.765],[-66.835,-11.74],[-66.831,-11.727],[-66.829,-11.713],[-66.826,-11.706],[-66.817,-11.697],[-66.811,-11.695],[-66.779,-11.693],[-66.775,-11.694],[-66.772,-11.697],[-66.771,-11.702],[-66.774,-11.713],[-66.783,-11.722],[-66.794,-11.727],[-66.796,-11.731],[-66.794,-11.74],[-66.791,-11.743],[-66.781,-11.745],[-66.772,-11.742],[-66.765,-11.736],[-66.764,-11.732],[-66.764,-11.712],[-66.762,-11.709],[-66.725,-11.691],[-66.712,-11.682],[-66.706,-11.671],[-66.705,-11.665],[-66.707,-11.661],[-66.709,-11.659],[-66.717,-11.656],[-66.729,-11.658],[-66.733,-11.657],[-66.736,-11.655],[-66.735,-11.652],[-66.729,-11.649],[-66.727,-11.645],[-66.722,-11.63],[-66.711,-11.618],[-66.713,-11.611],[-66.717,-11.608],[-66.721,-11.607],[-66.734,-11.608],[-66.761,-11.594],[-66.763,-11.591],[-66.762,-11.588],[-66.76,-11.585],[-66.748,-11.576],[-66.721,-11.566],[-66.697,-11.561],[-66.692,-11.561],[-66.68,-11.566],[-66.678,-11.565],[-66.676,-11.562],[-66.677,-11.539],[-66.679,-11.531],[-66.686,-11.512],[-66.696,-11.497],[-66.701,-11.493],[-66.709,-11.488],[-66.72,-11.486],[-66.729,-11.488],[-66.734,-11.484],[-66.733,-11.48],[-66.718,-11.458],[-66.705,-11.447],[-66.695,-11.443],[-66.689,-11.443],[-66.667,-11.453],[-66.651,-11.467],[-66.643,-11.473],[-66.639,-11.473],[-66.636,-11.472],[-66.634,-11.467],[-66.633,-11.462],[-66.634,-11.455],[-66.639,-11.431],[-66.639,-11.427],[-66.637,-11.425],[-66.632,-11.424],[-66.615,-11.428],[-66.591,-11.429],[-66.582,-11.428],[-66.574,-11.425],[-66.56,-11.416],[-66.554,-11.414],[-66.547,-11.414],[-66.534,-11.418],[-66.519,-11.42],[-66.515,-11.422],[-66.513,-11.426],[-66.511,-11.43],[-66.511,-11.437],[-66.507,-11.442],[-66.505,-11.443],[-66.495,-11.441],[-66.483,-11.43],[-66.47,-11.428],[-66.464,-11.424],[-66.463,-11.418],[-66.467,-11.406],[-66.465,-11.396],[-66.461,-11.392],[-66.44,-11.376],[-66.43,-11.374],[-66.39,-11.378],[-66.374,-11.375],[-66.358,-11.367],[-66.342,-11.364],[-66.327,-11.364],[-66.321,-11.361],[-66.318,-11.359],[-66.318,-11.354],[-66.319,-11.352],[-66.33,-11.349],[-66.336,-11.346],[-66.338,-11.331],[-66.331,-11.323],[-66.311,-11.316],[-66.297,-11.314],[-66.29,-11.315],[-66.272,-11.323],[-66.244,-11.34],[-66.233,-11.343],[-66.228,-11.34],[-66.225,-11.336],[-66.226,-11.329],[-66.238,-11.308],[-66.243,-11.303],[-66.27,-11.29],[-66.278,-11.278],[-66.278,-11.275],[-66.275,-11.273],[-66.271,-11.273],[-66.266,-11.275],[-66.256,-11.273],[-66.253,-11.27],[-66.251,-11.266],[-66.255,-11.258],[-66.263,-11.251],[-66.268,-11.241],[-66.27,-11.235],[-66.267,-11.217],[-66.262,-11.208],[-66.258,-11.206],[-66.253,-11.207],[-66.25,-11.209],[-66.247,-11.216],[-66.244,-11.22],[-66.241,-11.22],[-66.216,-11.212],[-66.203,-11.203],[-66.189,-11.188],[-66.186,-11.182],[-66.191,-11.145],[-66.196,-11.132],[-66.2,-11.128],[-66.214,-11.122],[-66.215,-11.119],[-66.196,-11.077],[-66.194,-11.075],[-66.186,-11.075],[-66.183,-11.077],[-66.178,-11.085],[-66.17,-11.097],[-66.165,-11.111],[-66.16,-11.131],[-66.157,-11.134],[-66.153,-11.136],[-66.138,-11.131],[-66.131,-11.125],[-66.126,-11.118],[-66.122,-11.1],[-66.123,-11.084],[-66.127,-11.076],[-66.143,-11.052],[-66.144,-11.046],[-66.142,-11.044],[-66.137,-11.042],[-66.104,-11.051],[-66.093,-11.051],[-66.092,-11.047],[-66.099,-11.043],[-66.103,-11.043],[-66.107,-11.039],[-66.108,-11.033],[-66.107,-11.023],[-66.092,-10.99],[-66.088,-10.992],[-66.081,-10.993],[-66.066,-10.991],[-66.061,-10.99],[-66.058,-10.987],[-66.047,-10.942],[-66.049,-10.914],[-66.047,-10.903],[-66.044,-10.896],[-66.038,-10.889],[-66.021,-10.879],[-66.015,-10.872],[-66.013,-10.864],[-66.015,-10.858],[-66.021,-10.855],[-66.029,-10.855],[-66.049,-10.865],[-66.056,-10.867],[-66.063,-10.866],[-66.071,-10.863],[-66.076,-10.857],[-66.076,-10.852],[-66.072,-10.848],[-66.044,-10.831],[-66.01,-10.813],[-66.001,-10.81],[-65.983,-10.799],[-65.976,-10.797],[-65.969,-10.798],[-65.935,-10.813],[-65.915,-10.827],[-65.905,-10.83],[-65.881,-10.831],[-65.86,-10.835],[-65.854,-10.834],[-65.851,-10.83],[-65.85,-10.823],[-65.849,-10.792],[-65.852,-10.784],[-65.868,-10.768],[-65.881,-10.757],[-65.903,-10.746],[-65.906,-10.741],[-65.906,-10.735],[-65.904,-10.729],[-65.896,-10.714],[-65.888,-10.701],[-65.88,-10.693],[-65.869,-10.689],[-65.864,-10.69],[-65.86,-10.693],[-65.84,-10.718],[-65.832,-10.736],[-65.827,-10.742],[-65.82,-10.744],[-65.813,-10.743],[-65.788,-10.731],[-65.753,-10.717],[-65.734,-10.707],[-65.72,-10.695],[-65.711,-10.684],[-65.702,-10.651],[-65.704,-10.645],[-65.725,-10.612],[-65.734,-10.592],[-65.734,-10.578],[-65.732,-10.572],[-65.728,-10.567],[-65.723,-10.565],[-65.71,-10.566],[-65.684,-10.564],[-65.647,-10.566],[-65.633,-10.564],[-65.624,-10.558],[-65.624,-10.546],[-65.618,-10.54],[-65.587,-10.537],[-65.58,-10.529],[-65.575,-10.52],[-65.555,-10.508],[-65.544,-10.505],[-65.536,-10.504],[-65.53,-10.501],[-65.51,-10.497],[-65.502,-10.492],[-65.494,-10.479],[-65.488,-10.462],[-65.486,-10.446],[-65.484,-10.438],[-65.472,-10.429],[-65.448,-10.415],[-65.438,-10.413],[-65.425,-10.417],[-65.408,-10.414],[-65.401,-10.407],[-65.398,-10.398],[-65.398,-10.393],[-65.391,-10.381],[-65.381,-10.398],[-65.379,-10.408],[-65.382,-10.431],[-65.391,-10.446],[-65.396,-10.448],[-65.399,-10.458],[-65.404,-10.463],[-65.407,-10.465],[-65.421,-10.463],[-65.424,-10.464],[-65.431,-10.482],[-65.43,-10.487],[-65.418,-10.497],[-65.411,-10.506],[-65.411,-10.514],[-65.412,-10.518],[-65.42,-10.527],[-65.422,-10.53],[-65.42,-10.536],[-65.417,-10.542],[-65.408,-10.549],[-65.405,-10.553],[-65.402,-10.568],[-65.396,-10.582],[-65.398,-10.589],[-65.409,-10.598],[-65.41,-10.602],[-65.411,-10.612],[-65.409,-10.618],[-65.405,-10.62],[-65.403,-10.626],[-65.406,-10.637],[-65.405,-10.641],[-65.399,-10.645],[-65.393,-10.646],[-65.379,-10.645],[-65.374,-10.646],[-65.353,-10.663],[-65.349,-10.67],[-65.343,-10.704],[-65.345,-10.722],[-65.349,-10.734],[-65.349,-10.743],[-65.344,-10.76],[-65.344,-10.766],[-65.344,-10.771],[-65.348,-10.778],[-65.361,-10.785],[-65.362,-10.792],[-65.359,-10.796],[-65.353,-10.799],[-65.316,-10.826],[-65.299,-10.848],[-65.279,-10.866],[-65.274,-10.875],[-65.268,-10.901],[-65.266,-10.916],[-65.267,-10.925],[-65.274,-10.945],[-65.273,-10.955],[-65.268,-10.964],[-65.259,-10.973],[-65.251,-10.984],[-65.252,-10.992],[-65.257,-10.995],[-65.269,-11.0],[-65.277,-11.006],[-65.297,-11.025],[-65.301,-11.029],[-65.302,-11.036],[-65.284,-11.056],[-65.28,-11.065],[-65.279,-11.074],[-65.283,-11.09],[-65.289,-11.094],[-65.295,-11.097],[-65.319,-11.101],[-65.34,-11.113],[-65.351,-11.122],[-65.357,-11.129],[-65.361,-11.136],[-65.362,-11.143],[-65.363,-11.148],[-65.357,-11.166],[-65.356,-11.18],[-65.351,-11.187],[-65.346,-11.188],[-65.332,-11.182],[-65.326,-11.182],[-65.317,-11.188],[-65.315,-11.193],[-65.316,-11.2],[-65.322,-11.207],[-65.327,-11.209],[-65.349,-11.211],[-65.355,-11.214],[-65.359,-11.219],[-65.362,-11.224],[-65.36,-11.261],[-65.352,-11.29],[-65.347,-11.302],[-65.343,-11.31],[-65.337,-11.313],[-65.307,-11.316],[-65.293,-11.316],[-65.29,-11.321],[-65.291,-11.327],[-65.294,-11.332],[-65.299,-11.335],[-65.313,-11.336],[-65.326,-11.334],[-65.33,-11.335],[-65.334,-11.34],[-65.334,-11.348],[-65.333,-11.361],[-65.329,-11.376],[-65.322,-11.428],[-65.312,-11.47],[-65.31,-11.491],[-65.309,-11.497],[-65.305,-11.501],[-65.287,-11.505],[-65.261,-11.513],[-65.226,-11.516],[-65.218,-11.52],[-65.213,-11.527],[-65.212,-11.534],[-65.212,-11.542],[-65.229,-11.555],[-65.232,-11.56],[-65.233,-11.567],[-65.229,-11.583],[-65.233,-11.611],[-65.232,-11.617],[-65.225,-11.627],[-65.222,-11.638],[-65.222,-11.651],[-65.225,-11.665],[-65.234,-11.678],[-65.26,-11.699],[-65.261,-11.703],[-65.261,-11.708],[-65.257,-11.714],[-65.246,-11.725],[-65.218,-11.744],[-65.185,-11.757],[-65.18,-11.756],[-65.175,-11.754],[-65.174,-11.75],[-65.174,-11.747],[-65.186,-11.74],[-65.191,-11.736],[-65.193,-11.732],[-65.193,-11.728],[-65.19,-11.724],[-65.184,-11.721],[-65.147,-11.721],[-65.132,-11.723],[-65.127,-11.721],[-65.112,-11.708],[-65.103,-11.704],[-65.097,-11.704],[-65.09,-11.706],[-65.083,-11.713],[-65.083,-11.731],[-65.08,-11.741],[-65.063,-11.775],[-65.06,-11.798],[-65.063,-11.829],[-65.074,-11.858],[-65.074,-11.866],[-65.069,-11.875],[-65.063,-11.882],[-65.057,-11.886],[-65.025,-11.888],[-65.018,-11.896],[-65.017,-11.908],[-65.022,-11.928],[-65.027,-11.942],[-65.041,-11.959],[-65.043,-11.964],[-65.041,-11.968],[-65.031,-11.966],[-65.028,-11.972],[-65.029,-11.975],[-65.038,-11.986],[-65.036,-11.996],[-65.032,-11.998],[-65.027,-11.999],[-65.021,-11.999],[-65.012,-11.994],[-65.003,-11.995],[-64.997,-11.999],[-64.993,-12.007],[-64.986,-12.015],[-64.978,-12.019],[-64.974,-12.019],[-64.971,-12.015],[-64.969,-12.006],[-64.963,-11.997],[-64.954,-11.994],[-64.947,-11.994],[-64.93,-12.023],[-64.926,-12.027],[-64.921,-12.028],[-64.914,-12.028],[-64.9,-12.02],[-64.88,-12.013],[-64.86,-12.012],[-64.847,-12.009],[-64.835,-12.013],[-64.828,-12.02],[-64.823,-12.031],[-64.814,-12.042],[-64.81,-12.059],[-64.812,-12.065],[-64.817,-12.072],[-64.832,-12.078],[-64.84,-12.087],[-64.845,-12.097],[-64.842,-12.11],[-64.834,-12.12],[-64.826,-12.121],[-64.822,-12.119],[-64.809,-12.09],[-64.804,-12.087],[-64.797,-12.085],[-64.79,-12.085],[-64.777,-12.09],[-64.765,-12.097],[-64.76,-12.108],[-64.76,-12.114],[-64.77,-12.137],[-64.769,-12.148],[-64.764,-12.153],[-64.754,-12.157],[-64.748,-12.155],[-64.743,-12.149],[-64.74,-12.141],[-64.735,-12.118],[-64.739,-12.101],[-64.737,-12.096],[-64.728,-12.09],[-64.717,-12.085],[-64.709,-12.086],[-64.701,-12.093],[-64.699,-12.101],[-64.714,-12.12],[-64.718,-12.138],[-64.718,-12.148],[-64.715,-12.167],[-64.703,-12.182],[-64.694,-12.187],[-64.657,-12.195],[-64.616,-12.217],[-64.609,-12.218],[-64.589,-12.212],[-64.578,-12.211],[-64.573,-12.214],[-64.562,-12.233],[-64.559,-12.236],[-64.552,-12.239],[-64.547,-12.24],[-64.524,-12.224],[-64.514,-12.223],[-64.509,-12.227],[-64.496,-12.268],[-64.494,-12.289],[-64.499,-12.324],[-64.501,-12.328],[-64.512,-12.338],[-64.515,-12.343],[-64.515,-12.349],[-64.509,-12.361],[-64.505,-12.364],[-64.492,-12.368],[-64.476,-12.38],[-64.463,-12.384],[-64.454,-12.396],[-64.448,-12.407],[-64.435,-12.418],[-64.423,-12.435],[-64.406,-12.447],[-64.392,-12.449],[-64.376,-12.453],[-64.373,-12.454],[-64.367,-12.46],[-64.344,-12.457],[-64.317,-12.456],[-64.295,-12.458],[-64.292,-12.46],[-64.292,-12.471],[-64.298,-12.483],[-64.3,-12.492],[-64.297,-12.5],[-64.293,-12.502],[-64.284,-12.503],[-64.279,-12.5],[-64.266,-12.484],[-64.248,-12.475],[-64.24,-12.459],[-64.236,-12.456],[-64.231,-12.454],[-64.223,-12.46],[-64.21,-12.462],[-64.198,-12.473],[-64.193,-12.473],[-64.182,-12.466],[-64.174,-12.467],[-64.173,-12.476],[-64.174,-12.505],[-64.17,-12.512],[-64.164,-12.514],[-64.158,-12.514],[-64.153,-12.511],[-64.143,-12.502],[-64.146,-12.488],[-64.145,-12.482],[-64.142,-12.479],[-64.138,-12.478],[-64.129,-12.48],[-64.124,-12.487],[-64.125,-12.502],[-64.125,-12.505],[-64.123,-12.506],[-64.116,-12.503],[-64.111,-12.498],[-64.103,-12.493],[-64.101,-12.487],[-64.093,-12.486],[-64.089,-12.488],[-64.088,-12.495],[-64.086,-12.499],[-64.079,-12.5],[-64.074,-12.499],[-64.066,-12.49],[-64.06,-12.49],[-64.058,-12.491],[-64.05,-12.501],[-64.043,-12.515],[-64.039,-12.516],[-64.032,-12.516],[-64.025,-12.51],[-64.021,-12.51],[-64.015,-12.512],[-64.013,-12.516],[-64.01,-12.518],[-64.007,-12.517],[-64.004,-12.515],[-64.002,-12.502],[-63.996,-12.501],[-63.991,-12.504],[-63.963,-12.529],[-63.957,-12.531],[-63.951,-12.531],[-63.941,-12.526],[-63.926,-12.512],[-63.918,-12.51],[-63.909,-12.509],[-63.899,-12.503],[-63.897,-12.5],[-63.9,-12.476],[-63.895,-12.471],[-63.892,-12.466],[-63.891,-12.461],[-63.891,-12.452],[-63.887,-12.446],[-63.881,-12.445],[-63.876,-12.446],[-63.87,-12.451],[-63.857,-12.458],[-63.835,-12.464],[-63.826,-12.46],[-63.823,-12.453],[-63.817,-12.446],[-63.805,-12.448],[-63.799,-12.445],[-63.791,-12.431],[-63.788,-12.429],[-63.785,-12.429],[-63.766,-12.441],[-63.733,-12.438],[-63.689,-12.45],[-63.684,-12.453],[-63.678,-12.46],[-63.672,-12.462],[-63.666,-12.464],[-63.653,-12.464],[-63.633,-12.472],[-63.626,-12.472],[-63.622,-12.475],[-63.619,-12.479],[-63.612,-12.486],[-63.589,-12.492],[-63.58,-12.5],[-63.566,-12.502],[-63.557,-12.505],[-63.551,-12.508],[-63.546,-12.515],[-63.54,-12.523],[-63.532,-12.54],[-63.509,-12.562],[-63.502,-12.565],[-63.493,-12.566],[-63.474,-12.561],[-63.454,-12.561],[-63.437,-12.564],[-63.436,-12.566],[-63.438,-12.576],[-63.438,-12.583],[-63.435,-12.587],[-63.428,-12.593],[-63.427,-12.595],[-63.429,-12.597],[-63.44,-12.599],[-63.442,-12.601],[-63.442,-12.605],[-63.44,-12.607],[-63.436,-12.608],[-63.417,-12.607],[-63.41,-12.612],[-63.406,-12.619],[-63.404,-12.63],[-63.401,-12.635],[-63.39,-12.648],[-63.371,-12.66],[-63.364,-12.659],[-63.356,-12.657],[-63.349,-12.657],[-63.326,-12.672],[-63.29,-12.683],[-63.279,-12.685],[-63.264,-12.684],[-63.241,-12.691],[-63.235,-12.688],[-63.232,-12.683],[-63.24,-12.675],[-63.241,-12.67],[-63.246,-12.665],[-63.245,-12.662],[-63.24,-12.661],[-63.236,-12.663],[-63.229,-12.663],[-63.217,-12.656],[-63.198,-12.655],[-63.195,-12.654],[-63.19,-12.646],[-63.19,-12.642],[-63.197,-12.632],[-63.196,-12.627],[-63.193,-12.624],[-63.191,-12.623],[-63.185,-12.626],[-63.179,-12.632],[-63.176,-12.638],[-63.171,-12.642],[-63.164,-12.641],[-63.162,-12.637],[-63.168,-12.623],[-63.162,-12.614],[-63.157,-12.614],[-63.154,-12.621],[-63.154,-12.627],[-63.153,-12.633],[-63.147,-12.638],[-63.137,-12.639],[-63.139,-12.646],[-63.134,-12.648],[-63.127,-12.645],[-63.121,-12.655],[-63.116,-12.658],[-63.113,-12.659],[-63.101,-12.655],[-63.098,-12.656],[-63.093,-12.66],[-63.091,-12.667],[-63.093,-12.671],[-63.099,-12.678],[-63.098,-12.682],[-63.092,-12.684],[-63.078,-12.686],[-63.067,-12.683],[-63.062,-12.686],[-63.061,-12.69],[-63.062,-12.694],[-63.081,-12.707],[-63.082,-12.713],[-63.081,-12.724],[-63.079,-12.728],[-63.076,-12.73],[-63.067,-12.731],[-63.063,-12.728],[-63.058,-12.728],[-63.05,-12.734],[-63.039,-12.757],[-63.04,-12.765],[-63.036,-12.769],[-63.035,-12.779],[-63.027,-12.783],[-63.02,-12.791],[-63.019,-12.793],[-63.022,-12.804],[-63.018,-12.807],[-63.011,-12.808],[-63.009,-12.811],[-63.009,-12.816],[-63.014,-12.823],[-63.013,-12.832],[-63.011,-12.836],[-63.005,-12.84],[-62.998,-12.842],[-62.993,-12.841],[-62.989,-12.837],[-62.986,-12.838],[-62.984,-12.843],[-62.983,-12.853],[-62.977,-12.86],[-62.973,-12.859],[-62.965,-12.849],[-62.959,-12.847],[-62.952,-12.849],[-62.95,-12.857],[-62.948,-12.859],[-62.945,-12.858],[-62.944,-12.857],[-62.941,-12.844],[-62.933,-12.84],[-62.92,-12.841],[-62.918,-12.842],[-62.91,-12.852],[-62.895,-12.857],[-62.892,-12.862],[-62.894,-12.872],[-62.893,-12.877],[-62.881,-12.889],[-62.877,-12.895],[-62.873,-12.908],[-62.869,-12.912],[-62.862,-12.912],[-62.857,-12.918],[-62.848,-12.921],[-62.844,-12.924],[-62.843,-12.929],[-62.844,-12.932],[-62.851,-12.94],[-62.848,-12.947],[-62.843,-12.95],[-62.839,-12.947],[-62.832,-12.936],[-62.828,-12.934],[-62.812,-12.938],[-62.807,-12.94],[-62.805,-12.948],[-62.81,-12.961],[-62.808,-12.971],[-62.805,-12.978],[-62.8,-12.984],[-62.796,-12.996],[-62.78,-13.008],[-62.77,-13.011],[-62.763,-13.016],[-62.758,-13.018],[-62.756,-13.016],[-62.752,-13.0],[-62.75,-12.998],[-62.746,-12.999],[-62.744,-13.001],[-62.744,-13.008],[-62.738,-13.015],[-62.737,-13.02],[-62.733,-13.022],[-62.728,-13.019],[-62.726,-13.014],[-62.729,-13.007],[-62.727,-13.001],[-62.722,-13.001],[-62.715,-13.004],[-62.713,-13.004],[-62.708,-13.0],[-62.699,-13.002],[-62.698,-13.002],[-62.698,-12.994],[-62.695,-12.99],[-62.679,-12.992],[-62.668,-12.983],[-62.661,-12.969],[-62.654,-12.965],[-62.651,-12.964],[-62.647,-12.967],[-62.646,-12.969],[-62.648,-12.976],[-62.653,-12.984],[-62.653,-12.99],[-62.648,-12.993],[-62.641,-12.988],[-62.634,-12.988],[-62.631,-12.992],[-62.63,-12.995],[-62.632,-13.007],[-62.63,-13.014],[-62.627,-13.016],[-62.619,-13.016],[-62.615,-13.012],[-62.608,-13.01],[-62.603,-13.012],[-62.6,-13.015],[-62.601,-13.017],[-62.611,-13.022],[-62.615,-13.029],[-62.615,-13.036],[-62.609,-13.043],[-62.559,-13.064],[-62.55,-13.071],[-62.544,-13.073],[-62.539,-13.074],[-62.526,-13.066],[-62.522,-13.066],[-62.508,-13.079],[-62.5,-13.082],[-62.487,-13.079],[-62.485,-13.077],[-62.483,-13.071],[-62.484,-13.059],[-62.48,-13.058],[-62.474,-13.059],[-62.473,-13.062],[-62.474,-13.074],[-62.473,-13.077],[-62.469,-13.079],[-62.462,-13.077],[-62.46,-13.078],[-62.459,-13.085],[-62.456,-13.087],[-62.45,-13.087],[-62.442,-13.08],[-62.437,-13.08],[-62.435,-13.083],[-62.436,-13.096],[-62.435,-13.1],[-62.431,-13.106],[-62.42,-13.116],[-62.416,-13.128],[-62.411,-13.127],[-62.401,-13.114],[-62.399,-13.113],[-62.396,-13.115],[-62.395,-13.118],[-62.398,-13.126],[-62.397,-13.13],[-62.392,-13.134],[-62.383,-13.131],[-62.374,-13.14],[-62.368,-13.14],[-62.362,-13.139],[-62.354,-13.143],[-62.346,-13.138],[-62.341,-13.137],[-62.338,-13.14],[-62.342,-13.145],[-62.342,-13.148],[-62.337,-13.149],[-62.334,-13.142],[-62.329,-13.14],[-62.326,-13.143],[-62.324,-13.15],[-62.321,-13.151],[-62.319,-13.149],[-62.318,-13.136],[-62.314,-13.134],[-62.308,-13.138],[-62.304,-13.139],[-62.301,-13.147],[-62.298,-13.15],[-62.294,-13.148],[-62.293,-13.143],[-62.292,-13.141],[-62.287,-13.14],[-62.284,-13.144],[-62.279,-13.154],[-62.275,-13.157],[-62.272,-13.155],[-62.272,-13.153],[-62.276,-13.15],[-62.277,-13.147],[-62.275,-13.145],[-62.269,-13.147],[-62.264,-13.153],[-62.261,-13.151],[-62.265,-13.148],[-62.264,-13.145],[-62.26,-13.146],[-62.244,-13.143],[-62.242,-13.131],[-62.245,-13.122],[-62.243,-13.117],[-62.238,-13.116],[-62.232,-13.12],[-62.227,-13.12],[-62.223,-13.112],[-62.217,-13.111],[-62.209,-13.113],[-62.2,-13.126],[-62.199,-13.133],[-62.201,-13.141],[-62.2,-13.146],[-62.198,-13.151],[-62.192,-13.153],[-62.186,-13.15],[-62.177,-13.141],[-62.177,-13.137],[-62.183,-13.126],[-62.182,-13.119],[-62.176,-13.113],[-62.169,-13.113],[-62.166,-13.118],[-62.169,-13.133],[-62.167,-13.136],[-62.162,-13.139],[-62.161,-13.143],[-62.155,-13.145],[-62.151,-13.149],[-62.151,-13.161],[-62.149,-13.162],[-62.144,-13.161],[-62.138,-13.151],[-62.135,-13.149],[-62.127,-13.148],[-62.12,-13.152],[-62.116,-13.159],[-62.115,-13.168],[-62.118,-13.177],[-62.115,-13.189],[-62.114,-13.205],[-62.109,-13.221],[-62.11,-13.227],[-62.109,-13.235],[-62.111,-13.241],[-62.109,-13.247],[-62.11,-13.251],[-62.115,-13.257],[-62.113,-13.26],[-62.107,-13.267],[-62.1,-13.27],[-62.096,-13.274],[-62.092,-13.281],[-62.085,-13.282],[-62.081,-13.28],[-62.071,-13.283],[-62.07,-13.286],[-62.074,-13.291],[-62.073,-13.296],[-62.068,-13.295],[-62.061,-13.287],[-62.058,-13.289],[-62.057,-13.29],[-62.059,-13.303],[-62.058,-13.31],[-62.055,-13.314],[-62.046,-13.317],[-62.036,-13.329],[-62.029,-13.329],[-62.02,-13.326],[-62.017,-13.328],[-62.015,-13.331],[-62.014,-13.336],[-62.016,-13.352],[-62.01,-13.362],[-62.002,-13.367],[-62.002,-13.372],[-62.0,-13.374],[-61.996,-13.374],[-61.994,-13.371],[-61.995,-13.368],[-62.0,-13.366],[-62.0,-13.363],[-61.998,-13.363],[-61.992,-13.366],[-61.984,-13.364],[-61.98,-13.365],[-61.975,-13.368],[-61.972,-13.375],[-61.971,-13.384],[-61.962,-13.386],[-61.964,-13.395],[-61.97,-13.405],[-61.969,-13.408],[-61.955,-13.408],[-61.953,-13.409],[-61.95,-13.415],[-61.947,-13.416],[-61.942,-13.409],[-61.938,-13.408],[-61.933,-13.412],[-61.929,-13.425],[-61.915,-13.433],[-61.908,-13.433],[-61.903,-13.427],[-61.897,-13.427],[-61.891,-13.435],[-61.887,-13.445],[-61.881,-13.472],[-61.884,-13.495],[-61.873,-13.509],[-61.869,-13.526],[-61.856,-13.538],[-61.852,-13.538],[-61.849,-13.536],[-61.848,-13.528],[-61.846,-13.527],[-61.841,-13.527],[-61.837,-13.53],[-61.832,-13.532],[-61.826,-13.522],[-61.824,-13.522],[-61.818,-13.527],[-61.806,-13.528],[-61.791,-13.537],[-61.787,-13.538],[-61.782,-13.537],[-61.778,-13.532],[-61.777,-13.527],[-61.777,-13.519],[-61.772,-13.516],[-61.766,-13.525],[-61.766,-13.538],[-61.764,-13.54],[-61.758,-13.54],[-61.753,-13.534],[-61.758,-13.526],[-61.754,-13.519],[-61.747,-13.52],[-61.741,-13.526],[-61.732,-13.527],[-61.731,-13.524],[-61.735,-13.519],[-61.733,-13.517],[-61.731,-13.516],[-61.727,-13.521],[-61.724,-13.522],[-61.703,-13.515],[-61.704,-13.511],[-61.703,-13.51],[-61.697,-13.51],[-61.695,-13.509],[-61.694,-13.506],[-61.696,-13.499],[-61.695,-13.498],[-61.688,-13.507],[-61.683,-13.507],[-61.677,-13.504],[-61.668,-13.505],[-61.66,-13.514],[-61.653,-13.516],[-61.649,-13.519],[-61.645,-13.516],[-61.648,-13.51],[-61.646,-13.507],[-61.64,-13.506],[-61.63,-13.514],[-61.624,-13.515],[-61.619,-13.508],[-61.614,-13.511],[-61.608,-13.511],[-61.603,-13.502],[-61.588,-13.502],[-61.583,-13.497],[-61.585,-13.492],[-61.584,-13.489],[-61.578,-13.487],[-61.574,-13.49],[-61.573,-13.493],[-61.578,-13.504],[-61.579,-13.508],[-61.577,-13.513],[-61.572,-13.517],[-61.567,-13.52],[-61.554,-13.518],[-61.542,-13.526],[-61.54,-13.525],[-61.536,-13.521],[-61.533,-13.521],[-61.528,-13.53]]]}},{"type":"Feature","properties":{"shapeName":"Chuquisaca"},"geometry":{"type":"Polygon","coordinates":[[[-65.346,-18.418],[-65.333,-18.423],[-65.33,-18.426],[-65.334,-18.432],[-65.334,-18.443],[-65.336,-18.448],[-65.335,-18.454],[-65.332,-18.458],[-65.328,-18.459],[-65.326,-18.459],[-65.32,-18.453],[-65.318,-18.447],[-65.312,-18.443],[-65.31,-18.443],[-65.297,-18.456],[-65.296,-18.46],[-65.292,-18.464],[-65.29,-18.47],[-65.289,-18.475],[-65.293,-18.486],[-65.292,-18.492],[-65.288,-18.496],[-65.288,-18.501],[-65.283,-18.503],[-65.278,-18.509],[-65.262,-18.507],[-65.253,-18.504],[-65.246,-18.506],[-65.247,-18.52],[-65.243,-18.526],[-65.245,-18.534],[-65.239,-18.547],[-65.238,-18.556],[-65.239,-18.563],[-65.245,-18.58],[-65.246,-18.592],[-65.245,-18.596],[-65.248,-18.601],[-65.244,-18.611],[-65.234,-18.613],[-65.215,-18.611],[-65.211,-18.614],[-65.207,-18.618],[-65.206,-18.623],[-65.203,-18.624],[-65.184,-18.618],[-65.176,-18.619],[-65.169,-18.612],[-65.164,-18.61],[-65.155,-18.613],[-65.147,-18.606],[-65.147,-18.614],[-65.145,-18.617],[-65.132,-18.625],[-65.127,-18.626],[-65.122,-18.633],[-65.114,-18.633],[-65.109,-18.637],[-65.102,-18.64],[-65.1,-18.649],[-65.097,-18.657],[-65.089,-18.658],[-65.085,-18.662],[-65.077,-18.659],[-65.058,-18.675],[-65.05,-18.675],[-65.047,-18.679],[-65.044,-18.682],[-65.04,-18.679],[-65.032,-18.669],[-65.036,-18.663],[-65.039,-18.649],[-65.044,-18.652],[-65.048,-18.646],[-65.049,-18.641],[-65.048,-18.634],[-65.051,-18.63],[-65.045,-18.624],[-65.048,-18.613],[-65.046,-18.612],[-65.039,-18.609],[-65.038,-18.601],[-65.035,-18.599],[-65.031,-18.598],[-65.026,-18.599],[-65.021,-18.599],[-65.022,-18.593],[-65.021,-18.584],[-65.016,-18.581],[-65.014,-18.577],[-65.005,-18.573],[-65.001,-18.566],[-65.001,-18.559],[-64.995,-18.557],[-64.99,-18.561],[-64.986,-18.559],[-64.983,-18.561],[-64.975,-18.559],[-64.971,-18.555],[-64.966,-18.556],[-64.959,-18.553],[-64.957,-18.552],[-64.96,-18.543],[-64.953,-18.54],[-64.95,-18.536],[-64.936,-18.53],[-64.932,-18.518],[-64.914,-18.511],[-64.908,-18.504],[-64.902,-18.503],[-64.888,-18.498],[-64.884,-18.494],[-64.879,-18.492],[-64.875,-18.489],[-64.873,-18.489],[-64.871,-18.492],[-64.866,-18.491],[-64.863,-18.494],[-64.858,-18.487],[-64.851,-18.489],[-64.843,-18.484],[-64.84,-18.484],[-64.831,-18.49],[-64.827,-18.49],[-64.819,-18.488],[-64.812,-18.49],[-64.807,-18.488],[-64.799,-18.494],[-64.797,-18.502],[-64.786,-18.516],[-64.788,-18.521],[-64.784,-18.526],[-64.771,-18.529],[-64.764,-18.529],[-64.75,-18.535],[-64.743,-18.534],[-64.735,-18.538],[-64.726,-18.534],[-64.722,-18.537],[-64.712,-18.535],[-64.705,-18.54],[-64.703,-18.538],[-64.701,-18.53],[-64.697,-18.53],[-64.694,-18.538],[-64.686,-18.539],[-64.682,-18.542],[-64.675,-18.561],[-64.671,-18.566],[-64.663,-18.571],[-64.652,-18.572],[-64.643,-18.589],[-64.643,-18.592],[-64.648,-18.595],[-64.647,-18.603],[-64.643,-18.605],[-64.637,-18.604],[-64.634,-18.617],[-64.624,-18.623],[-64.622,-18.633],[-64.612,-18.639],[-64.608,-18.643],[-64.602,-18.643],[-64.595,-18.644],[-64.584,-18.653],[-64.574,-18.654],[-64.564,-18.662],[-64.56,-18.672],[-64.558,-18.675],[-64.545,-18.674],[-64.54,-18.676],[-64.533,-18.675],[-64.52,-18.676],[-64.518,-18.676],[-64.514,-18.67],[-64.511,-18.667],[-64.508,-18.67],[-64.5,-18.671],[-64.491,-18.672],[-64.479,-18.668],[-64.47,-18.668],[-64.464,-18.664],[-64.457,-18.654],[-64.453,-18.653],[-64.446,-18.653],[-64.44,-18.65],[-64.438,-18.641],[-64.433,-18.632],[-64.43,-18.63],[-64.424,-18.628],[-64.416,-18.629],[-64.398,-18.622],[-64.389,-18.623],[-64.386,-18.625],[-64.381,-18.622],[-64.371,-18.623],[-64.366,-18.621],[-64.364,-18.616],[-64.361,-18.615],[-64.361,-18.627],[-64.358,-18.639],[-64.353,-18.647],[-64.346,-18.663],[-64.341,-18.668],[-64.329,-18.665],[-64.325,-18.67],[-64.315,-18.668],[-64.311,-18.67],[-64.313,-18.677],[-64.31,-18.686],[-64.31,-18.702],[-64.312,-18.715],[-64.32,-18.727],[-64.318,-18.739],[-64.309,-18.75],[-64.311,-18.752],[-64.316,-18.754],[-64.318,-18.757],[-64.316,-18.761],[-64.303,-18.764],[-64.298,-18.766],[-64.292,-18.779],[-64.287,-18.786],[-64.283,-18.813],[-64.289,-18.819],[-64.29,-18.823],[-64.284,-18.828],[-64.277,-18.837],[-64.268,-18.838],[-64.264,-18.836],[-64.258,-18.837],[-64.253,-18.843],[-64.248,-18.845],[-64.239,-18.86],[-64.233,-18.859],[-64.229,-18.865],[-64.224,-18.869],[-64.223,-18.874],[-64.223,-18.878],[-64.217,-18.88],[-64.213,-18.882],[-64.214,-18.893],[-64.212,-18.896],[-64.206,-18.9],[-64.2,-18.908],[-64.2,-18.913],[-64.202,-18.917],[-64.197,-18.924],[-64.197,-18.927],[-64.202,-18.937],[-64.2,-18.939],[-64.197,-18.938],[-64.196,-18.939],[-64.194,-18.944],[-64.196,-18.948],[-64.192,-18.952],[-64.188,-18.952],[-64.185,-18.961],[-64.176,-18.958],[-64.172,-18.966],[-64.164,-18.969],[-64.159,-18.969],[-64.158,-18.967],[-64.153,-18.97],[-64.145,-18.967],[-64.141,-18.969],[-64.13,-18.964],[-64.123,-18.969],[-64.12,-18.972],[-64.111,-18.971],[-64.106,-18.973],[-64.103,-18.973],[-64.101,-18.976],[-64.1,-18.986],[-64.098,-18.99],[-64.09,-18.992],[-64.092,-18.995],[-64.09,-19.001],[-64.082,-18.996],[-64.078,-19.001],[-64.068,-19.005],[-64.063,-19.017],[-64.066,-19.027],[-64.058,-19.03],[-64.053,-19.038],[-64.053,-19.04],[-64.058,-19.042],[-64.055,-19.046],[-64.058,-19.049],[-64.052,-19.052],[-64.046,-19.058],[-64.05,-19.065],[-64.042,-19.079],[-64.044,-19.084],[-64.043,-19.088],[-64.045,-19.093],[-64.045,-19.097],[-64.043,-19.099],[-64.04,-19.098],[-64.036,-19.1],[-64.036,-19.101],[-64.041,-19.104],[-64.041,-19.106],[-64.032,-19.113],[-64.037,-19.117],[-64.041,-19.116],[-64.044,-19.118],[-64.041,-19.121],[-64.042,-19.128],[-64.039,-19.131],[-64.032,-19.132],[-64.03,-19.149],[-64.028,-19.15],[-64.024,-19.15],[-64.022,-19.153],[-64.023,-19.155],[-64.022,-19.16],[-64.024,-19.164],[-64.019,-19.167],[-64.017,-19.174],[-64.012,-19.179],[-64.009,-19.18],[-64.008,-19.176],[-64.004,-19.18],[-64.001,-19.18],[-63.995,-19.182],[-63.978,-19.179],[-63.972,-19.181],[-63.968,-19.179],[-63.961,-19.173],[-63.955,-19.177],[-63.953,-19.175],[-63.95,-19.176],[-63.945,-19.183],[-63.942,-19.178],[-63.934,-19.177],[-63.931,-19.178],[-63.93,-19.182],[-63.925,-19.184],[-63.919,-19.183],[-63.92,-19.179],[-63.925,-19.176],[-63.92,-19.17],[-63.907,-19.16],[-63.908,-19.156],[-63.913,-19.153],[-63.909,-19.133],[-63.914,-19.129],[-63.912,-19.127],[-63.91,-19.121],[-63.907,-19.118],[-63.908,-19.114],[-63.905,-19.111],[-63.906,-19.107],[-63.91,-19.103],[-63.91,-19.101],[-63.909,-19.099],[-63.906,-19.099],[-63.904,-19.096],[-63.911,-19.088],[-63.91,-19.084],[-63.911,-19.064],[-63.908,-19.048],[-63.905,-19.046],[-63.899,-19.047],[-63.897,-19.046],[-63.898,-19.042],[-63.904,-19.037],[-63.902,-19.032],[-63.895,-19.036],[-63.891,-19.034],[-63.89,-19.03],[-63.884,-19.029],[-63.872,-19.037],[-63.866,-19.038],[-63.862,-19.035],[-63.856,-19.037],[-63.848,-19.037],[-63.845,-19.04],[-63.842,-19.041],[-63.839,-19.05],[-63.833,-19.051],[-63.831,-19.049],[-63.823,-19.049],[-63.814,-19.046],[-63.809,-19.055],[-63.795,-19.043],[-63.779,-19.049],[-63.778,-19.047],[-63.781,-19.039],[-63.78,-19.037],[-63.769,-19.032],[-63.761,-19.036],[-63.755,-19.036],[-63.743,-19.042],[-63.736,-19.039],[-63.737,-19.032],[-63.731,-19.03],[-63.722,-19.038],[-63.721,-19.041],[-63.723,-19.046],[-63.722,-19.048],[-63.716,-19.045],[-63.705,-19.043],[-63.708,-19.045],[-63.707,-19.05],[-63.709,-19.052],[-63.708,-19.054],[-63.709,-19.065],[-63.711,-19.066],[-63.711,-19.069],[-63.714,-19.071],[-63.711,-19.073],[-63.711,-19.077],[-63.715,-19.085],[-63.715,-19.091],[-63.717,-19.097],[-63.719,-19.097],[-63.72,-19.1],[-63.719,-19.106],[-63.72,-19.11],[-63.719,-19.113],[-63.721,-19.114],[-63.72,-19.116],[-63.723,-19.119],[-63.728,-19.122],[-63.731,-19.126],[-63.732,-19.13],[-63.734,-19.132],[-63.736,-19.146],[-63.74,-19.148],[-63.744,-19.159],[-63.746,-19.175],[-63.744,-19.181],[-63.745,-19.185],[-63.736,-19.203],[-63.739,-19.209],[-63.738,-19.216],[-63.728,-19.227],[-63.723,-19.243],[-63.723,-19.252],[-63.718,-19.261],[-63.714,-19.272],[-63.719,-19.279],[-63.72,-19.312],[-63.718,-19.317],[-63.721,-19.322],[-63.721,-19.335],[-63.725,-19.34],[-63.723,-19.344],[-63.729,-19.349],[-63.725,-19.364],[-63.72,-19.366],[-63.719,-19.37],[-63.713,-19.376],[-63.717,-19.381],[-63.724,-19.393],[-63.718,-19.398],[-63.717,-19.402],[-63.717,-19.407],[-63.721,-19.417],[-63.718,-19.422],[-63.715,-19.423],[-63.715,-19.428],[-63.718,-19.44],[-63.706,-19.469],[-63.708,-19.474],[-63.703,-19.484],[-63.703,-19.487],[-63.706,-19.494],[-63.705,-19.503],[-63.702,-19.506],[-63.708,-19.509],[-63.71,-19.513],[-63.707,-19.528],[-63.709,-19.534],[-63.711,-19.536],[-63.708,-19.543],[-63.709,-19.546],[-63.712,-19.545],[-63.712,-19.548],[-63.714,-19.55],[-63.71,-19.553],[-63.712,-19.556],[-63.71,-19.573],[-63.705,-19.577],[-63.702,-19.587],[-63.698,-19.589],[-63.692,-19.594],[-63.694,-19.595],[-63.694,-19.603],[-63.698,-19.602],[-63.7,-19.609],[-63.705,-19.614],[-63.705,-19.625],[-63.707,-19.637],[-63.701,-19.645],[-63.701,-19.655],[-63.712,-19.674],[-63.714,-19.685],[-63.714,-19.691],[-63.717,-19.7],[-63.719,-19.715],[-63.718,-19.724],[-63.72,-19.729],[-63.718,-19.733],[-63.718,-19.743],[-63.722,-19.754],[-63.719,-19.762],[-63.72,-19.778],[-63.716,-19.792],[-63.72,-19.799],[-63.72,-19.81],[-63.716,-19.827],[-63.712,-19.834],[-63.709,-19.861],[-63.71,-19.867],[-63.713,-19.873],[-63.713,-19.879],[-63.717,-19.887],[-63.72,-19.908],[-63.716,-19.916],[-63.718,-19.921],[-63.715,-19.935],[-63.716,-19.952],[-63.722,-19.961],[-63.722,-19.969],[-63.728,-19.989],[-63.727,-19.992],[-63.728,-19.995],[-63.727,-20.0],[-63.729,-20.004],[-63.729,-20.007],[-63.73,-20.013],[-63.728,-20.021],[-63.732,-20.027],[-63.732,-20.039],[-63.729,-20.041],[-63.728,-20.047],[-63.729,-20.058],[-63.726,-20.066],[-63.728,-20.071],[-63.725,-20.095],[-63.727,-20.101],[-63.727,-20.105],[-63.723,-20.107],[-63.726,-20.116],[-63.723,-20.117],[-63.723,-20.119],[-63.716,-20.125],[-63.706,-20.126],[-63.705,-20.129],[-63.702,-20.131],[-63.702,-20.135],[-63.699,-20.14],[-63.699,-20.147],[-63.692,-20.149],[-63.692,-20.157],[-63.697,-20.162],[-63.696,-20.173],[-63.698,-20.187],[-63.692,-20.19],[-63.687,-20.189],[-63.691,-20.196],[-63.689,-20.198],[-63.685,-20.199],[-63.685,-20.205],[-63.681,-20.208],[-63.684,-20.216],[-63.686,-20.219],[-63.688,-20.22],[-63.687,-20.226],[-63.692,-20.229],[-63.694,-20.234],[-63.695,-20.235],[-63.694,-20.237],[-63.695,-20.24],[-63.698,-20.24],[-63.698,-20.244],[-63.702,-20.247],[-63.708,-20.254],[-63.706,-20.257],[-63.702,-20.257],[-63.705,-20.26],[-63.7,-20.265],[-63.702,-20.269],[-63.697,-20.274],[-63.697,-20.277],[-63.694,-20.277],[-63.701,-20.282],[-63.699,-20.296],[-63.696,-20.299],[-63.698,-20.307],[-63.696,-20.321],[-63.697,-20.325],[-63.696,-20.327],[-63.697,-20.33],[-63.695,-20.331],[-63.692,-20.345],[-63.693,-20.368],[-63.694,-20.37],[-63.692,-20.378],[-63.693,-20.379],[-63.693,-20.382],[-63.696,-20.398],[-63.693,-20.424],[-63.691,-20.429],[-63.692,-20.436],[-63.684,-20.465],[-63.667,-20.473],[-63.655,-20.473],[-63.648,-20.466],[-63.636,-20.464],[-63.622,-20.465],[-63.613,-20.462],[-63.604,-20.457],[-63.603,-20.455],[-63.599,-20.453],[-63.597,-20.454],[-63.593,-20.448],[-63.59,-20.446],[-63.588,-20.447],[-63.59,-20.444],[-63.587,-20.445],[-63.587,-20.443],[-63.584,-20.442],[-63.584,-20.445],[-63.582,-20.445],[-63.581,-20.448],[-63.574,-20.447],[-63.571,-20.449],[-63.56,-20.45],[-63.558,-20.452],[-63.548,-20.451],[-63.541,-20.454],[-63.537,-20.452],[-63.534,-20.457],[-63.529,-20.457],[-63.524,-20.46],[-63.519,-20.46],[-63.513,-20.463],[-63.512,-20.461],[-63.514,-20.459],[-63.51,-20.457],[-63.503,-20.456],[-63.497,-20.458],[-63.49,-20.456],[-63.483,-20.458],[-63.473,-20.453],[-63.464,-20.454],[-63.46,-20.449],[-63.444,-20.442],[-63.439,-20.437],[-63.421,-20.44],[-63.415,-20.438],[-63.412,-20.428],[-63.407,-20.425],[-63.406,-20.423],[-63.409,-20.421],[-63.405,-20.418],[-63.403,-20.411],[-63.404,-20.407],[-63.399,-20.403],[-63.4,-20.399],[-63.39,-20.4],[-63.371,-20.395],[-63.368,-20.396],[-63.357,-20.393],[-63.356,-20.4],[-63.357,-20.401],[-63.355,-20.405],[-63.356,-20.414],[-63.352,-20.418],[-63.352,-20.423],[-63.357,-20.433],[-63.361,-20.436],[-63.358,-20.445],[-63.36,-20.448],[-63.358,-20.46],[-63.249,-20.461],[-63.022,-20.444],[-62.693,-20.442],[-62.179,-20.443],[-62.192,-20.463],[-62.206,-20.479],[-62.267,-20.563],[-62.261,-20.993],[-63.001,-21.004],[-63.257,-21.004],[-63.724,-21.004],[-63.987,-21.004],[-63.999,-21.006],[-64.003,-21.005],[-64.01,-20.995],[-64.003,-20.982],[-64.003,-20.98],[-64.011,-20.969],[-64.006,-20.951],[-64.006,-20.947],[-64.009,-20.946],[-64.011,-20.947],[-64.013,-20.95],[-64.012,-20.956],[-64.019,-20.956],[-64.023,-20.962],[-64.026,-20.962],[-64.042,-20.957],[-64.046,-20.957],[-64.048,-20.954],[-64.053,-20.956],[-64.055,-20.954],[-64.061,-20.954],[-64.063,-20.952],[-64.063,-20.945],[-64.066,-20.934],[-64.073,-20.932],[-64.074,-20.928],[-64.078,-20.923],[-64.09,-20.917],[-64.1,-20.919],[-64.114,-20.912],[-64.119,-20.915],[-64.122,-20.924],[-64.124,-20.926],[-64.131,-20.925],[-64.132,-20.922],[-64.139,-20.919],[-64.145,-20.923],[-64.156,-20.906],[-64.16,-20.904],[-64.161,-20.901],[-64.158,-20.896],[-64.158,-20.889],[-64.16,-20.887],[-64.173,-20.886],[-64.179,-20.887],[-64.181,-20.89],[-64.175,-20.898],[-64.177,-20.904],[-64.181,-20.908],[-64.183,-20.913],[-64.181,-20.919],[-64.187,-20.931],[-64.187,-20.934],[-64.183,-20.936],[-64.182,-20.941],[-64.188,-20.944],[-64.187,-20.949],[-64.19,-20.953],[-64.198,-20.957],[-64.197,-20.959],[-64.195,-20.96],[-64.185,-20.956],[-64.183,-20.957],[-64.181,-20.961],[-64.184,-20.967],[-64.19,-20.968],[-64.191,-20.97],[-64.19,-20.978],[-64.193,-20.985],[-64.185,-20.989],[-64.184,-20.993],[-64.186,-21.001],[-64.186,-21.004],[-64.196,-21.005],[-64.193,-21.01],[-64.188,-21.011],[-64.185,-21.015],[-64.182,-21.021],[-64.183,-21.024],[-64.18,-21.027],[-64.18,-21.029],[-64.187,-21.033],[-64.199,-21.034],[-64.2,-21.037],[-64.199,-21.042],[-64.195,-21.044],[-64.194,-21.05],[-64.195,-21.057],[-64.2,-21.062],[-64.2,-21.066],[-64.196,-21.07],[-64.194,-21.078],[-64.193,-21.084],[-64.189,-21.091],[-64.196,-21.109],[-64.199,-21.113],[-64.198,-21.119],[-64.202,-21.122],[-64.2,-21.128],[-64.203,-21.135],[-64.201,-21.139],[-64.211,-21.14],[-64.219,-21.144],[-64.222,-21.149],[-64.23,-21.152],[-64.245,-21.149],[-64.247,-21.145],[-64.257,-21.143],[-64.262,-21.139],[-64.267,-21.138],[-64.27,-21.137],[-64.273,-21.138],[-64.276,-21.135],[-64.282,-21.133],[-64.287,-21.134],[-64.29,-21.132],[-64.297,-21.135],[-64.306,-21.134],[-64.311,-21.137],[-64.314,-21.135],[-64.323,-21.136],[-64.33,-21.142],[-64.337,-21.141],[-64.343,-21.146],[-64.364,-21.143],[-64.376,-21.136],[-64.38,-21.136],[-64.384,-21.127],[-64.391,-21.124],[-64.394,-21.12],[-64.399,-21.119],[-64.4,-21.114],[-64.407,-21.11],[-64.413,-21.109],[-64.414,-21.1],[-64.419,-21.099],[-64.423,-21.102],[-64.43,-21.103],[-64.434,-21.1],[-64.435,-21.097],[-64.442,-21.093],[-64.444,-21.088],[-64.451,-21.085],[-64.455,-21.085],[-64.457,-21.083],[-64.468,-21.087],[-64.474,-21.085],[-64.48,-21.086],[-64.48,-21.091],[-64.482,-21.092],[-64.485,-21.093],[-64.492,-21.092],[-64.496,-21.096],[-64.505,-21.095],[-64.512,-21.1],[-64.517,-21.099],[-64.521,-21.097],[-64.523,-21.098],[-64.527,-21.098],[-64.531,-21.092],[-64.537,-21.09],[-64.536,-21.084],[-64.539,-21.082],[-64.544,-21.083],[-64.546,-21.081],[-64.549,-21.068],[-64.555,-21.063],[-64.557,-21.056],[-64.562,-21.053],[-64.568,-21.043],[-64.568,-21.034],[-64.572,-21.031],[-64.575,-21.033],[-64.577,-21.033],[-64.581,-21.025],[-64.579,-21.019],[-64.585,-21.016],[-64.585,-21.007],[-64.588,-21.005],[-64.592,-21.008],[-64.599,-21.002],[-64.602,-20.996],[-64.601,-20.991],[-64.605,-20.982],[-64.615,-20.978],[-64.62,-20.982],[-64.624,-20.98],[-64.627,-20.976],[-64.638,-20.971],[-64.643,-20.967],[-64.645,-20.955],[-64.651,-20.955],[-64.654,-20.954],[-64.655,-20.949],[-64.66,-20.944],[-64.667,-20.941],[-64.678,-20.943],[-64.687,-20.941],[-64.691,-20.939],[-64.693,-20.935],[-64.699,-20.931],[-64.712,-20.935],[-64.715,-20.937],[-64.72,-20.937],[-64.728,-20.941],[-64.734,-20.953],[-64.735,-20.962],[-64.734,-20.967],[-64.74,-20.973],[-64.761,-20.98],[-64.762,-20.983],[-64.757,-20.985],[-64.757,-20.988],[-64.757,-20.994],[-64.76,-20.998],[-64.76,-21.001],[-64.766,-21.007],[-64.769,-21.015],[-64.771,-21.016],[-64.768,-21.021],[-64.77,-21.026],[-64.771,-21.027],[-64.779,-21.03],[-64.782,-21.038],[-64.782,-21.043],[-64.779,-21.044],[-64.778,-21.047],[-64.776,-21.048],[-64.774,-21.055],[-64.778,-21.061],[-64.788,-21.062],[-64.792,-21.068],[-64.79,-21.076],[-64.797,-21.086],[-64.798,-21.095],[-64.804,-21.097],[-64.81,-21.094],[-64.818,-21.093],[-64.837,-21.093],[-64.839,-21.094],[-64.839,-21.096],[-64.836,-21.103],[-64.836,-21.106],[-64.845,-21.105],[-64.854,-21.106],[-64.856,-21.106],[-64.856,-21.102],[-64.854,-21.096],[-64.85,-21.093],[-64.852,-21.09],[-64.868,-21.079],[-64.881,-21.079],[-64.886,-21.078],[-64.895,-21.073],[-64.895,-21.068],[-64.89,-21.067],[-64.884,-21.064],[-64.89,-21.057],[-64.9,-21.055],[-64.905,-21.055],[-64.912,-21.059],[-64.919,-21.059],[-64.925,-21.053],[-64.924,-21.044],[-64.926,-21.04],[-64.926,-21.033],[-64.934,-21.027],[-64.939,-21.027],[-64.942,-21.024],[-64.944,-21.024],[-64.945,-21.026],[-64.944,-21.028],[-64.944,-21.034],[-64.941,-21.038],[-64.944,-21.038],[-64.95,-21.042],[-64.947,-21.033],[-64.949,-21.032],[-64.954,-21.034],[-64.955,-21.026],[-64.956,-21.024],[-64.96,-21.024],[-64.96,-21.029],[-64.963,-21.031],[-64.967,-21.027],[-64.977,-21.027],[-64.976,-21.023],[-64.97,-21.023],[-64.97,-21.021],[-64.974,-21.016],[-64.977,-21.017],[-64.979,-21.016],[-64.986,-21.016],[-64.986,-21.009],[-64.988,-21.008],[-64.992,-21.011],[-64.992,-21.02],[-64.999,-21.021],[-65.001,-21.014],[-65.004,-21.016],[-65.005,-21.02],[-65.0,-21.024],[-65.0,-21.026],[-65.013,-21.029],[-65.015,-21.021],[-65.018,-21.02],[-65.019,-21.021],[-65.021,-21.025],[-65.027,-21.028],[-65.028,-21.026],[-65.022,-21.017],[-65.022,-21.012],[-65.028,-21.007],[-65.032,-21.007],[-65.031,-21.01],[-65.026,-21.015],[-65.026,-21.017],[-65.029,-21.017],[-65.033,-21.014],[-65.04,-21.014],[-65.044,-21.008],[-65.051,-21.009],[-65.051,-21.005],[-65.049,-21.004],[-65.045,-21.004],[-65.044,-21.0],[-65.045,-20.999],[-65.048,-21.0],[-65.054,-20.997],[-65.053,-20.993],[-65.059,-20.987],[-65.057,-20.98],[-65.063,-20.981],[-65.062,-20.973],[-65.065,-20.971],[-65.069,-20.971],[-65.07,-20.959],[-65.073,-20.959],[-65.074,-20.965],[-65.078,-20.964],[-65.082,-20.96],[-65.087,-20.963],[-65.089,-20.966],[-65.086,-20.974],[-65.089,-20.977],[-65.094,-20.976],[-65.097,-20.969],[-65.101,-20.969],[-65.105,-20.973],[-65.103,-20.974],[-65.1,-20.974],[-65.099,-20.976],[-65.113,-20.982],[-65.115,-20.978],[-65.112,-20.974],[-65.108,-20.973],[-65.109,-20.97],[-65.111,-20.969],[-65.114,-20.971],[-65.119,-20.969],[-65.125,-20.969],[-65.124,-20.964],[-65.129,-20.957],[-65.134,-20.964],[-65.141,-20.965],[-65.143,-20.957],[-65.148,-20.953],[-65.15,-20.956],[-65.15,-20.96],[-65.151,-20.964],[-65.152,-20.964],[-65.157,-20.958],[-65.157,-20.953],[-65.159,-20.949],[-65.158,-20.946],[-65.163,-20.945],[-65.166,-20.95],[-65.169,-20.95],[-65.172,-20.948],[-65.176,-20.95],[-65.177,-20.952],[-65.174,-20.956],[-65.176,-20.957],[-65.178,-20.954],[-65.179,-20.955],[-65.182,-20.959],[-65.185,-20.961],[-65.184,-20.966],[-65.186,-20.968],[-65.187,-20.97],[-65.188,-20.971],[-65.189,-20.976],[-65.187,-20.98],[-65.192,-20.984],[-65.192,-20.998],[-65.19,-21.001],[-65.192,-21.006],[-65.188,-21.013],[-65.193,-21.021],[-65.193,-21.025],[-65.197,-21.029],[-65.196,-21.032],[-65.198,-21.041],[-65.197,-21.045],[-65.198,-21.047],[-65.196,-21.049],[-65.2,-21.062],[-65.199,-21.066],[-65.202,-21.071],[-65.201,-21.08],[-65.203,-21.084],[-65.199,-21.092],[-65.202,-21.097],[-65.197,-21.102],[-65.199,-21.109],[-65.198,-21.115],[-65.201,-21.122],[-65.199,-21.128],[-65.2,-21.14],[-65.198,-21.142],[-65.193,-21.138],[-65.19,-21.14],[-65.19,-21.144],[-65.194,-21.146],[-65.195,-21.149],[-65.191,-21.152],[-65.191,-21.157],[-65.188,-21.16],[-65.19,-21.164],[-65.196,-21.171],[-65.205,-21.175],[-65.205,-21.178],[-65.203,-21.181],[-65.212,-21.192],[-65.212,-21.194],[-65.207,-21.195],[-65.2,-21.204],[-65.206,-21.208],[-65.205,-21.211],[-65.201,-21.213],[-65.2,-21.221],[-65.206,-21.223],[-65.211,-21.232],[-65.212,-21.236],[-65.206,-21.24],[-65.214,-21.246],[-65.211,-21.255],[-65.214,-21.258],[-65.22,-21.252],[-65.223,-21.253],[-65.224,-21.256],[-65.223,-21.258],[-65.218,-21.258],[-65.216,-21.261],[-65.217,-21.263],[-65.22,-21.263],[-65.22,-21.269],[-65.216,-21.273],[-65.214,-21.279],[-65.217,-21.286],[-65.212,-21.292],[-65.213,-21.296],[-65.219,-21.301],[-65.217,-21.304],[-65.218,-21.308],[-65.216,-21.312],[-65.219,-21.315],[-65.217,-21.32],[-65.224,-21.323],[-65.225,-21.326],[-65.222,-21.328],[-65.22,-21.335],[-65.221,-21.337],[-65.226,-21.335],[-65.228,-21.336],[-65.227,-21.34],[-65.228,-21.346],[-65.223,-21.351],[-65.225,-21.353],[-65.225,-21.356],[-65.227,-21.357],[-65.227,-21.36],[-65.232,-21.367],[-65.231,-21.375],[-65.233,-21.383],[-65.23,-21.386],[-65.233,-21.388],[-65.234,-21.392],[-65.231,-21.396],[-65.23,-21.402],[-65.237,-21.405],[-65.237,-21.407],[-65.235,-21.409],[-65.237,-21.415],[-65.235,-21.425],[-65.243,-21.431],[-65.244,-21.439],[-65.241,-21.448],[-65.244,-21.453],[-65.242,-21.462],[-65.249,-21.469],[-65.246,-21.478],[-65.247,-21.481],[-65.25,-21.482],[-65.255,-21.481],[-65.262,-21.484],[-65.262,-21.486],[-65.265,-21.489],[-65.272,-21.49],[-65.275,-21.493],[-65.28,-21.491],[-65.285,-21.494],[-65.299,-21.488],[-65.301,-21.485],[-65.306,-21.483],[-65.312,-21.486],[-65.32,-21.517],[-65.328,-21.51],[-65.353,-21.501],[-65.388,-21.516],[-65.4,-21.506],[-65.402,-21.5],[-65.401,-21.49],[-65.406,-21.485],[-65.401,-21.483],[-65.398,-21.48],[-65.399,-21.477],[-65.401,-21.474],[-65.401,-21.466],[-65.398,-21.455],[-65.4,-21.453],[-65.405,-21.451],[-65.405,-21.448],[-65.408,-21.444],[-65.409,-21.439],[-65.408,-21.432],[-65.437,-21.427],[-65.435,-21.413],[-65.436,-21.41],[-65.434,-21.404],[-65.435,-21.397],[-65.437,-21.398],[-65.438,-21.396],[-65.433,-21.387],[-65.435,-21.382],[-65.433,-21.376],[-65.434,-21.369],[-65.431,-21.367],[-65.429,-21.361],[-65.433,-21.359],[-65.433,-21.353],[-65.436,-21.353],[-65.437,-21.342],[-65.433,-21.337],[-65.434,-21.333],[-65.432,-21.322],[-65.43,-21.322],[-65.43,-21.315],[-65.433,-21.299],[-65.432,-21.297],[-65.433,-21.289],[-65.432,-21.287],[-65.436,-21.281],[-65.434,-21.26],[-65.441,-21.211],[-65.441,-21.201],[-65.44,-21.197],[-65.441,-21.195],[-65.442,-21.181],[-65.439,-21.182],[-65.432,-21.178],[-65.425,-21.177],[-65.418,-21.171],[-65.409,-21.172],[-65.402,-21.161],[-65.409,-21.122],[-65.419,-21.096],[-65.421,-21.061],[-65.409,-21.027],[-65.4,-21.007],[-65.398,-20.97],[-65.401,-20.947],[-65.391,-20.898],[-65.395,-20.892],[-65.381,-20.88],[-65.38,-20.875],[-65.378,-20.874],[-65.376,-20.869],[-65.368,-20.868],[-65.362,-20.872],[-65.36,-20.871],[-65.358,-20.873],[-65.354,-20.873],[-65.352,-20.87],[-65.352,-20.867],[-65.346,-20.863],[-65.348,-20.857],[-65.348,-20.854],[-65.351,-20.852],[-65.35,-20.847],[-65.351,-20.844],[-65.349,-20.839],[-65.349,-20.834],[-65.347,-20.832],[-65.349,-20.827],[-65.349,-20.821],[-65.352,-20.811],[-65.359,-20.805],[-65.358,-20.8],[-65.364,-20.792],[-65.366,-20.779],[-65.371,-20.772],[-65.37,-20.764],[-65.372,-20.759],[-65.372,-20.756],[-65.376,-20.751],[-65.375,-20.75],[-65.375,-20.747],[-65.37,-20.74],[-65.369,-20.737],[-65.361,-20.733],[-65.361,-20.73],[-65.358,-20.729],[-65.357,-20.726],[-65.358,-20.715],[-65.364,-20.708],[-65.364,-20.701],[-65.362,-20.698],[-65.364,-20.688],[-65.365,-20.677],[-65.363,-20.672],[-65.358,-20.667],[-65.358,-20.658],[-65.356,-20.654],[-65.358,-20.647],[-65.352,-20.632],[-65.35,-20.63],[-65.347,-20.623],[-65.35,-20.614],[-65.356,-20.606],[-65.354,-20.602],[-65.36,-20.598],[-65.364,-20.599],[-65.368,-20.597],[-65.382,-20.582],[-65.382,-20.575],[-65.388,-20.558],[-65.38,-20.559],[-65.35,-20.548],[-65.328,-20.512],[-65.269,-20.505],[-65.268,-20.493],[-65.27,-20.489],[-65.268,-20.48],[-65.273,-20.472],[-65.269,-20.463],[-65.271,-20.458],[-65.264,-20.451],[-65.259,-20.45],[-65.257,-20.447],[-65.256,-20.443],[-65.261,-20.437],[-65.263,-20.43],[-65.262,-20.424],[-65.256,-20.423],[-65.249,-20.418],[-65.246,-20.419],[-65.244,-20.415],[-65.246,-20.411],[-65.246,-20.408],[-65.248,-20.406],[-65.248,-20.397],[-65.249,-20.39],[-65.253,-20.387],[-65.251,-20.383],[-65.251,-20.38],[-65.246,-20.375],[-65.247,-20.371],[-65.244,-20.368],[-65.239,-20.366],[-65.241,-20.363],[-65.238,-20.358],[-65.229,-20.352],[-65.233,-20.343],[-65.231,-20.333],[-65.225,-20.327],[-65.221,-20.319],[-65.222,-20.314],[-65.245,-20.276],[-65.265,-20.258],[-65.269,-20.256],[-65.28,-20.24],[-65.283,-20.233],[-65.292,-20.23],[-65.314,-20.231],[-65.316,-20.225],[-65.315,-20.215],[-65.312,-20.207],[-65.316,-20.198],[-65.316,-20.194],[-65.302,-20.178],[-65.288,-20.169],[-65.284,-20.17],[-65.271,-20.151],[-65.264,-20.158],[-65.257,-20.159],[-65.235,-20.146],[-65.235,-20.144],[-65.233,-20.14],[-65.234,-20.131],[-65.239,-20.116],[-65.243,-20.113],[-65.25,-20.103],[-65.256,-20.102],[-65.269,-20.092],[-65.272,-20.08],[-65.279,-20.069],[-65.283,-20.06],[-65.283,-20.052],[-65.289,-20.053],[-65.293,-20.049],[-65.298,-20.037],[-65.305,-20.026],[-65.305,-20.009],[-65.294,-20.008],[-65.294,-20.007],[-65.287,-20.003],[-65.283,-20.004],[-65.277,-20.009],[-65.275,-20.005],[-65.27,-20.004],[-65.272,-19.993],[-65.268,-19.992],[-65.266,-19.988],[-65.244,-19.97],[-65.238,-19.959],[-65.233,-19.956],[-65.231,-19.95],[-65.228,-19.948],[-65.223,-19.941],[-65.222,-19.936],[-65.214,-19.939],[-65.203,-19.938],[-65.171,-19.996],[-65.161,-20.004],[-65.154,-20.007],[-65.152,-20.012],[-65.145,-20.011],[-65.128,-20.015],[-65.107,-20.015],[-65.105,-20.017],[-65.1,-20.013],[-65.091,-20.009],[-65.088,-19.992],[-65.086,-19.995],[-65.082,-19.995],[-65.075,-19.99],[-65.077,-19.984],[-65.077,-19.98],[-65.075,-19.978],[-65.075,-19.974],[-65.071,-19.967],[-65.066,-19.964],[-65.066,-19.959],[-65.062,-19.957],[-65.061,-19.954],[-65.06,-19.953],[-65.06,-19.95],[-65.063,-19.949],[-65.066,-19.944],[-65.07,-19.942],[-65.072,-19.939],[-65.077,-19.935],[-65.082,-19.935],[-65.083,-19.932],[-65.078,-19.918],[-65.077,-19.909],[-65.074,-19.901],[-65.076,-19.899],[-65.072,-19.892],[-65.072,-19.886],[-65.069,-19.881],[-65.069,-19.875],[-65.065,-19.871],[-65.062,-19.863],[-65.061,-19.844],[-65.058,-19.842],[-65.056,-19.833],[-65.057,-19.828],[-65.053,-19.82],[-65.054,-19.819],[-65.053,-19.806],[-65.057,-19.794],[-65.04,-19.797],[-65.036,-19.795],[-65.03,-19.795],[-65.026,-19.803],[-65.021,-19.803],[-65.012,-19.814],[-65.009,-19.813],[-65.004,-19.828],[-65.002,-19.829],[-64.999,-19.828],[-64.997,-19.831],[-64.996,-19.83],[-64.996,-19.833],[-64.995,-19.832],[-64.993,-19.839],[-64.991,-19.84],[-64.992,-19.843],[-64.99,-19.843],[-64.989,-19.846],[-64.991,-19.848],[-64.991,-19.853],[-64.985,-19.855],[-64.983,-19.853],[-64.983,-19.855],[-64.978,-19.853],[-64.979,-19.855],[-64.96,-19.869],[-64.942,-19.877],[-64.939,-19.866],[-64.93,-19.859],[-64.931,-19.856],[-64.928,-19.844],[-64.914,-19.842],[-64.913,-19.845],[-64.916,-19.85],[-64.915,-19.855],[-64.919,-19.86],[-64.919,-19.864],[-64.916,-19.874],[-64.907,-19.89],[-64.905,-19.898],[-64.897,-19.909],[-64.895,-19.914],[-64.897,-19.92],[-64.895,-19.921],[-64.893,-19.925],[-64.897,-19.934],[-64.896,-19.938],[-64.897,-19.946],[-64.895,-19.946],[-64.895,-19.949],[-64.892,-19.953],[-64.893,-19.957],[-64.889,-19.96],[-64.891,-19.964],[-64.889,-19.964],[-64.889,-19.965],[-64.886,-19.966],[-64.886,-19.968],[-64.883,-19.967],[-64.884,-19.968],[-64.881,-19.969],[-64.879,-19.972],[-64.876,-19.973],[-64.872,-19.981],[-64.866,-19.978],[-64.861,-19.978],[-64.859,-19.974],[-64.851,-19.981],[-64.847,-19.979],[-64.847,-19.971],[-64.838,-19.956],[-64.837,-19.947],[-64.829,-19.933],[-64.824,-19.931],[-64.822,-19.932],[-64.82,-19.931],[-64.811,-19.925],[-64.81,-19.923],[-64.807,-19.92],[-64.806,-19.912],[-64.795,-19.903],[-64.793,-19.899],[-64.793,-19.888],[-64.788,-19.877],[-64.789,-19.869],[-64.784,-19.861],[-64.784,-19.854],[-64.78,-19.849],[-64.777,-19.841],[-64.766,-19.827],[-64.762,-19.825],[-64.761,-19.819],[-64.748,-19.804],[-64.739,-19.79],[-64.735,-19.788],[-64.724,-19.788],[-64.719,-19.782],[-64.714,-19.78],[-64.717,-19.776],[-64.725,-19.773],[-64.725,-19.767],[-64.73,-19.756],[-64.727,-19.751],[-64.727,-19.747],[-64.735,-19.737],[-64.736,-19.723],[-64.742,-19.715],[-64.742,-19.707],[-64.745,-19.704],[-64.751,-19.703],[-64.758,-19.694],[-64.762,-19.686],[-64.767,-19.684],[-64.768,-19.679],[-64.773,-19.674],[-64.779,-19.663],[-64.788,-19.653],[-64.788,-19.645],[-64.79,-19.641],[-64.787,-19.633],[-64.811,-19.625],[-64.814,-19.622],[-64.818,-19.61],[-64.822,-19.608],[-64.829,-19.61],[-64.83,-19.609],[-64.83,-19.603],[-64.838,-19.593],[-64.843,-19.59],[-64.84,-19.575],[-64.833,-19.562],[-64.831,-19.543],[-64.823,-19.517],[-64.822,-19.505],[-64.818,-19.501],[-64.823,-19.49],[-64.823,-19.483],[-64.829,-19.476],[-64.834,-19.474],[-64.841,-19.462],[-64.84,-19.455],[-64.845,-19.449],[-64.849,-19.433],[-64.852,-19.429],[-64.85,-19.423],[-64.855,-19.42],[-64.852,-19.415],[-64.853,-19.41],[-64.866,-19.406],[-64.878,-19.397],[-64.889,-19.402],[-64.896,-19.4],[-64.898,-19.392],[-64.893,-19.384],[-64.894,-19.38],[-64.899,-19.375],[-64.91,-19.37],[-64.912,-19.366],[-64.911,-19.359],[-64.913,-19.355],[-64.918,-19.357],[-64.921,-19.362],[-64.929,-19.363],[-64.937,-19.36],[-64.942,-19.357],[-64.947,-19.358],[-64.959,-19.356],[-64.962,-19.351],[-64.97,-19.347],[-64.978,-19.348],[-64.989,-19.353],[-65.004,-19.352],[-65.016,-19.357],[-65.026,-19.368],[-65.037,-19.37],[-65.038,-19.374],[-65.044,-19.377],[-65.044,-19.381],[-65.055,-19.386],[-65.066,-19.384],[-65.071,-19.379],[-65.082,-19.376],[-65.082,-19.371],[-65.088,-19.367],[-65.102,-19.373],[-65.11,-19.373],[-65.115,-19.375],[-65.122,-19.374],[-65.126,-19.376],[-65.132,-19.375],[-65.141,-19.378],[-65.148,-19.376],[-65.153,-19.376],[-65.158,-19.371],[-65.164,-19.369],[-65.167,-19.363],[-65.175,-19.356],[-65.187,-19.357],[-65.199,-19.352],[-65.201,-19.35],[-65.208,-19.346],[-65.215,-19.344],[-65.221,-19.338],[-65.222,-19.329],[-65.231,-19.32],[-65.237,-19.321],[-65.242,-19.318],[-65.247,-19.318],[-65.254,-19.314],[-65.26,-19.316],[-65.265,-19.315],[-65.287,-19.308],[-65.295,-19.309],[-65.301,-19.306],[-65.31,-19.306],[-65.313,-19.303],[-65.317,-19.301],[-65.318,-19.294],[-65.324,-19.281],[-65.33,-19.271],[-65.339,-19.271],[-65.341,-19.268],[-65.345,-19.267],[-65.348,-19.265],[-65.352,-19.265],[-65.356,-19.263],[-65.361,-19.263],[-65.37,-19.256],[-65.373,-19.247],[-65.372,-19.241],[-65.38,-19.232],[-65.383,-19.226],[-65.385,-19.217],[-65.393,-19.204],[-65.389,-19.191],[-65.39,-19.183],[-65.39,-19.177],[-65.401,-19.161],[-65.406,-19.144],[-65.411,-19.141],[-65.418,-19.142],[-65.425,-19.138],[-65.43,-19.139],[-65.431,-19.137],[-65.439,-19.137],[-65.45,-19.132],[-65.454,-19.126],[-65.457,-19.124],[-65.47,-19.123],[-65.474,-19.118],[-65.478,-19.11],[-65.484,-19.104],[-65.487,-19.096],[-65.497,-19.089],[-65.505,-19.087],[-65.506,-19.091],[-65.513,-19.092],[-65.518,-19.096],[-65.522,-19.094],[-65.522,-19.092],[-65.528,-19.086],[-65.537,-19.087],[-65.541,-19.085],[-65.542,-19.083],[-65.546,-19.082],[-65.547,-19.075],[-65.553,-19.066],[-65.558,-19.064],[-65.558,-19.051],[-65.561,-19.043],[-65.567,-19.032],[-65.567,-19.024],[-65.584,-19.006],[-65.585,-19.001],[-65.587,-18.998],[-65.584,-18.998],[-65.578,-18.994],[-65.57,-18.992],[-65.56,-18.987],[-65.554,-18.989],[-65.552,-18.986],[-65.549,-18.986],[-65.546,-18.982],[-65.532,-18.977],[-65.527,-18.968],[-65.525,-18.958],[-65.522,-18.954],[-65.519,-18.951],[-65.516,-18.951],[-65.51,-18.948],[-65.508,-18.945],[-65.502,-18.944],[-65.501,-18.942],[-65.505,-18.941],[-65.499,-18.938],[-65.496,-18.938],[-65.489,-18.931],[-65.486,-18.932],[-65.485,-18.928],[-65.481,-18.926],[-65.468,-18.923],[-65.466,-18.925],[-65.463,-18.93],[-65.46,-18.93],[-65.453,-18.927],[-65.453,-18.925],[-65.449,-18.921],[-65.441,-18.918],[-65.437,-18.92],[-65.429,-18.929],[-65.425,-18.927],[-65.424,-18.93],[-65.422,-18.93],[-65.414,-18.945],[-65.409,-18.944],[-65.406,-18.939],[-65.403,-18.928],[-65.405,-18.926],[-65.398,-18.919],[-65.402,-18.904],[-65.405,-18.899],[-65.407,-18.899],[-65.41,-18.893],[-65.409,-18.89],[-65.412,-18.889],[-65.412,-18.885],[-65.415,-18.886],[-65.419,-18.88],[-65.424,-18.879],[-65.421,-18.877],[-65.416,-18.865],[-65.42,-18.859],[-65.421,-18.852],[-65.423,-18.853],[-65.424,-18.853],[-65.429,-18.837],[-65.438,-18.834],[-65.443,-18.835],[-65.444,-18.831],[-65.435,-18.825],[-65.434,-18.822],[-65.438,-18.814],[-65.438,-18.811],[-65.432,-18.809],[-65.431,-18.807],[-65.431,-18.804],[-65.427,-18.8],[-65.428,-18.796],[-65.42,-18.788],[-65.417,-18.781],[-65.418,-18.779],[-65.414,-18.779],[-65.412,-18.777],[-65.406,-18.775],[-65.402,-18.778],[-65.391,-18.795],[-65.387,-18.796],[-65.386,-18.793],[-65.387,-18.788],[-65.382,-18.786],[-65.384,-18.785],[-65.381,-18.783],[-65.379,-18.785],[-65.375,-18.784],[-65.371,-18.779],[-65.367,-18.781],[-65.369,-18.785],[-65.367,-18.787],[-65.366,-18.79],[-65.363,-18.789],[-65.36,-18.789],[-65.356,-18.786],[-65.36,-18.783],[-65.359,-18.78],[-65.365,-18.774],[-65.367,-18.775],[-65.37,-18.773],[-65.375,-18.775],[-65.377,-18.773],[-65.383,-18.772],[-65.387,-18.776],[-65.39,-18.775],[-65.396,-18.778],[-65.403,-18.771],[-65.407,-18.773],[-65.423,-18.761],[-65.424,-18.76],[-65.423,-18.757],[-65.427,-18.754],[-65.427,-18.751],[-65.429,-18.748],[-65.425,-18.745],[-65.424,-18.738],[-65.417,-18.734],[-65.419,-18.729],[-65.414,-18.723],[-65.414,-18.719],[-65.41,-18.717],[-65.411,-18.713],[-65.406,-18.71],[-65.401,-18.702],[-65.409,-18.698],[-65.414,-18.69],[-65.415,-18.681],[-65.417,-18.678],[-65.416,-18.675],[-65.418,-18.67],[-65.417,-18.666],[-65.419,-18.663],[-65.414,-18.66],[-65.411,-18.652],[-65.407,-18.653],[-65.404,-18.656],[-65.403,-18.654],[-65.4,-18.654],[-65.393,-18.656],[-65.389,-18.653],[-65.384,-18.642],[-65.381,-18.641],[-65.384,-18.638],[-65.39,-18.635],[-65.392,-18.628],[-65.4,-18.621],[-65.402,-18.618],[-65.407,-18.614],[-65.412,-18.613],[-65.416,-18.611],[-65.422,-18.605],[-65.428,-18.603],[-65.434,-18.606],[-65.436,-18.61],[-65.434,-18.613],[-65.437,-18.616],[-65.438,-18.614],[-65.448,-18.606],[-65.454,-18.607],[-65.458,-18.605],[-65.462,-18.606],[-65.462,-18.604],[-65.467,-18.598],[-65.471,-18.596],[-65.475,-18.597],[-65.476,-18.593],[-65.479,-18.592],[-65.481,-18.593],[-65.486,-18.591],[-65.489,-18.582],[-65.491,-18.582],[-65.491,-18.579],[-65.495,-18.576],[-65.494,-18.569],[-65.501,-18.564],[-65.501,-18.56],[-65.497,-18.55],[-65.497,-18.545],[-65.493,-18.538],[-65.496,-18.536],[-65.504,-18.544],[-65.514,-18.547],[-65.516,-18.539],[-65.526,-18.526],[-65.53,-18.527],[-65.534,-18.526],[-65.556,-18.514],[-65.564,-18.512],[-65.576,-18.502],[-65.584,-18.498],[-65.601,-18.498],[-65.611,-18.497],[-65.619,-18.5],[-65.624,-18.501],[-65.619,-18.483],[-65.622,-18.475],[-65.624,-18.462],[-65.645,-18.445],[-65.655,-18.446],[-65.666,-18.437],[-65.672,-18.434],[-65.677,-18.429],[-65.679,-18.424],[-65.684,-18.417],[-65.682,-18.411],[-65.685,-18.402],[-65.684,-18.387],[-65.687,-18.378],[-65.69,-18.375],[-65.696,-18.366],[-65.695,-18.363],[-65.693,-18.36],[-65.694,-18.352],[-65.679,-18.347],[-65.674,-18.347],[-65.666,-18.361],[-65.658,-18.366],[-65.646,-18.367],[-65.638,-18.37],[-65.634,-18.374],[-65.626,-18.375],[-65.591,-18.375],[-65.583,-18.379],[-65.578,-18.385],[-65.565,-18.392],[-65.556,-18.4],[-65.554,-18.402],[-65.549,-18.401],[-65.546,-18.405],[-65.542,-18.401],[-65.537,-18.399],[-65.535,-18.392],[-65.529,-18.392],[-65.524,-18.395],[-65.519,-18.393],[-65.513,-18.387],[-65.507,-18.387],[-65.498,-18.392],[-65.489,-18.4],[-65.484,-18.399],[-65.478,-18.401],[-65.465,-18.399],[-65.462,-18.4],[-65.46,-18.406],[-65.455,-18.41],[-65.453,-18.41],[-65.448,-18.405],[-65.441,-18.404],[-65.433,-18.41],[-65.424,-18.41],[-65.42,-18.415],[-65.411,-18.42],[-65.404,-18.42],[-65.4,-18.426],[-65.386,-18.423],[-65.38,-18.428],[-65.372,-18.43],[-65.366,-18.436],[-65.357,-18.437],[-65.355,-18.434],[-65.351,-18.433],[-65.349,-18.421],[-65.346,-18.418]]]}},{"type":"Feature","properties":{"shapeName":"Cochabamba"},"geometry":{"type":"Polygon","coordinates":[[[-66.795,-15.785],[-66.794,-15.788],[-66.797,-15.793],[-66.797,-15.795],[-66.802,-15.799],[-66.803,-15.805],[-66.806,-15.808],[-66.809,-15.823],[-66.807,-15.828],[-66.791,-15.834],[-66.766,-15.846],[-66.748,-15.86],[-66.73,-15.879],[-66.707,-15.894],[-66.682,-15.903],[-66.676,-15.911],[-66.669,-15.906],[-66.659,-15.905],[-66.647,-15.917],[-66.639,-15.916],[-66.635,-15.927],[-66.635,-15.934],[-66.616,-15.952],[-66.57,-15.961],[-66.506,-15.985],[-66.477,-16.004],[-66.402,-16.075],[-66.383,-16.086],[-66.378,-16.093],[-66.372,-16.096],[-66.367,-16.104],[-66.361,-16.107],[-66.356,-16.108],[-66.355,-16.111],[-66.35,-16.115],[-66.344,-16.115],[-66.339,-16.117],[-66.31,-16.159],[-66.231,-16.286],[-66.17,-16.363],[-66.11,-16.397],[-66.056,-16.417],[-66.009,-16.449],[-65.971,-16.467],[-65.914,-16.481],[-65.862,-16.492],[-65.835,-16.49],[-65.595,-16.46],[-65.353,-16.401],[-65.24,-16.369],[-65.14,-16.237],[-65.116,-16.188],[-65.089,-16.006],[-65.081,-15.931],[-65.072,-15.906],[-65.041,-15.858],[-65.022,-15.837],[-65.003,-15.821],[-64.958,-15.801],[-64.73,-15.802],[-64.729,-15.814],[-64.73,-15.82],[-64.733,-15.826],[-64.743,-15.838],[-64.745,-15.852],[-64.75,-15.861],[-64.751,-15.867],[-64.749,-15.871],[-64.736,-15.875],[-64.73,-15.879],[-64.723,-15.897],[-64.725,-15.902],[-64.729,-15.903],[-64.732,-15.902],[-64.74,-15.892],[-64.746,-15.891],[-64.747,-15.897],[-64.733,-15.908],[-64.73,-15.911],[-64.73,-15.918],[-64.73,-15.92],[-64.735,-15.923],[-64.746,-15.922],[-64.751,-15.926],[-64.755,-15.942],[-64.756,-15.95],[-64.754,-15.953],[-64.733,-15.949],[-64.727,-15.951],[-64.726,-15.956],[-64.733,-15.97],[-64.742,-15.979],[-64.74,-15.982],[-64.729,-15.982],[-64.725,-15.98],[-64.724,-15.969],[-64.72,-15.963],[-64.714,-15.963],[-64.71,-15.968],[-64.711,-15.978],[-64.732,-15.993],[-64.734,-15.996],[-64.734,-16.003],[-64.731,-16.006],[-64.727,-16.006],[-64.718,-16.001],[-64.709,-16.001],[-64.702,-16.005],[-64.701,-16.007],[-64.702,-16.012],[-64.706,-16.013],[-64.716,-16.009],[-64.723,-16.01],[-64.727,-16.012],[-64.731,-16.019],[-64.733,-16.034],[-64.732,-16.037],[-64.727,-16.039],[-64.724,-16.039],[-64.72,-16.034],[-64.72,-16.028],[-64.726,-16.022],[-64.726,-16.02],[-64.723,-16.017],[-64.719,-16.018],[-64.714,-16.024],[-64.702,-16.029],[-64.702,-16.035],[-64.716,-16.059],[-64.714,-16.063],[-64.71,-16.064],[-64.705,-16.061],[-64.699,-16.054],[-64.697,-16.053],[-64.693,-16.054],[-64.695,-16.068],[-64.691,-16.076],[-64.69,-16.081],[-64.693,-16.085],[-64.697,-16.087],[-64.699,-16.086],[-64.701,-16.082],[-64.7,-16.076],[-64.703,-16.07],[-64.708,-16.066],[-64.712,-16.066],[-64.719,-16.069],[-64.722,-16.072],[-64.727,-16.078],[-64.727,-16.081],[-64.715,-16.082],[-64.708,-16.089],[-64.698,-16.088],[-64.692,-16.09],[-64.688,-16.094],[-64.689,-16.098],[-64.697,-16.102],[-64.7,-16.107],[-64.698,-16.111],[-64.689,-16.116],[-64.686,-16.117],[-64.683,-16.114],[-64.682,-16.103],[-64.678,-16.099],[-64.668,-16.094],[-64.663,-16.097],[-64.669,-16.107],[-64.672,-16.115],[-64.675,-16.118],[-64.683,-16.122],[-64.685,-16.125],[-64.683,-16.129],[-64.674,-16.137],[-64.672,-16.142],[-64.674,-16.154],[-64.682,-16.17],[-64.682,-16.181],[-64.684,-16.185],[-64.688,-16.186],[-64.692,-16.184],[-64.694,-16.181],[-64.691,-16.171],[-64.695,-16.169],[-64.7,-16.177],[-64.707,-16.182],[-64.708,-16.186],[-64.707,-16.19],[-64.704,-16.192],[-64.683,-16.201],[-64.671,-16.205],[-64.67,-16.208],[-64.672,-16.224],[-64.677,-16.236],[-64.674,-16.24],[-64.667,-16.24],[-64.666,-16.242],[-64.666,-16.25],[-64.665,-16.257],[-64.673,-16.261],[-64.684,-16.273],[-64.693,-16.286],[-64.693,-16.293],[-64.69,-16.296],[-64.688,-16.296],[-64.681,-16.288],[-64.678,-16.286],[-64.671,-16.286],[-64.655,-16.288],[-64.65,-16.291],[-64.647,-16.296],[-64.647,-16.299],[-64.65,-16.3],[-64.664,-16.305],[-64.674,-16.31],[-64.678,-16.315],[-64.68,-16.321],[-64.678,-16.324],[-64.672,-16.324],[-64.656,-16.316],[-64.651,-16.315],[-64.646,-16.316],[-64.644,-16.321],[-64.645,-16.326],[-64.648,-16.329],[-64.658,-16.33],[-64.665,-16.336],[-64.667,-16.341],[-64.666,-16.358],[-64.674,-16.365],[-64.677,-16.363],[-64.679,-16.354],[-64.685,-16.349],[-64.702,-16.343],[-64.706,-16.343],[-64.709,-16.346],[-64.709,-16.351],[-64.706,-16.355],[-64.701,-16.357],[-64.692,-16.356],[-64.687,-16.36],[-64.687,-16.365],[-64.693,-16.368],[-64.696,-16.374],[-64.696,-16.376],[-64.693,-16.379],[-64.686,-16.379],[-64.665,-16.371],[-64.66,-16.372],[-64.656,-16.375],[-64.656,-16.378],[-64.679,-16.408],[-64.683,-16.411],[-64.696,-16.414],[-64.699,-16.418],[-64.698,-16.422],[-64.695,-16.425],[-64.681,-16.427],[-64.677,-16.432],[-64.678,-16.436],[-64.687,-16.442],[-64.688,-16.447],[-64.686,-16.452],[-64.676,-16.464],[-64.673,-16.474],[-64.674,-16.476],[-64.677,-16.479],[-64.682,-16.479],[-64.692,-16.471],[-64.697,-16.469],[-64.703,-16.468],[-64.709,-16.472],[-64.711,-16.475],[-64.712,-16.482],[-64.71,-16.486],[-64.705,-16.486],[-64.697,-16.481],[-64.692,-16.48],[-64.688,-16.482],[-64.688,-16.485],[-64.689,-16.487],[-64.693,-16.49],[-64.708,-16.493],[-64.711,-16.496],[-64.711,-16.503],[-64.703,-16.511],[-64.701,-16.516],[-64.706,-16.532],[-64.711,-16.536],[-64.721,-16.535],[-64.723,-16.534],[-64.726,-16.529],[-64.726,-16.526],[-64.719,-16.514],[-64.72,-16.51],[-64.723,-16.508],[-64.74,-16.505],[-64.746,-16.507],[-64.751,-16.513],[-64.75,-16.518],[-64.742,-16.525],[-64.74,-16.534],[-64.743,-16.538],[-64.752,-16.541],[-64.757,-16.545],[-64.761,-16.551],[-64.759,-16.554],[-64.754,-16.553],[-64.75,-16.556],[-64.747,-16.582],[-64.749,-16.59],[-64.75,-16.593],[-64.765,-16.605],[-64.778,-16.611],[-64.781,-16.613],[-64.791,-16.631],[-64.789,-16.635],[-64.787,-16.636],[-64.772,-16.637],[-64.757,-16.653],[-64.755,-16.657],[-64.758,-16.669],[-64.758,-16.679],[-64.759,-16.682],[-64.763,-16.686],[-64.769,-16.687],[-64.773,-16.685],[-64.774,-16.681],[-64.767,-16.665],[-64.768,-16.658],[-64.773,-16.654],[-64.78,-16.656],[-64.783,-16.661],[-64.784,-16.679],[-64.787,-16.686],[-64.793,-16.691],[-64.807,-16.695],[-64.81,-16.7],[-64.809,-16.707],[-64.806,-16.711],[-64.8,-16.715],[-64.79,-16.716],[-64.782,-16.722],[-64.78,-16.73],[-64.784,-16.745],[-64.788,-16.749],[-64.793,-16.75],[-64.797,-16.747],[-64.8,-16.739],[-64.804,-16.735],[-64.814,-16.732],[-64.824,-16.725],[-64.832,-16.725],[-64.84,-16.734],[-64.842,-16.74],[-64.841,-16.746],[-64.834,-16.749],[-64.83,-16.756],[-64.83,-16.761],[-64.836,-16.773],[-64.834,-16.775],[-64.831,-16.776],[-64.818,-16.767],[-64.807,-16.762],[-64.802,-16.762],[-64.796,-16.764],[-64.794,-16.768],[-64.797,-16.774],[-64.802,-16.774],[-64.808,-16.768],[-64.812,-16.767],[-64.816,-16.769],[-64.817,-16.771],[-64.815,-16.776],[-64.809,-16.78],[-64.805,-16.785],[-64.804,-16.792],[-64.802,-16.797],[-64.798,-16.798],[-64.789,-16.796],[-64.781,-16.8],[-64.779,-16.805],[-64.781,-16.813],[-64.79,-16.818],[-64.793,-16.824],[-64.791,-16.842],[-64.789,-16.845],[-64.778,-16.853],[-64.769,-16.861],[-64.767,-16.861],[-64.763,-16.855],[-64.759,-16.852],[-64.754,-16.853],[-64.745,-16.852],[-64.743,-16.852],[-64.74,-16.855],[-64.74,-16.858],[-64.742,-16.861],[-64.766,-16.866],[-64.769,-16.868],[-64.77,-16.873],[-64.765,-16.877],[-64.761,-16.877],[-64.755,-16.875],[-64.745,-16.866],[-64.742,-16.866],[-64.737,-16.868],[-64.736,-16.872],[-64.738,-16.878],[-64.748,-16.883],[-64.758,-16.886],[-64.761,-16.891],[-64.757,-16.897],[-64.751,-16.898],[-64.744,-16.894],[-64.74,-16.886],[-64.735,-16.886],[-64.732,-16.888],[-64.729,-16.893],[-64.728,-16.899],[-64.733,-16.902],[-64.738,-16.902],[-64.744,-16.904],[-64.75,-16.912],[-64.75,-16.917],[-64.748,-16.919],[-64.742,-16.92],[-64.736,-16.914],[-64.732,-16.915],[-64.722,-16.921],[-64.72,-16.926],[-64.723,-16.93],[-64.726,-16.929],[-64.732,-16.924],[-64.736,-16.923],[-64.739,-16.928],[-64.735,-16.932],[-64.735,-16.938],[-64.739,-16.941],[-64.747,-16.94],[-64.747,-16.942],[-64.739,-16.946],[-64.736,-16.952],[-64.729,-16.954],[-64.723,-16.952],[-64.716,-16.942],[-64.713,-16.942],[-64.71,-16.944],[-64.709,-16.946],[-64.709,-16.953],[-64.717,-16.959],[-64.719,-16.962],[-64.717,-16.967],[-64.712,-16.971],[-64.709,-16.972],[-64.705,-16.97],[-64.704,-16.967],[-64.707,-16.956],[-64.704,-16.952],[-64.698,-16.954],[-64.691,-16.961],[-64.675,-16.971],[-64.673,-16.977],[-64.677,-16.979],[-64.68,-16.977],[-64.683,-16.97],[-64.686,-16.969],[-64.69,-16.97],[-64.693,-16.98],[-64.698,-16.983],[-64.708,-16.986],[-64.71,-16.991],[-64.707,-17.002],[-64.705,-17.003],[-64.701,-17.002],[-64.695,-16.999],[-64.695,-16.996],[-64.698,-16.991],[-64.698,-16.988],[-64.696,-16.985],[-64.691,-16.984],[-64.682,-16.986],[-64.676,-16.989],[-64.672,-16.994],[-64.672,-16.997],[-64.675,-17.0],[-64.681,-16.999],[-64.685,-16.995],[-64.69,-16.996],[-64.691,-17.0],[-64.69,-17.009],[-64.691,-17.015],[-64.687,-17.019],[-64.68,-17.018],[-64.673,-17.013],[-64.664,-17.016],[-64.663,-17.013],[-64.666,-17.007],[-64.664,-17.003],[-64.662,-17.002],[-64.659,-17.002],[-64.651,-17.008],[-64.644,-17.008],[-64.638,-17.005],[-64.629,-17.005],[-64.627,-17.008],[-64.628,-17.013],[-64.638,-17.017],[-64.64,-17.02],[-64.642,-17.031],[-64.639,-17.037],[-64.634,-17.039],[-64.626,-17.036],[-64.625,-17.032],[-64.628,-17.028],[-64.629,-17.023],[-64.626,-17.018],[-64.62,-17.014],[-64.618,-17.015],[-64.616,-17.019],[-64.621,-17.028],[-64.62,-17.033],[-64.618,-17.035],[-64.613,-17.035],[-64.61,-17.028],[-64.604,-17.026],[-64.594,-17.031],[-64.587,-17.036],[-64.588,-17.041],[-64.59,-17.042],[-64.593,-17.042],[-64.599,-17.038],[-64.606,-17.035],[-64.609,-17.035],[-64.612,-17.038],[-64.611,-17.042],[-64.609,-17.044],[-64.599,-17.047],[-64.593,-17.054],[-64.588,-17.054],[-64.586,-17.05],[-64.585,-17.044],[-64.582,-17.041],[-64.575,-17.033],[-64.57,-17.033],[-64.565,-17.036],[-64.564,-17.04],[-64.573,-17.049],[-64.579,-17.051],[-64.581,-17.056],[-64.577,-17.06],[-64.568,-17.058],[-64.566,-17.059],[-64.56,-17.066],[-64.553,-17.07],[-64.549,-17.068],[-64.55,-17.058],[-64.547,-17.055],[-64.544,-17.055],[-64.535,-17.057],[-64.519,-17.057],[-64.516,-17.06],[-64.516,-17.063],[-64.517,-17.064],[-64.528,-17.064],[-64.534,-17.072],[-64.543,-17.074],[-64.547,-17.079],[-64.55,-17.087],[-64.548,-17.09],[-64.536,-17.089],[-64.519,-17.099],[-64.508,-17.091],[-64.504,-17.09],[-64.5,-17.091],[-64.498,-17.103],[-64.481,-17.114],[-64.477,-17.118],[-64.477,-17.12],[-64.478,-17.123],[-64.488,-17.127],[-64.49,-17.131],[-64.487,-17.135],[-64.477,-17.138],[-64.469,-17.134],[-64.464,-17.133],[-64.46,-17.135],[-64.457,-17.141],[-64.451,-17.142],[-64.448,-17.14],[-64.44,-17.131],[-64.435,-17.13],[-64.432,-17.133],[-64.43,-17.138],[-64.435,-17.148],[-64.435,-17.154],[-64.433,-17.159],[-64.428,-17.159],[-64.425,-17.155],[-64.424,-17.141],[-64.419,-17.141],[-64.414,-17.15],[-64.411,-17.151],[-64.407,-17.149],[-64.402,-17.14],[-64.399,-17.139],[-64.395,-17.141],[-64.391,-17.145],[-64.392,-17.149],[-64.405,-17.15],[-64.407,-17.152],[-64.41,-17.156],[-64.409,-17.161],[-64.405,-17.163],[-64.401,-17.161],[-64.395,-17.154],[-64.392,-17.153],[-64.388,-17.156],[-64.386,-17.161],[-64.387,-17.165],[-64.399,-17.169],[-64.4,-17.173],[-64.398,-17.176],[-64.385,-17.174],[-64.375,-17.189],[-64.364,-17.184],[-64.359,-17.185],[-64.357,-17.187],[-64.356,-17.192],[-64.359,-17.198],[-64.36,-17.199],[-64.373,-17.197],[-64.375,-17.2],[-64.375,-17.202],[-64.368,-17.209],[-64.366,-17.216],[-64.371,-17.226],[-64.371,-17.23],[-64.356,-17.231],[-64.353,-17.23],[-64.353,-17.228],[-64.355,-17.221],[-64.353,-17.214],[-64.344,-17.21],[-64.336,-17.208],[-64.333,-17.214],[-64.337,-17.224],[-64.336,-17.232],[-64.333,-17.234],[-64.323,-17.237],[-64.321,-17.241],[-64.325,-17.245],[-64.334,-17.243],[-64.337,-17.244],[-64.34,-17.252],[-64.34,-17.264],[-64.337,-17.265],[-64.33,-17.262],[-64.315,-17.265],[-64.312,-17.268],[-64.311,-17.274],[-64.304,-17.278],[-64.301,-17.277],[-64.302,-17.272],[-64.311,-17.265],[-64.312,-17.262],[-64.31,-17.259],[-64.306,-17.257],[-64.296,-17.263],[-64.284,-17.265],[-64.282,-17.268],[-64.285,-17.276],[-64.284,-17.281],[-64.281,-17.284],[-64.275,-17.285],[-64.279,-17.291],[-64.275,-17.291],[-64.271,-17.294],[-64.267,-17.292],[-64.265,-17.294],[-64.266,-17.297],[-64.265,-17.299],[-64.262,-17.299],[-64.261,-17.297],[-64.258,-17.296],[-64.247,-17.302],[-64.246,-17.305],[-64.248,-17.307],[-64.246,-17.31],[-64.245,-17.318],[-64.239,-17.318],[-64.242,-17.322],[-64.241,-17.326],[-64.245,-17.331],[-64.241,-17.336],[-64.242,-17.339],[-64.24,-17.34],[-64.241,-17.343],[-64.237,-17.35],[-64.239,-17.361],[-64.237,-17.362],[-64.238,-17.367],[-64.234,-17.374],[-64.243,-17.399],[-64.254,-17.403],[-64.254,-17.406],[-64.249,-17.411],[-64.249,-17.412],[-64.253,-17.413],[-64.254,-17.416],[-64.258,-17.417],[-64.254,-17.423],[-64.255,-17.426],[-64.261,-17.423],[-64.269,-17.425],[-64.275,-17.423],[-64.282,-17.425],[-64.29,-17.433],[-64.296,-17.437],[-64.306,-17.437],[-64.314,-17.433],[-64.316,-17.427],[-64.324,-17.422],[-64.334,-17.423],[-64.335,-17.426],[-64.34,-17.428],[-64.349,-17.423],[-64.353,-17.429],[-64.353,-17.434],[-64.355,-17.438],[-64.357,-17.438],[-64.358,-17.434],[-64.36,-17.438],[-64.362,-17.44],[-64.362,-17.442],[-64.357,-17.442],[-64.357,-17.445],[-64.366,-17.444],[-64.368,-17.445],[-64.37,-17.446],[-64.373,-17.453],[-64.376,-17.453],[-64.378,-17.455],[-64.384,-17.457],[-64.391,-17.456],[-64.397,-17.451],[-64.399,-17.451],[-64.401,-17.454],[-64.406,-17.453],[-64.405,-17.457],[-64.4,-17.464],[-64.402,-17.467],[-64.405,-17.467],[-64.406,-17.471],[-64.406,-17.478],[-64.404,-17.48],[-64.401,-17.487],[-64.401,-17.494],[-64.403,-17.496],[-64.406,-17.495],[-64.407,-17.497],[-64.409,-17.498],[-64.409,-17.503],[-64.411,-17.504],[-64.409,-17.506],[-64.411,-17.509],[-64.409,-17.516],[-64.411,-17.519],[-64.416,-17.521],[-64.428,-17.523],[-64.428,-17.528],[-64.424,-17.535],[-64.424,-17.537],[-64.43,-17.54],[-64.429,-17.549],[-64.432,-17.56],[-64.467,-17.564],[-64.474,-17.559],[-64.478,-17.56],[-64.481,-17.558],[-64.483,-17.557],[-64.489,-17.56],[-64.496,-17.553],[-64.499,-17.555],[-64.501,-17.553],[-64.505,-17.552],[-64.506,-17.55],[-64.509,-17.548],[-64.514,-17.543],[-64.515,-17.538],[-64.52,-17.534],[-64.522,-17.54],[-64.526,-17.54],[-64.532,-17.548],[-64.544,-17.554],[-64.546,-17.561],[-64.55,-17.566],[-64.562,-17.564],[-64.585,-17.556],[-64.602,-17.557],[-64.603,-17.565],[-64.6,-17.573],[-64.599,-17.59],[-64.594,-17.593],[-64.592,-17.598],[-64.588,-17.601],[-64.592,-17.607],[-64.591,-17.613],[-64.592,-17.619],[-64.595,-17.624],[-64.594,-17.627],[-64.597,-17.635],[-64.602,-17.636],[-64.602,-17.641],[-64.614,-17.651],[-64.614,-17.659],[-64.617,-17.664],[-64.621,-17.663],[-64.625,-17.659],[-64.627,-17.659],[-64.63,-17.666],[-64.633,-17.67],[-64.636,-17.67],[-64.639,-17.675],[-64.641,-17.676],[-64.64,-17.679],[-64.642,-17.681],[-64.641,-17.683],[-64.642,-17.687],[-64.64,-17.695],[-64.64,-17.701],[-64.642,-17.704],[-64.639,-17.705],[-64.64,-17.708],[-64.648,-17.709],[-64.652,-17.714],[-64.659,-17.717],[-64.67,-17.714],[-64.674,-17.716],[-64.682,-17.716],[-64.688,-17.719],[-64.699,-17.715],[-64.702,-17.716],[-64.705,-17.718],[-64.705,-17.722],[-64.713,-17.732],[-64.718,-17.733],[-64.729,-17.734],[-64.732,-17.736],[-64.74,-17.737],[-64.746,-17.736],[-64.751,-17.742],[-64.753,-17.747],[-64.756,-17.75],[-64.763,-17.775],[-64.775,-17.808],[-64.778,-17.812],[-64.774,-17.816],[-64.774,-17.821],[-64.777,-17.826],[-64.778,-17.83],[-64.792,-17.845],[-64.806,-17.893],[-64.802,-17.898],[-64.795,-17.916],[-64.787,-17.933],[-64.811,-17.945],[-64.807,-17.947],[-64.804,-17.953],[-64.799,-17.958],[-64.799,-17.964],[-64.796,-17.968],[-64.786,-17.975],[-64.785,-17.979],[-64.783,-17.98],[-64.783,-17.982],[-64.78,-17.979],[-64.777,-17.981],[-64.774,-17.977],[-64.771,-17.982],[-64.766,-17.985],[-64.767,-17.99],[-64.763,-18.001],[-64.754,-18.015],[-64.75,-18.017],[-64.747,-18.027],[-64.737,-18.039],[-64.734,-18.038],[-64.725,-18.041],[-64.72,-18.044],[-64.718,-18.042],[-64.717,-18.043],[-64.717,-18.046],[-64.715,-18.05],[-64.716,-18.057],[-64.719,-18.061],[-64.714,-18.066],[-64.716,-18.072],[-64.714,-18.074],[-64.713,-18.072],[-64.711,-18.073],[-64.711,-18.078],[-64.71,-18.081],[-64.706,-18.085],[-64.701,-18.087],[-64.698,-18.093],[-64.694,-18.094],[-64.692,-18.099],[-64.686,-18.1],[-64.682,-18.099],[-64.679,-18.101],[-64.67,-18.1],[-64.666,-18.105],[-64.661,-18.104],[-64.655,-18.1],[-64.645,-18.103],[-64.643,-18.1],[-64.639,-18.099],[-64.635,-18.096],[-64.626,-18.097],[-64.624,-18.094],[-64.621,-18.096],[-64.616,-18.093],[-64.611,-18.096],[-64.61,-18.104],[-64.607,-18.104],[-64.604,-18.109],[-64.596,-18.108],[-64.583,-18.115],[-64.579,-18.115],[-64.573,-18.121],[-64.56,-18.125],[-64.558,-18.13],[-64.556,-18.132],[-64.55,-18.136],[-64.546,-18.136],[-64.543,-18.139],[-64.538,-18.147],[-64.539,-18.15],[-64.537,-18.153],[-64.53,-18.155],[-64.528,-18.158],[-64.53,-18.158],[-64.529,-18.16],[-64.522,-18.16],[-64.522,-18.162],[-64.526,-18.163],[-64.526,-18.165],[-64.52,-18.172],[-64.522,-18.176],[-64.523,-18.181],[-64.514,-18.186],[-64.512,-18.185],[-64.508,-18.189],[-64.508,-18.192],[-64.514,-18.198],[-64.514,-18.199],[-64.51,-18.199],[-64.509,-18.203],[-64.504,-18.205],[-64.497,-18.213],[-64.497,-18.215],[-64.499,-18.216],[-64.502,-18.222],[-64.501,-18.225],[-64.497,-18.227],[-64.5,-18.232],[-64.497,-18.236],[-64.492,-18.234],[-64.494,-18.237],[-64.491,-18.24],[-64.489,-18.256],[-64.485,-18.261],[-64.482,-18.261],[-64.486,-18.269],[-64.489,-18.27],[-64.489,-18.273],[-64.485,-18.271],[-64.483,-18.272],[-64.48,-18.279],[-64.484,-18.284],[-64.485,-18.294],[-64.484,-18.295],[-64.473,-18.295],[-64.473,-18.301],[-64.471,-18.304],[-64.464,-18.305],[-64.464,-18.306],[-64.467,-18.31],[-64.471,-18.312],[-64.463,-18.324],[-64.461,-18.323],[-64.463,-18.321],[-64.461,-18.319],[-64.459,-18.325],[-64.453,-18.323],[-64.451,-18.327],[-64.446,-18.325],[-64.445,-18.328],[-64.439,-18.329],[-64.434,-18.336],[-64.434,-18.339],[-64.437,-18.341],[-64.437,-18.344],[-64.44,-18.348],[-64.441,-18.353],[-64.445,-18.356],[-64.444,-18.358],[-64.44,-18.359],[-64.44,-18.365],[-64.445,-18.366],[-64.448,-18.374],[-64.446,-18.375],[-64.44,-18.369],[-64.436,-18.372],[-64.432,-18.373],[-64.43,-18.376],[-64.429,-18.38],[-64.431,-18.385],[-64.429,-18.392],[-64.434,-18.4],[-64.433,-18.404],[-64.43,-18.405],[-64.427,-18.409],[-64.428,-18.414],[-64.428,-18.418],[-64.421,-18.423],[-64.419,-18.43],[-64.417,-18.431],[-64.417,-18.433],[-64.412,-18.437],[-64.411,-18.443],[-64.406,-18.445],[-64.405,-18.448],[-64.403,-18.451],[-64.392,-18.45],[-64.382,-18.453],[-64.381,-18.457],[-64.373,-18.46],[-64.37,-18.463],[-64.364,-18.464],[-64.362,-18.47],[-64.358,-18.468],[-64.35,-18.475],[-64.344,-18.474],[-64.335,-18.476],[-64.334,-18.478],[-64.335,-18.485],[-64.328,-18.489],[-64.325,-18.497],[-64.323,-18.499],[-64.318,-18.495],[-64.31,-18.497],[-64.307,-18.495],[-64.306,-18.496],[-64.303,-18.5],[-64.306,-18.505],[-64.304,-18.51],[-64.304,-18.518],[-64.303,-18.519],[-64.3,-18.518],[-64.298,-18.52],[-64.301,-18.533],[-64.292,-18.534],[-64.288,-18.538],[-64.288,-18.54],[-64.291,-18.544],[-64.285,-18.555],[-64.288,-18.556],[-64.291,-18.551],[-64.294,-18.556],[-64.298,-18.557],[-64.299,-18.558],[-64.296,-18.56],[-64.293,-18.56],[-64.297,-18.565],[-64.289,-18.569],[-64.287,-18.578],[-64.288,-18.581],[-64.292,-18.584],[-64.291,-18.588],[-64.286,-18.59],[-64.284,-18.595],[-64.28,-18.596],[-64.281,-18.6],[-64.288,-18.606],[-64.289,-18.613],[-64.291,-18.616],[-64.293,-18.616],[-64.294,-18.613],[-64.296,-18.611],[-64.298,-18.616],[-64.304,-18.616],[-64.305,-18.618],[-64.305,-18.624],[-64.31,-18.624],[-64.315,-18.626],[-64.317,-18.631],[-64.314,-18.635],[-64.315,-18.638],[-64.311,-18.642],[-64.31,-18.646],[-64.313,-18.646],[-64.318,-18.642],[-64.32,-18.651],[-64.319,-18.654],[-64.325,-18.657],[-64.325,-18.66],[-64.329,-18.665],[-64.341,-18.668],[-64.346,-18.663],[-64.353,-18.647],[-64.358,-18.639],[-64.361,-18.627],[-64.361,-18.615],[-64.364,-18.616],[-64.366,-18.621],[-64.371,-18.623],[-64.381,-18.622],[-64.386,-18.625],[-64.389,-18.623],[-64.398,-18.622],[-64.416,-18.629],[-64.424,-18.628],[-64.43,-18.63],[-64.433,-18.632],[-64.438,-18.641],[-64.44,-18.65],[-64.446,-18.653],[-64.453,-18.653],[-64.457,-18.654],[-64.464,-18.664],[-64.47,-18.668],[-64.479,-18.668],[-64.491,-18.672],[-64.5,-18.671],[-64.508,-18.67],[-64.511,-18.667],[-64.514,-18.67],[-64.518,-18.676],[-64.52,-18.676],[-64.533,-18.675],[-64.54,-18.676],[-64.545,-18.674],[-64.558,-18.675],[-64.56,-18.672],[-64.564,-18.662],[-64.574,-18.654],[-64.584,-18.653],[-64.595,-18.644],[-64.602,-18.643],[-64.608,-18.643],[-64.612,-18.639],[-64.622,-18.633],[-64.624,-18.623],[-64.634,-18.617],[-64.637,-18.604],[-64.643,-18.605],[-64.647,-18.603],[-64.648,-18.595],[-64.643,-18.592],[-64.643,-18.589],[-64.652,-18.572],[-64.663,-18.571],[-64.671,-18.566],[-64.675,-18.561],[-64.682,-18.542],[-64.686,-18.539],[-64.694,-18.538],[-64.697,-18.53],[-64.701,-18.53],[-64.703,-18.538],[-64.705,-18.54],[-64.712,-18.535],[-64.722,-18.537],[-64.726,-18.534],[-64.735,-18.538],[-64.743,-18.534],[-64.75,-18.535],[-64.764,-18.529],[-64.771,-18.529],[-64.784,-18.526],[-64.788,-18.521],[-64.786,-18.516],[-64.797,-18.502],[-64.799,-18.494],[-64.807,-18.488],[-64.812,-18.49],[-64.819,-18.488],[-64.827,-18.49],[-64.831,-18.49],[-64.84,-18.484],[-64.843,-18.484],[-64.851,-18.489],[-64.858,-18.487],[-64.863,-18.494],[-64.866,-18.491],[-64.871,-18.492],[-64.873,-18.489],[-64.875,-18.489],[-64.879,-18.492],[-64.884,-18.494],[-64.888,-18.498],[-64.902,-18.503],[-64.908,-18.504],[-64.914,-18.511],[-64.932,-18.518],[-64.936,-18.53],[-64.95,-18.536],[-64.953,-18.54],[-64.96,-18.543],[-64.957,-18.552],[-64.959,-18.553],[-64.966,-18.556],[-64.971,-18.555],[-64.975,-18.559],[-64.983,-18.561],[-64.986,-18.559],[-64.99,-18.561],[-64.995,-18.557],[-65.001,-18.559],[-65.001,-18.566],[-65.005,-18.573],[-65.014,-18.577],[-65.016,-18.581],[-65.021,-18.584],[-65.022,-18.593],[-65.021,-18.599],[-65.026,-18.599],[-65.031,-18.598],[-65.035,-18.599],[-65.038,-18.601],[-65.039,-18.609],[-65.046,-18.612],[-65.048,-18.613],[-65.045,-18.624],[-65.051,-18.63],[-65.048,-18.634],[-65.049,-18.641],[-65.048,-18.646],[-65.044,-18.652],[-65.039,-18.649],[-65.036,-18.663],[-65.032,-18.669],[-65.04,-18.679],[-65.044,-18.682],[-65.047,-18.679],[-65.05,-18.675],[-65.058,-18.675],[-65.077,-18.659],[-65.085,-18.662],[-65.089,-18.658],[-65.097,-18.657],[-65.1,-18.649],[-65.102,-18.64],[-65.109,-18.637],[-65.114,-18.633],[-65.122,-18.633],[-65.127,-18.626],[-65.132,-18.625],[-65.145,-18.617],[-65.147,-18.614],[-65.147,-18.606],[-65.155,-18.613],[-65.164,-18.61],[-65.169,-18.612],[-65.176,-18.619],[-65.184,-18.618],[-65.203,-18.624],[-65.206,-18.623],[-65.207,-18.618],[-65.211,-18.614],[-65.215,-18.611],[-65.234,-18.613],[-65.244,-18.611],[-65.248,-18.601],[-65.245,-18.596],[-65.246,-18.592],[-65.245,-18.58],[-65.239,-18.563],[-65.238,-18.556],[-65.239,-18.547],[-65.245,-18.534],[-65.243,-18.526],[-65.247,-18.52],[-65.246,-18.506],[-65.253,-18.504],[-65.262,-18.507],[-65.278,-18.509],[-65.283,-18.503],[-65.288,-18.501],[-65.288,-18.496],[-65.292,-18.492],[-65.293,-18.486],[-65.289,-18.475],[-65.29,-18.47],[-65.292,-18.464],[-65.296,-18.46],[-65.297,-18.456],[-65.31,-18.443],[-65.312,-18.443],[-65.318,-18.447],[-65.32,-18.453],[-65.326,-18.459],[-65.328,-18.459],[-65.332,-18.458],[-65.335,-18.454],[-65.336,-18.448],[-65.334,-18.443],[-65.334,-18.432],[-65.33,-18.426],[-65.333,-18.423],[-65.346,-18.418],[-65.351,-18.408],[-65.364,-18.4],[-65.365,-18.398],[-65.374,-18.394],[-65.379,-18.388],[-65.382,-18.386],[-65.388,-18.38],[-65.393,-18.377],[-65.396,-18.373],[-65.404,-18.367],[-65.42,-18.362],[-65.422,-18.363],[-65.429,-18.369],[-65.439,-18.365],[-65.441,-18.36],[-65.447,-18.358],[-65.449,-18.354],[-65.455,-18.35],[-65.458,-18.345],[-65.464,-18.341],[-65.463,-18.334],[-65.471,-18.325],[-65.475,-18.315],[-65.476,-18.31],[-65.473,-18.305],[-65.479,-18.302],[-65.48,-18.298],[-65.477,-18.294],[-65.479,-18.293],[-65.484,-18.296],[-65.488,-18.292],[-65.493,-18.278],[-65.501,-18.269],[-65.502,-18.257],[-65.51,-18.255],[-65.515,-18.252],[-65.522,-18.253],[-65.527,-18.245],[-65.534,-18.242],[-65.536,-18.247],[-65.539,-18.245],[-65.544,-18.246],[-65.549,-18.238],[-65.554,-18.238],[-65.561,-18.234],[-65.565,-18.234],[-65.572,-18.222],[-65.575,-18.221],[-65.579,-18.216],[-65.584,-18.214],[-65.585,-18.208],[-65.592,-18.207],[-65.594,-18.206],[-65.594,-18.204],[-65.597,-18.204],[-65.6,-18.188],[-65.603,-18.185],[-65.604,-18.176],[-65.613,-18.17],[-65.614,-18.166],[-65.617,-18.164],[-65.623,-18.157],[-65.632,-18.152],[-65.634,-18.146],[-65.639,-18.142],[-65.638,-18.137],[-65.641,-18.137],[-65.646,-18.139],[-65.651,-18.139],[-65.654,-18.133],[-65.661,-18.132],[-65.665,-18.126],[-65.669,-18.126],[-65.671,-18.12],[-65.676,-18.12],[-65.681,-18.117],[-65.684,-18.113],[-65.684,-18.108],[-65.688,-18.099],[-65.693,-18.094],[-65.698,-18.094],[-65.704,-18.089],[-65.709,-18.078],[-65.715,-18.076],[-65.724,-18.068],[-65.728,-18.067],[-65.73,-18.061],[-65.733,-18.061],[-65.741,-18.059],[-65.741,-18.054],[-65.744,-18.05],[-65.752,-18.049],[-65.756,-18.043],[-65.764,-18.041],[-65.768,-18.036],[-65.772,-18.037],[-65.783,-18.032],[-65.783,-18.027],[-65.781,-18.024],[-65.783,-18.021],[-65.787,-18.02],[-65.788,-18.017],[-65.791,-18.014],[-65.798,-18.013],[-65.801,-18.009],[-65.804,-18.009],[-65.806,-18.01],[-65.812,-18.008],[-65.816,-18.002],[-65.827,-17.997],[-65.83,-17.988],[-65.836,-17.987],[-65.837,-17.985],[-65.843,-17.98],[-65.845,-17.974],[-65.849,-17.974],[-65.851,-17.976],[-65.853,-17.974],[-65.858,-17.975],[-65.864,-17.971],[-65.868,-17.971],[-65.871,-17.976],[-65.875,-17.978],[-65.888,-17.98],[-65.888,-17.983],[-65.892,-17.984],[-65.895,-17.987],[-65.907,-17.987],[-65.914,-17.992],[-65.926,-17.994],[-65.934,-17.992],[-65.934,-17.984],[-65.941,-17.981],[-65.943,-17.977],[-65.941,-17.962],[-65.943,-17.96],[-65.943,-17.956],[-65.949,-17.955],[-65.95,-17.949],[-65.956,-17.947],[-65.96,-17.947],[-65.961,-17.953],[-65.964,-17.953],[-65.968,-17.952],[-65.975,-17.942],[-65.984,-17.939],[-65.989,-17.935],[-65.993,-17.918],[-66.002,-17.911],[-66.007,-17.9],[-66.01,-17.898],[-66.013,-17.889],[-66.017,-17.886],[-66.017,-17.875],[-66.023,-17.874],[-66.026,-17.868],[-66.025,-17.864],[-66.035,-17.856],[-66.036,-17.851],[-66.041,-17.846],[-66.044,-17.839],[-66.053,-17.835],[-66.059,-17.827],[-66.062,-17.827],[-66.069,-17.822],[-66.073,-17.822],[-66.078,-17.819],[-66.081,-17.819],[-66.083,-17.814],[-66.092,-17.808],[-66.1,-17.807],[-66.104,-17.816],[-66.108,-17.819],[-66.11,-17.827],[-66.112,-17.827],[-66.114,-17.834],[-66.116,-17.837],[-66.117,-17.84],[-66.116,-17.842],[-66.118,-17.85],[-66.116,-17.854],[-66.116,-17.858],[-66.134,-17.878],[-66.146,-17.884],[-66.152,-17.891],[-66.159,-17.899],[-66.157,-17.903],[-66.159,-17.903],[-66.164,-17.907],[-66.162,-17.912],[-66.166,-17.915],[-66.165,-17.926],[-66.172,-17.928],[-66.18,-17.933],[-66.19,-17.931],[-66.197,-17.926],[-66.203,-17.931],[-66.21,-17.932],[-66.211,-17.935],[-66.216,-17.935],[-66.219,-17.938],[-66.219,-17.941],[-66.222,-17.942],[-66.223,-17.949],[-66.226,-17.953],[-66.237,-17.949],[-66.247,-17.953],[-66.25,-17.937],[-66.252,-17.934],[-66.261,-17.939],[-66.266,-17.946],[-66.267,-17.951],[-66.272,-17.954],[-66.278,-17.964],[-66.281,-17.966],[-66.287,-17.963],[-66.309,-17.962],[-66.32,-17.949],[-66.327,-17.953],[-66.338,-17.954],[-66.343,-17.957],[-66.344,-17.96],[-66.351,-17.96],[-66.359,-17.957],[-66.372,-17.957],[-66.372,-17.958],[-66.381,-17.96],[-66.388,-17.964],[-66.395,-17.963],[-66.413,-17.971],[-66.419,-17.976],[-66.431,-17.973],[-66.445,-17.979],[-66.446,-17.981],[-66.461,-17.993],[-66.473,-18.001],[-66.472,-18.004],[-66.474,-18.007],[-66.485,-18.014],[-66.493,-18.022],[-66.512,-18.036],[-66.518,-18.047],[-66.533,-18.058],[-66.532,-18.066],[-66.53,-18.069],[-66.524,-18.082],[-66.523,-18.09],[-66.527,-18.089],[-66.531,-18.085],[-66.535,-18.085],[-66.536,-18.083],[-66.537,-18.084],[-66.54,-18.082],[-66.546,-18.083],[-66.548,-18.08],[-66.565,-18.076],[-66.577,-18.083],[-66.595,-18.084],[-66.601,-18.082],[-66.608,-18.086],[-66.613,-18.093],[-66.614,-18.097],[-66.619,-18.097],[-66.62,-18.106],[-66.626,-18.113],[-66.631,-18.116],[-66.637,-18.119],[-66.66,-18.118],[-66.671,-18.111],[-66.676,-18.109],[-66.678,-18.113],[-66.68,-18.113],[-66.681,-18.111],[-66.685,-18.112],[-66.686,-18.114],[-66.684,-18.114],[-66.684,-18.116],[-66.69,-18.12],[-66.696,-18.121],[-66.705,-18.12],[-66.712,-18.117],[-66.725,-18.116],[-66.758,-18.135],[-66.761,-18.136],[-66.785,-18.136],[-66.796,-18.13],[-66.799,-18.125],[-66.816,-18.111],[-66.818,-18.102],[-66.822,-18.094],[-66.832,-18.083],[-66.833,-18.062],[-66.841,-18.052],[-66.836,-18.048],[-66.827,-18.037],[-66.822,-18.025],[-66.801,-18.004],[-66.788,-17.988],[-66.781,-17.985],[-66.748,-17.953],[-66.738,-17.94],[-66.715,-17.9],[-66.713,-17.894],[-66.714,-17.885],[-66.716,-17.878],[-66.722,-17.87],[-66.723,-17.866],[-66.721,-17.857],[-66.723,-17.851],[-66.723,-17.848],[-66.731,-17.841],[-66.747,-17.838],[-66.751,-17.835],[-66.757,-17.825],[-66.764,-17.803],[-66.771,-17.793],[-66.776,-17.791],[-66.772,-17.782],[-66.779,-17.784],[-66.782,-17.781],[-66.796,-17.782],[-66.797,-17.777],[-66.816,-17.757],[-66.822,-17.737],[-66.835,-17.726],[-66.851,-17.719],[-66.861,-17.713],[-66.87,-17.702],[-66.871,-17.692],[-66.877,-17.69],[-66.879,-17.679],[-66.892,-17.666],[-66.888,-17.639],[-66.883,-17.633],[-66.872,-17.625],[-66.873,-17.617],[-66.886,-17.6],[-66.9,-17.591],[-66.892,-17.586],[-66.885,-17.575],[-66.886,-17.569],[-66.883,-17.567],[-66.88,-17.561],[-66.876,-17.56],[-66.873,-17.557],[-66.878,-17.542],[-66.87,-17.539],[-66.861,-17.54],[-66.848,-17.534],[-66.84,-17.534],[-66.835,-17.527],[-66.829,-17.528],[-66.825,-17.526],[-66.817,-17.517],[-66.816,-17.512],[-66.817,-17.507],[-66.816,-17.504],[-66.822,-17.499],[-66.823,-17.493],[-66.827,-17.489],[-66.831,-17.48],[-66.835,-17.477],[-66.835,-17.472],[-66.837,-17.468],[-66.837,-17.463],[-66.836,-17.451],[-66.84,-17.447],[-66.844,-17.442],[-66.863,-17.436],[-66.869,-17.427],[-66.872,-17.426],[-66.875,-17.422],[-66.877,-17.417],[-66.874,-17.41],[-66.867,-17.403],[-66.865,-17.389],[-66.853,-17.385],[-66.847,-17.386],[-66.846,-17.384],[-66.85,-17.382],[-66.851,-17.378],[-66.846,-17.365],[-66.847,-17.361],[-66.845,-17.354],[-66.85,-17.349],[-66.858,-17.348],[-66.859,-17.341],[-66.856,-17.338],[-66.849,-17.338],[-66.847,-17.337],[-66.843,-17.317],[-66.844,-17.316],[-66.847,-17.315],[-66.857,-17.311],[-66.867,-17.304],[-66.873,-17.302],[-66.883,-17.292],[-66.888,-17.29],[-66.889,-17.278],[-66.888,-17.276],[-66.889,-17.273],[-66.887,-17.271],[-66.889,-17.266],[-66.879,-17.248],[-66.877,-17.234],[-66.882,-17.226],[-66.882,-17.22],[-66.889,-17.214],[-66.89,-17.206],[-66.889,-17.2],[-66.889,-17.196],[-66.891,-17.195],[-66.89,-17.19],[-66.885,-17.185],[-66.886,-17.178],[-66.885,-17.166],[-66.883,-17.161],[-66.884,-17.157],[-66.889,-17.148],[-66.89,-17.14],[-66.897,-17.134],[-66.905,-17.123],[-66.915,-17.114],[-66.926,-17.111],[-66.931,-17.107],[-66.94,-17.094],[-66.944,-17.084],[-66.952,-17.077],[-66.957,-17.072],[-66.957,-17.066],[-66.969,-17.057],[-66.974,-17.051],[-66.981,-17.047],[-66.985,-17.039],[-66.984,-17.034],[-66.987,-17.026],[-66.991,-17.02],[-66.991,-17.014],[-67.002,-16.989],[-67.002,-16.977],[-67.0,-16.968],[-67.001,-16.962],[-67.004,-16.959],[-67.006,-16.955],[-67.003,-16.948],[-66.992,-16.942],[-66.992,-16.933],[-66.978,-16.929],[-66.971,-16.924],[-66.97,-16.921],[-66.976,-16.906],[-66.974,-16.892],[-66.972,-16.89],[-66.965,-16.887],[-66.956,-16.878],[-66.952,-16.876],[-66.947,-16.869],[-66.942,-16.856],[-66.939,-16.853],[-66.935,-16.852],[-66.924,-16.836],[-66.915,-16.836],[-66.911,-16.833],[-66.907,-16.836],[-66.904,-16.837],[-66.901,-16.834],[-66.895,-16.834],[-66.891,-16.835],[-66.888,-16.834],[-66.885,-16.838],[-66.882,-16.836],[-66.87,-16.835],[-66.866,-16.833],[-66.858,-16.836],[-66.854,-16.834],[-66.842,-16.84],[-66.839,-16.839],[-66.837,-16.841],[-66.833,-16.84],[-66.83,-16.837],[-66.827,-16.837],[-66.826,-16.835],[-66.822,-16.834],[-66.821,-16.831],[-66.815,-16.829],[-66.807,-16.821],[-66.8,-16.818],[-66.797,-16.812],[-66.793,-16.81],[-66.789,-16.807],[-66.785,-16.806],[-66.784,-16.803],[-66.781,-16.8],[-66.785,-16.796],[-66.784,-16.793],[-66.776,-16.784],[-66.769,-16.786],[-66.762,-16.782],[-66.76,-16.776],[-66.759,-16.77],[-66.752,-16.769],[-66.741,-16.755],[-66.741,-16.75],[-66.746,-16.741],[-66.745,-16.738],[-66.741,-16.736],[-66.744,-16.731],[-66.744,-16.72],[-66.753,-16.706],[-66.758,-16.703],[-66.758,-16.699],[-66.757,-16.697],[-66.759,-16.694],[-66.756,-16.69],[-66.756,-16.686],[-66.754,-16.684],[-66.754,-16.676],[-66.747,-16.667],[-66.747,-16.662],[-66.741,-16.657],[-66.743,-16.649],[-66.742,-16.644],[-66.745,-16.64],[-66.745,-16.633],[-66.747,-16.632],[-66.742,-16.628],[-66.741,-16.625],[-66.737,-16.623],[-66.737,-16.617],[-66.734,-16.613],[-66.738,-16.607],[-66.737,-16.605],[-66.738,-16.6],[-66.734,-16.596],[-66.734,-16.593],[-66.732,-16.59],[-66.738,-16.578],[-66.743,-16.578],[-66.742,-16.571],[-66.748,-16.564],[-66.76,-16.544],[-66.765,-16.543],[-66.765,-16.536],[-66.769,-16.534],[-66.776,-16.522],[-66.777,-16.517],[-66.769,-16.512],[-66.769,-16.505],[-66.773,-16.5],[-66.782,-16.494],[-66.789,-16.485],[-66.788,-16.474],[-66.785,-16.472],[-66.783,-16.468],[-66.782,-16.462],[-66.786,-16.456],[-66.785,-16.451],[-66.788,-16.443],[-66.787,-16.436],[-66.785,-16.432],[-66.786,-16.428],[-66.783,-16.42],[-66.786,-16.414],[-66.791,-16.412],[-66.789,-16.409],[-66.795,-16.398],[-66.794,-16.391],[-66.797,-16.376],[-66.796,-16.366],[-66.799,-16.354],[-66.795,-16.344],[-66.798,-16.33],[-66.799,-16.329],[-66.799,-16.321],[-66.803,-16.312],[-66.802,-16.308],[-66.804,-16.303],[-66.804,-16.302],[-66.801,-16.302],[-66.8,-16.3],[-66.8,-16.296],[-66.807,-16.288],[-66.809,-16.283],[-66.816,-16.281],[-66.82,-16.275],[-66.82,-16.269],[-66.828,-16.269],[-66.834,-16.261],[-66.843,-16.258],[-66.85,-16.252],[-66.854,-16.245],[-66.851,-16.244],[-66.85,-16.241],[-66.85,-16.237],[-66.853,-16.234],[-66.847,-16.228],[-66.85,-16.224],[-66.85,-16.218],[-66.852,-16.217],[-66.848,-16.213],[-66.848,-16.211],[-66.846,-16.209],[-66.844,-16.195],[-66.848,-16.193],[-66.851,-16.182],[-66.859,-16.173],[-66.863,-16.165],[-66.871,-16.161],[-66.868,-16.152],[-66.874,-16.147],[-66.876,-16.139],[-66.883,-16.134],[-66.884,-16.131],[-66.885,-16.127],[-66.889,-16.124],[-66.888,-16.12],[-66.89,-16.117],[-66.894,-16.112],[-66.898,-16.112],[-66.903,-16.104],[-66.91,-16.105],[-66.913,-16.096],[-66.919,-16.095],[-66.92,-16.091],[-66.92,-16.085],[-66.918,-16.082],[-66.918,-16.069],[-66.913,-16.068],[-66.91,-16.064],[-66.913,-16.061],[-66.909,-16.053],[-66.911,-16.049],[-66.909,-16.047],[-66.909,-16.046],[-66.913,-16.042],[-66.912,-16.033],[-66.913,-16.026],[-66.916,-16.022],[-66.914,-16.016],[-66.917,-16.011],[-66.917,-16.004],[-66.922,-16.001],[-66.921,-15.998],[-66.91,-15.991],[-66.912,-15.988],[-66.912,-15.986],[-66.914,-15.98],[-66.91,-15.973],[-66.906,-15.968],[-66.905,-15.963],[-66.902,-15.961],[-66.9,-15.961],[-66.899,-15.956],[-66.895,-15.952],[-66.889,-15.95],[-66.884,-15.942],[-66.879,-15.944],[-66.875,-15.938],[-66.869,-15.935],[-66.878,-15.926],[-66.879,-15.922],[-66.875,-15.919],[-66.879,-15.914],[-66.881,-15.909],[-66.89,-15.898],[-66.888,-15.894],[-66.883,-15.89],[-66.882,-15.884],[-66.883,-15.879],[-66.887,-15.873],[-66.895,-15.872],[-66.901,-15.868],[-66.903,-15.862],[-66.9,-15.856],[-66.902,-15.852],[-66.901,-15.849],[-66.907,-15.848],[-66.907,-15.844],[-66.9,-15.835],[-66.899,-15.828],[-66.896,-15.826],[-66.897,-15.823],[-66.895,-15.821],[-66.893,-15.82],[-66.891,-15.816],[-66.884,-15.809],[-66.882,-15.809],[-66.874,-15.796],[-66.864,-15.792],[-66.86,-15.783],[-66.849,-15.788],[-66.837,-15.797],[-66.834,-15.795],[-66.83,-15.791],[-66.826,-15.789],[-66.812,-15.786],[-66.813,-15.782],[-66.809,-15.78],[-66.807,-15.78],[-66.804,-15.784],[-66.803,-15.783],[-66.8,-15.785],[-66.795,-15.785]]]}},{"type":"Feature","properties":{"shapeName":"La Paz"},"geometry":{"type":"MultiPolygon","coordinates":[[[[-68.772,-16.369],[-68.767,-16.372],[-68.767,-16.374],[-68.77,-16.372],[-68.774,-16.373],[-68.774,-16.37],[-68.772,-16.369]]],[[[-68.7,-16.358],[-68.704,-16.359],[-68.705,-16.356],[-68.7,-16.353],[-68.7,-16.358]]],[[[-68.688,-16.351],[-68.688,-16.353],[-68.692,-16.351],[-68.693,-16.352],[-68.694,-16.349],[-68.693,-16.347],[-68.687,-16.347],[-68.688,-16.351]]],[[[-68.739,-16.345],[-68.736,-16.346],[-68.736,-16.35],[-68.732,-16.353],[-68.732,-16.355],[-68.734,-16.357],[-68.73,-16.365],[-68.734,-16.363],[-68.736,-16.356],[-68.742,-16.352],[-68.745,-16.349],[-68.744,-16.342],[-68.739,-16.345]]],[[[-68.753,-16.33],[-68.759,-16.33],[-68.759,-16.324],[-68.753,-16.328],[-68.752,-16.33],[-68.753,-16.33]]],[[[-68.77,-16.293],[-68.762,-16.297],[-68.759,-16.297],[-68.752,-16.299],[-68.751,-16.3],[-68.756,-16.302],[-68.756,-16.305],[-68.747,-16.307],[-68.747,-16.309],[-68.755,-16.311],[-68.756,-16.313],[-68.759,-16.309],[-68.76,-16.309],[-68.761,-16.314],[-68.76,-16.315],[-68.761,-16.317],[-68.768,-16.313],[-68.77,-16.309],[-68.774,-16.31],[-68.777,-16.309],[-68.781,-16.301],[-68.78,-16.296],[-68.778,-16.293],[-68.772,-16.292],[-68.77,-16.293]]],[[[-68.824,-16.276],[-68.822,-16.278],[-68.818,-16.281],[-68.818,-16.283],[-68.812,-16.281],[-68.804,-16.286],[-68.802,-16.292],[-68.804,-16.296],[-68.802,-16.3],[-68.804,-16.302],[-68.806,-16.303],[-68.807,-16.301],[-68.805,-16.297],[-68.81,-16.298],[-68.815,-16.303],[-68.817,-16.302],[-68.823,-16.296],[-68.824,-16.292],[-68.82,-16.287],[-68.825,-16.285],[-68.826,-16.28],[-68.83,-16.276],[-68.824,-16.276]]],[[[-68.847,-16.27],[-68.851,-16.275],[-68.849,-16.278],[-68.851,-16.28],[-68.851,-16.274],[-68.847,-16.27]]],[[[-68.867,-16.268],[-68.866,-16.27],[-68.867,-16.273],[-68.871,-16.275],[-68.872,-16.271],[-68.871,-16.269],[-68.869,-16.267],[-68.867,-16.268]]],[[[-68.603,-16.225],[-68.6,-16.228],[-68.597,-16.227],[-68.593,-16.23],[-68.591,-16.237],[-68.588,-16.239],[-68.593,-16.248],[-68.596,-16.246],[-68.599,-16.243],[-68.6,-16.229],[-68.605,-16.225],[-68.605,-16.223],[-68.603,-16.225]]],[[[-68.865,-16.073],[-68.866,-16.072],[-68.865,-16.069],[-68.862,-16.069],[-68.862,-16.071],[-68.865,-16.073]]],[[[-69.132,-16.056],[-69.124,-16.059],[-69.113,-16.061],[-69.113,-16.064],[-69.109,-16.065],[-69.11,-16.067],[-69.106,-16.066],[-69.098,-16.071],[-69.097,-16.074],[-69.093,-16.074],[-69.092,-16.077],[-69.089,-16.077],[-69.085,-16.082],[-69.083,-16.082],[-69.076,-16.09],[-69.072,-16.091],[-69.057,-16.093],[-69.055,-16.097],[-69.05,-16.095],[-69.046,-16.098],[-69.045,-16.101],[-69.042,-16.102],[-69.039,-16.101],[-69.022,-16.11],[-69.012,-16.113],[-69.007,-16.117],[-69.007,-16.12],[-68.996,-16.128],[-68.991,-16.128],[-68.983,-16.136],[-68.976,-16.141],[-68.974,-16.15],[-68.967,-16.157],[-68.961,-16.168],[-68.96,-16.174],[-68.955,-16.177],[-68.952,-16.174],[-68.95,-16.176],[-68.951,-16.18],[-68.948,-16.178],[-68.946,-16.181],[-68.942,-16.179],[-68.937,-16.184],[-68.931,-16.184],[-68.919,-16.188],[-68.918,-16.189],[-68.914,-16.188],[-68.913,-16.19],[-68.912,-16.189],[-68.905,-16.19],[-68.901,-16.194],[-68.898,-16.194],[-68.897,-16.197],[-68.893,-16.197],[-68.892,-16.2],[-68.887,-16.202],[-68.882,-16.201],[-68.881,-16.205],[-68.876,-16.206],[-68.872,-16.211],[-68.868,-16.211],[-68.862,-16.217],[-68.858,-16.216],[-68.85,-16.225],[-68.84,-16.229],[-68.837,-16.234],[-68.831,-16.237],[-68.83,-16.247],[-68.833,-16.249],[-68.834,-16.253],[-68.837,-16.252],[-68.839,-16.253],[-68.833,-16.264],[-68.838,-16.262],[-68.837,-16.273],[-68.843,-16.27],[-68.845,-16.264],[-68.848,-16.267],[-68.854,-16.268],[-68.861,-16.265],[-68.863,-16.267],[-68.866,-16.266],[-68.866,-16.263],[-68.876,-16.267],[-68.874,-16.264],[-68.879,-16.264],[-68.882,-16.266],[-68.892,-16.26],[-68.895,-16.257],[-68.898,-16.246],[-68.897,-16.243],[-68.89,-16.238],[-68.889,-16.234],[-68.903,-16.226],[-68.909,-16.219],[-68.912,-16.219],[-68.913,-16.221],[-68.914,-16.217],[-68.917,-16.216],[-68.919,-16.214],[-68.919,-16.21],[-68.916,-16.21],[-68.916,-16.209],[-68.917,-16.206],[-68.92,-16.203],[-68.924,-16.201],[-68.931,-16.2],[-68.939,-16.194],[-68.953,-16.195],[-68.959,-16.196],[-68.963,-16.192],[-68.976,-16.193],[-68.979,-16.19],[-68.985,-16.191],[-68.99,-16.196],[-68.999,-16.2],[-69.005,-16.206],[-69.009,-16.22],[-69.017,-16.223],[-69.021,-16.215],[-69.028,-16.21],[-69.055,-16.198],[-69.062,-16.207],[-69.078,-16.221],[-69.096,-16.226],[-69.102,-16.226],[-69.095,-16.22],[-69.095,-16.216],[-69.093,-16.215],[-69.097,-16.212],[-69.098,-16.207],[-69.107,-16.207],[-69.105,-16.203],[-69.108,-16.198],[-69.116,-16.197],[-69.12,-16.195],[-69.124,-16.201],[-69.126,-16.2],[-69.127,-16.198],[-69.124,-16.192],[-69.123,-16.186],[-69.12,-16.182],[-69.102,-16.18],[-69.099,-16.178],[-69.09,-16.167],[-69.093,-16.163],[-69.093,-16.16],[-69.087,-16.158],[-69.083,-16.159],[-69.078,-16.155],[-69.075,-16.147],[-69.077,-16.145],[-69.079,-16.14],[-69.082,-16.14],[-69.088,-16.135],[-69.09,-16.131],[-69.092,-16.132],[-69.094,-16.13],[-69.091,-16.127],[-69.086,-16.129],[-69.083,-16.125],[-69.085,-16.117],[-69.091,-16.114],[-69.096,-16.108],[-69.095,-16.106],[-69.094,-16.107],[-69.092,-16.105],[-69.093,-16.102],[-69.097,-16.101],[-69.098,-16.104],[-69.101,-16.103],[-69.101,-16.102],[-69.099,-16.101],[-69.1,-16.099],[-69.103,-16.102],[-69.106,-16.102],[-69.115,-16.097],[-69.136,-16.078],[-69.12,-16.091],[-69.112,-16.095],[-69.112,-16.09],[-69.117,-16.081],[-69.121,-16.078],[-69.122,-16.073],[-69.125,-16.073],[-69.125,-16.071],[-69.13,-16.066],[-69.128,-16.064],[-69.133,-16.057],[-69.132,-16.056]]],[[[-69.07,-16.038],[-69.066,-16.041],[-69.061,-16.048],[-69.065,-16.045],[-69.071,-16.045],[-69.081,-16.035],[-69.082,-16.031],[-69.07,-16.038]]],[[[-69.224,-15.994],[-69.214,-15.998],[-69.216,-15.998],[-69.224,-15.994]]],[[[-69.178,-15.985],[-69.176,-15.987],[-69.179,-15.986],[-69.178,-15.985]]],[[[-69.193,-15.982],[-69.191,-15.986],[-69.186,-15.989],[-69.189,-15.993],[-69.186,-15.997],[-69.183,-15.997],[-69.181,-15.996],[-69.18,-15.99],[-69.178,-15.991],[-69.176,-15.989],[-69.174,-15.992],[-69.169,-15.995],[-69.168,-15.997],[-69.171,-15.998],[-69.176,-15.997],[-69.177,-15.995],[-69.181,-15.997],[-69.181,-16.001],[-69.174,-16.009],[-69.174,-16.01],[-69.169,-16.013],[-69.166,-16.009],[-69.162,-16.008],[-69.162,-16.004],[-69.157,-16.009],[-69.155,-16.014],[-69.158,-16.017],[-69.157,-16.019],[-69.151,-16.02],[-69.144,-16.024],[-69.145,-16.026],[-69.143,-16.029],[-69.145,-16.034],[-69.142,-16.044],[-69.144,-16.048],[-69.141,-16.053],[-69.145,-16.053],[-69.148,-16.046],[-69.153,-16.043],[-69.153,-16.04],[-69.158,-16.04],[-69.158,-16.038],[-69.161,-16.038],[-69.162,-16.036],[-69.164,-16.036],[-69.165,-16.033],[-69.173,-16.029],[-69.176,-16.032],[-69.171,-16.037],[-69.169,-16.045],[-69.163,-16.056],[-69.171,-16.05],[-69.174,-16.04],[-69.187,-16.033],[-69.202,-16.008],[-69.201,-16.006],[-69.193,-16.012],[-69.19,-16.009],[-69.19,-16.007],[-69.197,-16.0],[-69.197,-15.997],[-69.202,-15.994],[-69.203,-15.991],[-69.206,-15.991],[-69.211,-15.993],[-69.214,-15.988],[-69.211,-15.985],[-69.204,-15.987],[-69.202,-15.986],[-69.201,-15.987],[-69.201,-15.989],[-69.197,-15.989],[-69.194,-15.991],[-69.192,-15.989],[-69.192,-15.985],[-69.194,-15.981],[-69.193,-15.982]]],[[[-69.19,-15.977],[-69.191,-15.979],[-69.192,-15.976],[-69.19,-15.977]]],[[[-69.208,-15.969],[-69.206,-15.97],[-69.207,-15.971],[-69.208,-15.969]]],[[[-69.216,-15.958],[-69.218,-15.957],[-69.218,-15.955],[-69.216,-15.958]]],[[[-69.337,-15.678],[-69.329,-15.681],[-69.32,-15.694],[-69.323,-15.693],[-69.324,-15.689],[-69.33,-15.686],[-69.339,-15.678],[-69.341,-15.675],[-69.341,-15.671],[-69.34,-15.675],[-69.337,-15.678]]],[[[-66.967,-12.49],[-66.961,-12.504],[-66.955,-12.508],[-66.92,-12.528],[-66.917,-12.534],[-66.919,-12.539],[-66.928,-12.539],[-66.936,-12.543],[-66.944,-12.557],[-66.947,-12.56],[-66.97,-12.568],[-66.973,-12.572],[-66.975,-12.576],[-66.977,-12.593],[-66.973,-12.596],[-66.956,-12.597],[-66.947,-12.599],[-66.94,-12.611],[-66.929,-12.619],[-66.927,-12.626],[-66.927,-12.63],[-66.93,-12.632],[-66.937,-12.634],[-66.941,-12.633],[-66.944,-12.626],[-66.946,-12.624],[-66.951,-12.624],[-66.955,-12.63],[-66.955,-12.641],[-66.957,-12.645],[-66.963,-12.65],[-66.971,-12.652],[-66.975,-12.657],[-66.975,-12.661],[-66.973,-12.663],[-66.969,-12.665],[-66.951,-12.668],[-66.947,-12.671],[-66.939,-12.685],[-66.94,-12.687],[-66.945,-12.69],[-66.958,-12.687],[-66.969,-12.689],[-66.971,-12.69],[-66.971,-12.697],[-66.961,-12.708],[-66.954,-12.721],[-66.953,-12.724],[-66.953,-12.728],[-66.959,-12.735],[-66.962,-12.735],[-66.971,-12.728],[-66.974,-12.728],[-66.98,-12.73],[-66.983,-12.733],[-66.981,-12.741],[-66.969,-12.754],[-66.967,-12.761],[-66.969,-12.769],[-66.968,-12.772],[-66.952,-12.782],[-66.948,-12.79],[-66.95,-12.8],[-66.954,-12.802],[-66.97,-12.793],[-66.981,-12.784],[-66.983,-12.783],[-66.986,-12.785],[-66.987,-12.792],[-66.983,-12.81],[-66.974,-12.819],[-66.958,-12.82],[-66.944,-12.823],[-66.943,-12.826],[-66.946,-12.839],[-66.949,-12.844],[-66.951,-12.844],[-66.961,-12.836],[-66.969,-12.837],[-66.973,-12.84],[-66.973,-12.847],[-66.976,-12.851],[-66.979,-12.852],[-66.987,-12.85],[-66.99,-12.851],[-66.994,-12.863],[-66.993,-12.881],[-66.995,-12.889],[-67.001,-12.89],[-67.012,-12.885],[-67.019,-12.884],[-67.028,-12.886],[-67.035,-12.892],[-67.036,-12.901],[-67.034,-12.909],[-67.024,-12.912],[-67.011,-12.91],[-67.0,-12.913],[-66.998,-12.917],[-67.0,-12.921],[-67.012,-12.929],[-67.021,-12.931],[-67.031,-12.929],[-67.037,-12.932],[-67.042,-12.942],[-67.047,-12.957],[-67.044,-12.963],[-67.039,-12.967],[-67.038,-12.974],[-67.043,-12.978],[-67.06,-12.983],[-67.068,-12.99],[-67.07,-12.994],[-67.069,-13.0],[-67.065,-13.004],[-67.046,-13.011],[-67.043,-13.013],[-67.043,-13.042],[-67.047,-13.051],[-67.053,-13.053],[-67.058,-13.051],[-67.061,-13.047],[-67.059,-13.033],[-67.061,-13.03],[-67.065,-13.029],[-67.09,-13.046],[-67.093,-13.046],[-67.098,-13.042],[-67.098,-13.037],[-67.092,-13.031],[-67.092,-13.027],[-67.096,-13.025],[-67.105,-13.027],[-67.111,-13.031],[-67.112,-13.037],[-67.111,-13.04],[-67.101,-13.053],[-67.102,-13.065],[-67.106,-13.068],[-67.111,-13.068],[-67.117,-13.066],[-67.117,-13.061],[-67.111,-13.051],[-67.115,-13.048],[-67.141,-13.047],[-67.148,-13.053],[-67.146,-13.075],[-67.144,-13.082],[-67.135,-13.089],[-67.134,-13.092],[-67.139,-13.098],[-67.159,-13.103],[-67.163,-13.111],[-67.166,-13.124],[-67.17,-13.126],[-67.183,-13.121],[-67.186,-13.122],[-67.187,-13.126],[-67.187,-13.128],[-67.184,-13.129],[-67.169,-13.135],[-67.161,-13.154],[-67.159,-13.163],[-67.16,-13.166],[-67.166,-13.167],[-67.194,-13.162],[-67.221,-13.166],[-67.228,-13.171],[-67.228,-13.175],[-67.226,-13.178],[-67.217,-13.182],[-67.201,-13.186],[-67.198,-13.189],[-67.198,-13.195],[-67.204,-13.199],[-67.212,-13.2],[-67.238,-13.194],[-67.246,-13.197],[-67.254,-13.207],[-67.267,-13.21],[-67.268,-13.216],[-67.268,-13.221],[-67.265,-13.229],[-67.258,-13.235],[-67.25,-13.252],[-67.251,-13.258],[-67.258,-13.26],[-67.265,-13.257],[-67.269,-13.254],[-67.272,-13.245],[-67.276,-13.242],[-67.285,-13.242],[-67.294,-13.248],[-67.295,-13.251],[-67.295,-13.253],[-67.293,-13.256],[-67.287,-13.26],[-67.267,-13.262],[-67.264,-13.266],[-67.263,-13.272],[-67.264,-13.287],[-67.266,-13.293],[-67.278,-13.303],[-67.283,-13.305],[-67.286,-13.304],[-67.288,-13.301],[-67.288,-13.273],[-67.294,-13.272],[-67.301,-13.278],[-67.303,-13.285],[-67.303,-13.289],[-67.296,-13.296],[-67.296,-13.299],[-67.3,-13.305],[-67.316,-13.314],[-67.326,-13.327],[-67.349,-13.34],[-67.357,-13.348],[-67.358,-13.351],[-67.356,-13.354],[-67.341,-13.354],[-67.33,-13.356],[-67.327,-13.359],[-67.327,-13.363],[-67.329,-13.366],[-67.334,-13.37],[-67.378,-13.386],[-67.386,-13.391],[-67.39,-13.397],[-67.391,-13.401],[-67.389,-13.409],[-67.379,-13.414],[-67.377,-13.417],[-67.377,-13.42],[-67.38,-13.422],[-67.396,-13.427],[-67.398,-13.43],[-67.396,-13.438],[-67.391,-13.441],[-67.376,-13.443],[-67.359,-13.443],[-67.355,-13.445],[-67.355,-13.446],[-67.357,-13.453],[-67.359,-13.455],[-67.365,-13.457],[-67.382,-13.455],[-67.389,-13.456],[-67.391,-13.461],[-67.391,-13.466],[-67.387,-13.478],[-67.383,-13.484],[-67.377,-13.486],[-67.371,-13.484],[-67.367,-13.477],[-67.36,-13.469],[-67.356,-13.467],[-67.351,-13.467],[-67.348,-13.471],[-67.351,-13.482],[-67.359,-13.491],[-67.369,-13.494],[-67.375,-13.499],[-67.374,-13.509],[-67.375,-13.516],[-67.38,-13.519],[-67.39,-13.517],[-67.397,-13.519],[-67.403,-13.526],[-67.404,-13.529],[-67.401,-13.535],[-67.386,-13.535],[-67.382,-13.539],[-67.378,-13.549],[-67.38,-13.566],[-67.378,-13.568],[-67.373,-13.57],[-67.358,-13.565],[-67.353,-13.57],[-67.354,-13.576],[-67.362,-13.583],[-67.365,-13.588],[-67.362,-13.6],[-67.363,-13.609],[-67.367,-13.611],[-67.374,-13.609],[-67.376,-13.605],[-67.381,-13.602],[-67.385,-13.601],[-67.388,-13.604],[-67.387,-13.611],[-67.379,-13.618],[-67.369,-13.632],[-67.365,-13.635],[-67.364,-13.638],[-67.368,-13.641],[-67.384,-13.64],[-67.393,-13.641],[-67.413,-13.648],[-67.419,-13.653],[-67.435,-13.658],[-67.439,-13.664],[-67.439,-13.667],[-67.436,-13.683],[-67.428,-13.692],[-67.419,-13.699],[-67.417,-13.704],[-67.42,-13.707],[-67.429,-13.707],[-67.431,-13.71],[-67.431,-13.72],[-67.427,-13.735],[-67.431,-13.736],[-67.435,-13.735],[-67.449,-13.729],[-67.45,-13.727],[-67.45,-13.72],[-67.452,-13.715],[-67.459,-13.713],[-67.462,-13.718],[-67.461,-13.726],[-67.451,-13.735],[-67.45,-13.738],[-67.456,-13.744],[-67.464,-13.745],[-67.474,-13.749],[-67.478,-13.761],[-67.484,-13.766],[-67.49,-13.769],[-67.509,-13.772],[-67.522,-13.779],[-67.525,-13.783],[-67.525,-13.789],[-67.521,-13.793],[-67.515,-13.794],[-67.504,-13.794],[-67.489,-13.79],[-67.485,-13.79],[-67.482,-13.795],[-67.484,-13.802],[-67.507,-13.816],[-67.513,-13.823],[-67.516,-13.829],[-67.516,-13.833],[-67.501,-13.835],[-67.496,-13.838],[-67.492,-13.842],[-67.49,-13.85],[-67.486,-13.854],[-67.482,-13.853],[-67.467,-13.84],[-67.465,-13.84],[-67.461,-13.842],[-67.46,-13.846],[-67.461,-13.85],[-67.474,-13.864],[-67.478,-13.873],[-67.478,-13.881],[-67.48,-13.884],[-67.498,-13.892],[-67.504,-13.896],[-67.512,-13.906],[-67.513,-13.911],[-67.511,-13.914],[-67.494,-13.909],[-67.49,-13.909],[-67.486,-13.911],[-67.485,-13.915],[-67.486,-13.92],[-67.495,-13.929],[-67.527,-13.953],[-67.533,-13.96],[-67.532,-13.966],[-67.539,-13.977],[-67.539,-13.983],[-67.527,-14.007],[-67.527,-14.017],[-67.529,-14.02],[-67.532,-14.022],[-67.545,-14.023],[-67.548,-14.027],[-67.548,-14.032],[-67.546,-14.038],[-67.526,-14.046],[-67.508,-14.057],[-67.498,-14.06],[-67.494,-14.065],[-67.494,-14.068],[-67.513,-14.083],[-67.517,-14.088],[-67.52,-14.089],[-67.526,-14.09],[-67.542,-14.087],[-67.548,-14.089],[-67.551,-14.094],[-67.55,-14.097],[-67.547,-14.103],[-67.54,-14.11],[-67.524,-14.104],[-67.515,-14.103],[-67.508,-14.107],[-67.505,-14.112],[-67.505,-14.119],[-67.507,-14.124],[-67.519,-14.137],[-67.535,-14.166],[-67.536,-14.176],[-67.534,-14.192],[-67.531,-14.199],[-67.513,-14.22],[-67.509,-14.227],[-67.509,-14.231],[-67.51,-14.235],[-67.52,-14.251],[-67.519,-14.256],[-67.513,-14.262],[-67.49,-14.27],[-67.484,-14.273],[-67.475,-14.28],[-67.473,-14.288],[-67.475,-14.295],[-67.483,-14.299],[-67.487,-14.298],[-67.505,-14.291],[-67.51,-14.291],[-67.517,-14.294],[-67.526,-14.303],[-67.537,-14.321],[-67.541,-14.325],[-67.561,-14.338],[-67.562,-14.344],[-67.56,-14.347],[-67.552,-14.346],[-67.549,-14.342],[-67.546,-14.341],[-67.542,-14.341],[-67.538,-14.345],[-67.536,-14.354],[-67.538,-14.36],[-67.542,-14.364],[-67.555,-14.367],[-67.558,-14.37],[-67.557,-14.373],[-67.544,-14.381],[-67.542,-14.386],[-67.543,-14.39],[-67.558,-14.399],[-67.56,-14.406],[-67.557,-14.411],[-67.55,-14.415],[-67.533,-14.417],[-67.531,-14.431],[-67.534,-14.45],[-67.531,-14.455],[-67.531,-14.459],[-67.528,-14.467],[-67.522,-14.469],[-67.517,-14.473],[-67.509,-14.493],[-67.501,-14.495],[-67.491,-14.493],[-67.485,-14.494],[-67.482,-14.499],[-67.482,-14.504],[-67.483,-14.508],[-67.486,-14.511],[-67.492,-14.513],[-67.494,-14.516],[-67.497,-14.522],[-67.499,-14.54],[-67.499,-14.548],[-67.5,-14.551],[-67.499,-14.561],[-67.504,-14.564],[-67.52,-14.571],[-67.522,-14.574],[-67.521,-14.582],[-67.523,-14.586],[-67.528,-14.59],[-67.538,-14.593],[-67.538,-14.596],[-67.537,-14.602],[-67.529,-14.61],[-67.526,-14.615],[-67.526,-14.627],[-67.529,-14.633],[-67.529,-14.637],[-67.522,-14.639],[-67.52,-14.642],[-67.521,-14.644],[-67.525,-14.644],[-67.528,-14.645],[-67.529,-14.652],[-67.527,-14.654],[-67.524,-14.654],[-67.518,-14.645],[-67.515,-14.643],[-67.51,-14.645],[-67.509,-14.648],[-67.514,-14.655],[-67.513,-14.659],[-67.503,-14.671],[-67.494,-14.675],[-67.49,-14.679],[-67.491,-14.681],[-67.498,-14.684],[-67.497,-14.686],[-67.486,-14.689],[-67.476,-14.687],[-67.475,-14.688],[-67.479,-14.695],[-67.479,-14.698],[-67.476,-14.699],[-67.47,-14.7],[-67.461,-14.714],[-67.442,-14.726],[-67.442,-14.731],[-67.439,-14.733],[-67.437,-14.736],[-67.434,-14.737],[-67.429,-14.735],[-67.426,-14.736],[-67.425,-14.74],[-67.429,-14.745],[-67.428,-14.748],[-67.423,-14.748],[-67.42,-14.744],[-67.416,-14.745],[-67.416,-14.747],[-67.42,-14.752],[-67.424,-14.76],[-67.424,-14.762],[-67.419,-14.766],[-67.417,-14.762],[-67.414,-14.762],[-67.412,-14.771],[-67.416,-14.774],[-67.416,-14.777],[-67.413,-14.782],[-67.409,-14.779],[-67.407,-14.78],[-67.404,-14.795],[-67.4,-14.795],[-67.397,-14.793],[-67.393,-14.794],[-67.394,-14.801],[-67.397,-14.804],[-67.4,-14.813],[-67.399,-14.817],[-67.389,-14.816],[-67.387,-14.818],[-67.387,-14.82],[-67.393,-14.82],[-67.396,-14.826],[-67.402,-14.826],[-67.408,-14.828],[-67.407,-14.83],[-67.4,-14.831],[-67.398,-14.833],[-67.4,-14.837],[-67.409,-14.834],[-67.41,-14.837],[-67.403,-14.84],[-67.403,-14.843],[-67.405,-14.844],[-67.409,-14.841],[-67.411,-14.843],[-67.411,-14.845],[-67.405,-14.847],[-67.403,-14.851],[-67.406,-14.857],[-67.41,-14.861],[-67.403,-14.862],[-67.401,-14.864],[-67.4,-14.866],[-67.402,-14.867],[-67.408,-14.866],[-67.413,-14.867],[-67.415,-14.873],[-67.42,-14.876],[-67.422,-14.881],[-67.429,-14.883],[-67.431,-14.894],[-67.43,-14.898],[-67.426,-14.897],[-67.424,-14.898],[-67.422,-14.905],[-67.417,-14.905],[-67.416,-14.907],[-67.417,-14.91],[-67.421,-14.91],[-67.424,-14.912],[-67.429,-14.924],[-67.428,-14.926],[-67.425,-14.927],[-67.424,-14.923],[-67.423,-14.922],[-67.422,-14.927],[-67.418,-14.928],[-67.418,-14.931],[-67.422,-14.934],[-67.42,-14.94],[-67.423,-14.945],[-67.413,-14.95],[-67.413,-14.952],[-67.418,-14.955],[-67.417,-14.961],[-67.421,-14.964],[-67.419,-14.971],[-67.416,-14.971],[-67.41,-14.968],[-67.408,-14.969],[-67.407,-14.972],[-67.41,-14.975],[-67.411,-14.981],[-67.416,-14.986],[-67.416,-14.989],[-67.414,-14.993],[-67.409,-14.992],[-67.406,-14.995],[-67.403,-14.994],[-67.4,-14.988],[-67.394,-14.988],[-67.394,-14.992],[-67.4,-14.994],[-67.401,-14.999],[-67.396,-15.009],[-67.386,-15.013],[-67.386,-15.02],[-67.382,-15.02],[-67.381,-15.016],[-67.378,-15.015],[-67.377,-15.022],[-67.373,-15.027],[-67.372,-15.028],[-67.368,-15.028],[-67.362,-15.033],[-67.36,-15.032],[-67.359,-15.023],[-67.356,-15.021],[-67.354,-15.023],[-67.355,-15.029],[-67.352,-15.034],[-67.352,-15.037],[-67.349,-15.038],[-67.347,-15.033],[-67.342,-15.03],[-67.343,-15.037],[-67.337,-15.039],[-67.335,-15.045],[-67.329,-15.038],[-67.322,-15.046],[-67.319,-15.046],[-67.318,-15.039],[-67.315,-15.037],[-67.309,-15.04],[-67.304,-15.044],[-67.301,-15.043],[-67.3,-15.042],[-67.303,-15.038],[-67.301,-15.032],[-67.298,-15.029],[-67.29,-15.027],[-67.288,-15.03],[-67.292,-15.034],[-67.291,-15.037],[-67.287,-15.038],[-67.286,-15.037],[-67.285,-15.03],[-67.283,-15.029],[-67.279,-15.029],[-67.281,-15.041],[-67.28,-15.043],[-67.275,-15.041],[-67.267,-15.047],[-67.264,-15.047],[-67.26,-15.051],[-67.262,-15.053],[-67.259,-15.054],[-67.257,-15.052],[-67.255,-15.054],[-67.257,-15.057],[-67.253,-15.058],[-67.252,-15.057],[-67.251,-15.047],[-67.249,-15.047],[-67.248,-15.049],[-67.246,-15.054],[-67.244,-15.055],[-67.243,-15.052],[-67.241,-15.057],[-67.238,-15.059],[-67.241,-15.06],[-67.238,-15.063],[-67.239,-15.07],[-67.245,-15.073],[-67.243,-15.076],[-67.239,-15.075],[-67.236,-15.077],[-67.236,-15.078],[-67.239,-15.079],[-67.233,-15.085],[-67.235,-15.087],[-67.238,-15.086],[-67.239,-15.089],[-67.238,-15.092],[-67.239,-15.092],[-67.242,-15.089],[-67.245,-15.092],[-67.243,-15.099],[-67.24,-15.101],[-67.238,-15.105],[-67.233,-15.108],[-67.235,-15.11],[-67.237,-15.108],[-67.238,-15.115],[-67.232,-15.112],[-67.229,-15.117],[-67.226,-15.117],[-67.224,-15.116],[-67.226,-15.11],[-67.224,-15.108],[-67.219,-15.113],[-67.219,-15.116],[-67.218,-15.118],[-67.216,-15.112],[-67.213,-15.113],[-67.205,-15.122],[-67.204,-15.127],[-67.206,-15.13],[-67.199,-15.13],[-67.197,-15.132],[-67.197,-15.134],[-67.191,-15.138],[-67.191,-15.14],[-67.194,-15.139],[-67.196,-15.143],[-67.194,-15.145],[-67.194,-15.149],[-67.198,-15.151],[-67.197,-15.155],[-67.193,-15.152],[-67.19,-15.148],[-67.186,-15.151],[-67.186,-15.158],[-67.182,-15.158],[-67.18,-15.156],[-67.177,-15.163],[-67.176,-15.163],[-67.174,-15.162],[-67.171,-15.164],[-67.173,-15.171],[-67.168,-15.171],[-67.169,-15.174],[-67.168,-15.177],[-67.167,-15.184],[-67.162,-15.186],[-67.159,-15.184],[-67.157,-15.184],[-67.158,-15.189],[-67.16,-15.189],[-67.161,-15.192],[-67.157,-15.191],[-67.155,-15.197],[-67.156,-15.199],[-67.155,-15.201],[-67.154,-15.201],[-67.152,-15.197],[-67.151,-15.197],[-67.149,-15.202],[-67.147,-15.204],[-67.147,-15.207],[-67.145,-15.208],[-67.145,-15.212],[-67.142,-15.215],[-67.144,-15.218],[-67.138,-15.219],[-67.137,-15.221],[-67.137,-15.227],[-67.135,-15.231],[-67.138,-15.231],[-67.139,-15.234],[-67.137,-15.235],[-67.135,-15.233],[-67.134,-15.233],[-67.127,-15.251],[-67.128,-15.252],[-67.131,-15.25],[-67.136,-15.25],[-67.135,-15.253],[-67.13,-15.258],[-67.132,-15.26],[-67.134,-15.259],[-67.138,-15.26],[-67.137,-15.265],[-67.132,-15.263],[-67.129,-15.27],[-67.13,-15.272],[-67.134,-15.271],[-67.136,-15.275],[-67.127,-15.274],[-67.126,-15.277],[-67.118,-15.277],[-67.114,-15.279],[-67.109,-15.29],[-67.104,-15.29],[-67.106,-15.296],[-67.102,-15.301],[-67.09,-15.301],[-67.086,-15.305],[-67.084,-15.312],[-67.082,-15.312],[-67.081,-15.315],[-67.081,-15.321],[-67.086,-15.322],[-67.084,-15.327],[-67.083,-15.337],[-67.088,-15.345],[-67.089,-15.353],[-67.094,-15.356],[-67.095,-15.361],[-67.099,-15.36],[-67.103,-15.363],[-67.106,-15.367],[-67.106,-15.372],[-67.117,-15.387],[-67.115,-15.39],[-67.118,-15.393],[-67.11,-15.392],[-67.11,-15.395],[-67.113,-15.396],[-67.113,-15.399],[-67.111,-15.4],[-67.106,-15.399],[-67.105,-15.406],[-67.101,-15.405],[-67.1,-15.407],[-67.1,-15.411],[-67.097,-15.411],[-67.096,-15.407],[-67.091,-15.407],[-67.093,-15.411],[-67.089,-15.412],[-67.087,-15.411],[-67.085,-15.414],[-67.086,-15.415],[-67.087,-15.419],[-67.084,-15.423],[-67.081,-15.424],[-67.081,-15.427],[-67.073,-15.427],[-67.07,-15.428],[-67.067,-15.431],[-67.07,-15.433],[-67.065,-15.437],[-67.066,-15.44],[-67.059,-15.441],[-67.059,-15.442],[-67.064,-15.442],[-67.062,-15.444],[-67.055,-15.446],[-67.052,-15.445],[-67.05,-15.451],[-67.047,-15.449],[-67.047,-15.446],[-67.043,-15.45],[-67.04,-15.45],[-67.04,-15.452],[-67.043,-15.453],[-67.044,-15.454],[-67.037,-15.455],[-67.036,-15.457],[-67.037,-15.459],[-67.032,-15.459],[-67.031,-15.463],[-67.028,-15.462],[-67.029,-15.464],[-67.026,-15.464],[-67.025,-15.468],[-67.022,-15.466],[-67.016,-15.473],[-67.013,-15.472],[-67.008,-15.477],[-67.002,-15.477],[-67.001,-15.479],[-67.003,-15.481],[-67.003,-15.485],[-67.001,-15.487],[-66.993,-15.486],[-66.992,-15.49],[-66.988,-15.49],[-66.984,-15.493],[-66.986,-15.495],[-66.985,-15.497],[-66.979,-15.498],[-66.978,-15.502],[-66.975,-15.499],[-66.969,-15.505],[-66.967,-15.506],[-66.966,-15.508],[-66.962,-15.507],[-66.963,-15.511],[-66.959,-15.516],[-66.959,-15.52],[-66.956,-15.522],[-66.957,-15.525],[-66.955,-15.524],[-66.95,-15.526],[-66.95,-15.532],[-66.949,-15.533],[-66.947,-15.531],[-66.946,-15.534],[-66.943,-15.535],[-66.941,-15.539],[-66.941,-15.541],[-66.936,-15.546],[-66.937,-15.549],[-66.934,-15.549],[-66.932,-15.552],[-66.931,-15.554],[-66.933,-15.554],[-66.937,-15.559],[-66.935,-15.561],[-66.935,-15.566],[-66.932,-15.566],[-66.931,-15.568],[-66.929,-15.567],[-66.923,-15.569],[-66.922,-15.572],[-66.923,-15.575],[-66.919,-15.577],[-66.92,-15.579],[-66.917,-15.58],[-66.915,-15.585],[-66.911,-15.586],[-66.912,-15.587],[-66.911,-15.592],[-66.907,-15.594],[-66.907,-15.598],[-66.904,-15.6],[-66.903,-15.604],[-66.901,-15.603],[-66.9,-15.604],[-66.899,-15.615],[-66.903,-15.62],[-66.904,-15.619],[-66.907,-15.621],[-66.904,-15.627],[-66.907,-15.64],[-66.89,-15.663],[-66.873,-15.694],[-66.795,-15.785],[-66.8,-15.785],[-66.803,-15.783],[-66.804,-15.784],[-66.807,-15.78],[-66.809,-15.78],[-66.813,-15.782],[-66.812,-15.786],[-66.826,-15.789],[-66.83,-15.791],[-66.834,-15.795],[-66.837,-15.797],[-66.849,-15.788],[-66.86,-15.783],[-66.864,-15.792],[-66.874,-15.796],[-66.882,-15.809],[-66.884,-15.809],[-66.891,-15.816],[-66.893,-15.82],[-66.895,-15.821],[-66.897,-15.823],[-66.896,-15.826],[-66.899,-15.828],[-66.9,-15.835],[-66.907,-15.844],[-66.907,-15.848],[-66.901,-15.849],[-66.902,-15.852],[-66.9,-15.856],[-66.903,-15.862],[-66.901,-15.868],[-66.895,-15.872],[-66.887,-15.873],[-66.883,-15.879],[-66.882,-15.884],[-66.883,-15.89],[-66.888,-15.894],[-66.89,-15.898],[-66.881,-15.909],[-66.879,-15.914],[-66.875,-15.919],[-66.879,-15.922],[-66.878,-15.926],[-66.869,-15.935],[-66.875,-15.938],[-66.879,-15.944],[-66.884,-15.942],[-66.889,-15.95],[-66.895,-15.952],[-66.899,-15.956],[-66.9,-15.961],[-66.902,-15.961],[-66.905,-15.963],[-66.906,-15.968],[-66.91,-15.973],[-66.914,-15.98],[-66.912,-15.986],[-66.912,-15.988],[-66.91,-15.991],[-66.921,-15.998],[-66.922,-16.001],[-66.917,-16.004],[-66.917,-16.011],[-66.914,-16.016],[-66.916,-16.022],[-66.913,-16.026],[-66.912,-16.033],[-66.913,-16.042],[-66.909,-16.046],[-66.909,-16.047],[-66.911,-16.049],[-66.909,-16.053],[-66.913,-16.061],[-66.91,-16.064],[-66.913,-16.068],[-66.918,-16.069],[-66.918,-16.082],[-66.92,-16.085],[-66.92,-16.091],[-66.919,-16.095],[-66.913,-16.096],[-66.91,-16.105],[-66.903,-16.104],[-66.898,-16.112],[-66.894,-16.112],[-66.89,-16.117],[-66.888,-16.12],[-66.889,-16.124],[-66.885,-16.127],[-66.884,-16.131],[-66.883,-16.134],[-66.876,-16.139],[-66.874,-16.147],[-66.868,-16.152],[-66.871,-16.161],[-66.863,-16.165],[-66.859,-16.173],[-66.851,-16.182],[-66.848,-16.193],[-66.844,-16.195],[-66.846,-16.209],[-66.848,-16.211],[-66.848,-16.213],[-66.852,-16.217],[-66.85,-16.218],[-66.85,-16.224],[-66.847,-16.228],[-66.853,-16.234],[-66.85,-16.237],[-66.85,-16.241],[-66.851,-16.244],[-66.854,-16.245],[-66.85,-16.252],[-66.843,-16.258],[-66.834,-16.261],[-66.828,-16.269],[-66.82,-16.269],[-66.82,-16.275],[-66.816,-16.281],[-66.809,-16.283],[-66.807,-16.288],[-66.8,-16.296],[-66.8,-16.3],[-66.801,-16.302],[-66.804,-16.302],[-66.804,-16.303],[-66.802,-16.308],[-66.803,-16.312],[-66.799,-16.321],[-66.799,-16.329],[-66.798,-16.33],[-66.795,-16.344],[-66.799,-16.354],[-66.796,-16.366],[-66.797,-16.376],[-66.794,-16.391],[-66.795,-16.398],[-66.789,-16.409],[-66.791,-16.412],[-66.786,-16.414],[-66.783,-16.42],[-66.786,-16.428],[-66.785,-16.432],[-66.787,-16.436],[-66.788,-16.443],[-66.785,-16.451],[-66.786,-16.456],[-66.782,-16.462],[-66.783,-16.468],[-66.785,-16.472],[-66.788,-16.474],[-66.789,-16.485],[-66.782,-16.494],[-66.773,-16.5],[-66.769,-16.505],[-66.769,-16.512],[-66.777,-16.517],[-66.776,-16.522],[-66.769,-16.534],[-66.765,-16.536],[-66.765,-16.543],[-66.76,-16.544],[-66.748,-16.564],[-66.742,-16.571],[-66.743,-16.578],[-66.738,-16.578],[-66.732,-16.59],[-66.734,-16.593],[-66.734,-16.596],[-66.738,-16.6],[-66.737,-16.605],[-66.738,-16.607],[-66.734,-16.613],[-66.737,-16.617],[-66.737,-16.623],[-66.741,-16.625],[-66.742,-16.628],[-66.747,-16.632],[-66.745,-16.633],[-66.745,-16.64],[-66.742,-16.644],[-66.743,-16.649],[-66.741,-16.657],[-66.747,-16.662],[-66.747,-16.667],[-66.754,-16.676],[-66.754,-16.684],[-66.756,-16.686],[-66.756,-16.69],[-66.759,-16.694],[-66.757,-16.697],[-66.758,-16.699],[-66.758,-16.703],[-66.753,-16.706],[-66.744,-16.72],[-66.744,-16.731],[-66.741,-16.736],[-66.745,-16.738],[-66.746,-16.741],[-66.741,-16.75],[-66.741,-16.755],[-66.752,-16.769],[-66.759,-16.77],[-66.76,-16.776],[-66.762,-16.782],[-66.769,-16.786],[-66.776,-16.784],[-66.784,-16.793],[-66.785,-16.796],[-66.781,-16.8],[-66.784,-16.803],[-66.785,-16.806],[-66.789,-16.807],[-66.793,-16.81],[-66.797,-16.812],[-66.8,-16.818],[-66.807,-16.821],[-66.815,-16.829],[-66.821,-16.831],[-66.822,-16.834],[-66.826,-16.835],[-66.827,-16.837],[-66.83,-16.837],[-66.833,-16.84],[-66.837,-16.841],[-66.839,-16.839],[-66.842,-16.84],[-66.854,-16.834],[-66.858,-16.836],[-66.866,-16.833],[-66.87,-16.835],[-66.882,-16.836],[-66.885,-16.838],[-66.888,-16.834],[-66.891,-16.835],[-66.895,-16.834],[-66.901,-16.834],[-66.904,-16.837],[-66.907,-16.836],[-66.911,-16.833],[-66.915,-16.836],[-66.924,-16.836],[-66.935,-16.852],[-66.939,-16.853],[-66.942,-16.856],[-66.947,-16.869],[-66.952,-16.876],[-66.956,-16.878],[-66.965,-16.887],[-66.972,-16.89],[-66.974,-16.892],[-66.976,-16.906],[-66.97,-16.921],[-66.971,-16.924],[-66.978,-16.929],[-66.992,-16.933],[-66.992,-16.942],[-67.003,-16.948],[-67.006,-16.955],[-67.004,-16.959],[-67.001,-16.962],[-67.0,-16.968],[-67.002,-16.977],[-67.002,-16.989],[-66.991,-17.014],[-66.991,-17.02],[-66.987,-17.026],[-66.984,-17.034],[-66.985,-17.039],[-66.981,-17.047],[-66.974,-17.051],[-66.969,-17.057],[-66.957,-17.066],[-66.957,-17.072],[-66.952,-17.077],[-66.944,-17.084],[-66.94,-17.094],[-66.931,-17.107],[-66.926,-17.111],[-66.915,-17.114],[-66.905,-17.123],[-66.897,-17.134],[-66.89,-17.14],[-66.889,-17.148],[-66.884,-17.157],[-66.883,-17.161],[-66.885,-17.166],[-66.886,-17.178],[-66.885,-17.185],[-66.89,-17.19],[-66.891,-17.195],[-66.889,-17.196],[-66.889,-17.2],[-66.89,-17.206],[-66.889,-17.214],[-66.882,-17.22],[-66.882,-17.226],[-66.877,-17.234],[-66.879,-17.248],[-66.889,-17.266],[-66.887,-17.271],[-66.889,-17.273],[-66.888,-17.276],[-66.889,-17.278],[-66.888,-17.29],[-66.883,-17.292],[-66.873,-17.302],[-66.867,-17.304],[-66.857,-17.311],[-66.847,-17.315],[-66.844,-17.316],[-66.843,-17.317],[-66.847,-17.337],[-66.849,-17.338],[-66.856,-17.338],[-66.859,-17.341],[-66.858,-17.348],[-66.85,-17.349],[-66.845,-17.354],[-66.847,-17.361],[-66.846,-17.365],[-66.851,-17.378],[-66.85,-17.382],[-66.846,-17.384],[-66.847,-17.386],[-66.853,-17.385],[-66.865,-17.389],[-66.867,-17.403],[-66.874,-17.41],[-66.877,-17.417],[-66.875,-17.422],[-66.872,-17.426],[-66.869,-17.427],[-66.863,-17.436],[-66.844,-17.442],[-66.84,-17.447],[-66.836,-17.451],[-66.837,-17.463],[-66.837,-17.468],[-66.835,-17.472],[-66.835,-17.477],[-66.831,-17.48],[-66.827,-17.489],[-66.823,-17.493],[-66.822,-17.499],[-66.816,-17.504],[-66.817,-17.507],[-66.816,-17.512],[-66.817,-17.517],[-66.825,-17.526],[-66.829,-17.528],[-66.835,-17.527],[-66.84,-17.534],[-66.848,-17.534],[-66.861,-17.54],[-66.87,-17.539],[-66.878,-17.542],[-66.873,-17.557],[-66.876,-17.56],[-66.88,-17.561],[-66.883,-17.567],[-66.886,-17.569],[-66.885,-17.575],[-66.892,-17.586],[-66.9,-17.591],[-66.936,-17.611],[-66.975,-17.621],[-67.007,-17.632],[-67.01,-17.629],[-67.014,-17.618],[-67.036,-17.607],[-67.041,-17.602],[-67.051,-17.588],[-67.021,-17.539],[-67.02,-17.528],[-67.026,-17.512],[-67.036,-17.5],[-67.05,-17.496],[-67.06,-17.479],[-67.059,-17.476],[-67.067,-17.47],[-67.077,-17.47],[-67.084,-17.465],[-67.088,-17.466],[-67.125,-17.465],[-67.136,-17.454],[-67.142,-17.453],[-67.151,-17.449],[-67.157,-17.441],[-67.171,-17.433],[-67.184,-17.423],[-67.19,-17.417],[-67.191,-17.414],[-67.187,-17.407],[-67.189,-17.386],[-67.187,-17.379],[-67.192,-17.375],[-67.194,-17.37],[-67.2,-17.366],[-67.198,-17.357],[-67.196,-17.356],[-67.197,-17.352],[-67.194,-17.349],[-67.198,-17.346],[-67.203,-17.336],[-67.209,-17.335],[-67.213,-17.336],[-67.216,-17.335],[-67.218,-17.337],[-67.223,-17.332],[-67.227,-17.334],[-67.229,-17.337],[-67.233,-17.335],[-67.234,-17.333],[-67.243,-17.328],[-67.248,-17.324],[-67.253,-17.324],[-67.254,-17.328],[-67.257,-17.333],[-67.278,-17.345],[-67.285,-17.357],[-67.286,-17.368],[-67.294,-17.376],[-67.294,-17.381],[-67.297,-17.384],[-67.304,-17.382],[-67.306,-17.383],[-67.31,-17.381],[-67.313,-17.384],[-67.315,-17.392],[-67.319,-17.395],[-67.314,-17.414],[-67.32,-17.421],[-67.322,-17.425],[-67.332,-17.427],[-67.337,-17.431],[-67.34,-17.449],[-67.342,-17.45],[-67.345,-17.449],[-67.349,-17.452],[-67.367,-17.453],[-67.375,-17.462],[-67.377,-17.477],[-67.376,-17.491],[-67.382,-17.501],[-67.382,-17.509],[-67.388,-17.517],[-67.387,-17.52],[-67.38,-17.526],[-67.38,-17.528],[-67.382,-17.531],[-67.38,-17.539],[-67.381,-17.539],[-67.391,-17.549],[-67.394,-17.561],[-67.403,-17.574],[-67.406,-17.572],[-67.413,-17.571],[-67.414,-17.568],[-67.417,-17.567],[-67.419,-17.564],[-67.43,-17.561],[-67.43,-17.558],[-67.438,-17.551],[-67.439,-17.547],[-67.448,-17.537],[-67.449,-17.533],[-67.446,-17.529],[-67.447,-17.526],[-67.464,-17.512],[-67.469,-17.506],[-67.472,-17.508],[-67.475,-17.517],[-67.482,-17.521],[-67.495,-17.521],[-67.503,-17.517],[-67.505,-17.518],[-67.511,-17.531],[-67.515,-17.536],[-67.516,-17.54],[-67.522,-17.544],[-67.523,-17.546],[-67.52,-17.551],[-67.521,-17.554],[-67.532,-17.56],[-67.547,-17.577],[-67.549,-17.583],[-67.549,-17.586],[-67.547,-17.589],[-67.529,-17.597],[-67.528,-17.598],[-67.531,-17.61],[-67.515,-17.637],[-67.509,-17.643],[-67.508,-17.65],[-67.516,-17.672],[-67.531,-17.674],[-67.558,-17.703],[-67.586,-17.712],[-67.586,-17.768],[-67.632,-17.765],[-67.644,-17.758],[-67.677,-17.764],[-67.68,-17.778],[-67.702,-17.802],[-67.708,-17.848],[-67.732,-17.86],[-67.753,-17.872],[-67.772,-17.878],[-67.791,-17.881],[-67.797,-17.877],[-67.808,-17.873],[-67.811,-17.869],[-67.817,-17.865],[-67.818,-17.863],[-67.824,-17.861],[-67.823,-17.86],[-67.827,-17.854],[-67.827,-17.852],[-67.832,-17.849],[-67.834,-17.849],[-67.848,-17.829],[-67.852,-17.829],[-67.852,-17.827],[-67.853,-17.825],[-67.861,-17.823],[-67.861,-17.814],[-67.864,-17.815],[-67.868,-17.811],[-67.875,-17.81],[-67.885,-17.805],[-67.902,-17.791],[-67.926,-17.783],[-67.939,-17.774],[-67.958,-17.764],[-67.966,-17.748],[-67.965,-17.738],[-67.969,-17.733],[-67.984,-17.742],[-67.989,-17.741],[-67.995,-17.738],[-67.999,-17.739],[-68.0,-17.741],[-68.016,-17.733],[-68.055,-17.718],[-68.074,-17.719],[-68.085,-17.715],[-68.1,-17.699],[-68.137,-17.676],[-68.144,-17.669],[-68.19,-17.655],[-68.191,-17.658],[-68.189,-17.659],[-68.19,-17.663],[-68.198,-17.665],[-68.201,-17.668],[-68.201,-17.671],[-68.205,-17.671],[-68.209,-17.669],[-68.212,-17.663],[-68.224,-17.651],[-68.228,-17.649],[-68.238,-17.648],[-68.251,-17.639],[-68.256,-17.638],[-68.266,-17.643],[-68.27,-17.643],[-68.276,-17.629],[-68.292,-17.613],[-68.299,-17.603],[-68.307,-17.599],[-68.31,-17.594],[-68.316,-17.599],[-68.322,-17.597],[-68.322,-17.598],[-68.324,-17.599],[-68.333,-17.608],[-68.348,-17.593],[-68.361,-17.591],[-68.376,-17.594],[-68.384,-17.6],[-68.386,-17.603],[-68.385,-17.612],[-68.386,-17.617],[-68.389,-17.618],[-68.4,-17.62],[-68.406,-17.624],[-68.411,-17.623],[-68.415,-17.626],[-68.415,-17.629],[-68.414,-17.631],[-68.418,-17.639],[-68.436,-17.66],[-68.436,-17.668],[-68.442,-17.667],[-68.449,-17.663],[-68.453,-17.663],[-68.458,-17.668],[-68.463,-17.668],[-68.465,-17.675],[-68.473,-17.688],[-68.475,-17.688],[-68.478,-17.685],[-68.481,-17.684],[-68.497,-17.691],[-68.499,-17.696],[-68.498,-17.7],[-68.505,-17.706],[-68.51,-17.705],[-68.513,-17.706],[-68.522,-17.702],[-68.533,-17.703],[-68.54,-17.715],[-68.538,-17.732],[-68.544,-17.76],[-68.544,-17.771],[-68.541,-17.784],[-68.544,-17.789],[-68.544,-17.795],[-68.537,-17.8],[-68.536,-17.81],[-68.543,-17.811],[-68.548,-17.815],[-68.559,-17.82],[-68.568,-17.816],[-68.575,-17.816],[-68.587,-17.82],[-68.609,-17.836],[-68.615,-17.837],[-68.62,-17.842],[-68.622,-17.849],[-68.634,-17.853],[-68.639,-17.863],[-68.645,-17.863],[-68.649,-17.868],[-68.662,-17.869],[-68.669,-17.878],[-68.673,-17.879],[-68.681,-17.878],[-68.691,-17.88],[-68.696,-17.889],[-68.711,-17.887],[-68.719,-17.888],[-68.721,-17.89],[-68.728,-17.885],[-68.74,-17.887],[-68.742,-17.891],[-68.754,-17.898],[-68.758,-17.903],[-68.759,-17.906],[-68.758,-17.908],[-68.76,-17.914],[-68.778,-17.924],[-68.779,-17.926],[-68.785,-17.93],[-68.801,-17.929],[-68.807,-17.927],[-68.813,-17.931],[-68.818,-17.931],[-68.83,-17.935],[-68.834,-17.937],[-68.838,-17.942],[-68.85,-17.938],[-68.87,-17.943],[-68.91,-17.95],[-68.933,-17.967],[-68.992,-17.995],[-69.006,-17.998],[-69.014,-18.007],[-69.023,-18.01],[-69.034,-18.017],[-69.046,-18.029],[-69.057,-18.034],[-69.072,-18.038],[-69.079,-18.047],[-69.088,-18.042],[-69.126,-18.032],[-69.222,-17.98],[-69.227,-17.98],[-69.23,-17.984],[-69.239,-17.984],[-69.247,-17.982],[-69.256,-17.975],[-69.254,-17.962],[-69.255,-17.955],[-69.257,-17.954],[-69.276,-17.969],[-69.281,-17.969],[-69.285,-17.962],[-69.289,-17.96],[-69.291,-17.954],[-69.296,-17.947],[-69.297,-17.941],[-69.3,-17.939],[-69.3,-17.934],[-69.31,-17.921],[-69.312,-17.914],[-69.313,-17.909],[-69.307,-17.894],[-69.308,-17.887],[-69.305,-17.884],[-69.309,-17.869],[-69.301,-17.862],[-69.299,-17.855],[-69.3,-17.851],[-69.301,-17.851],[-69.301,-17.849],[-69.306,-17.844],[-69.306,-17.833],[-69.307,-17.829],[-69.306,-17.827],[-69.307,-17.824],[-69.309,-17.823],[-69.31,-17.816],[-69.309,-17.811],[-69.308,-17.81],[-69.309,-17.808],[-69.308,-17.807],[-69.309,-17.806],[-69.308,-17.804],[-69.312,-17.797],[-69.311,-17.794],[-69.313,-17.794],[-69.313,-17.789],[-69.321,-17.781],[-69.322,-17.777],[-69.325,-17.777],[-69.327,-17.772],[-69.33,-17.771],[-69.332,-17.766],[-69.333,-17.761],[-69.332,-17.759],[-69.335,-17.757],[-69.335,-17.754],[-69.337,-17.754],[-69.336,-17.75],[-69.338,-17.746],[-69.335,-17.744],[-69.336,-17.742],[-69.334,-17.739],[-69.336,-17.737],[-69.335,-17.734],[-69.338,-17.732],[-69.338,-17.729],[-69.342,-17.728],[-69.344,-17.724],[-69.468,-17.605],[-69.469,-17.433],[-69.468,-17.415],[-69.469,-17.374],[-69.513,-17.342],[-69.576,-17.291],[-69.642,-17.287],[-69.645,-17.281],[-69.639,-17.277],[-69.636,-17.271],[-69.628,-17.274],[-69.617,-17.262],[-69.606,-17.229],[-69.607,-17.228],[-69.604,-17.226],[-69.604,-17.22],[-69.599,-17.215],[-69.595,-17.213],[-69.592,-17.209],[-69.59,-17.21],[-69.587,-17.209],[-69.584,-17.209],[-69.578,-17.206],[-69.577,-17.202],[-69.569,-17.194],[-69.572,-17.186],[-69.563,-17.176],[-69.558,-17.166],[-69.547,-17.163],[-69.516,-17.15],[-69.479,-17.115],[-69.451,-17.094],[-69.433,-17.11],[-69.407,-17.1],[-69.394,-17.091],[-69.374,-17.072],[-69.373,-17.051],[-69.383,-17.038],[-69.384,-17.031],[-69.395,-17.025],[-69.395,-17.022],[-69.383,-17.01],[-69.383,-17.008],[-69.381,-17.007],[-69.369,-16.989],[-69.34,-16.988],[-69.335,-16.981],[-69.326,-16.96],[-69.32,-16.961],[-69.324,-16.952],[-69.304,-16.917],[-69.253,-16.861],[-69.219,-16.837],[-69.212,-16.821],[-69.199,-16.798],[-69.188,-16.797],[-69.182,-16.757],[-69.17,-16.727],[-69.147,-16.718],[-69.133,-16.71],[-69.126,-16.714],[-69.125,-16.716],[-69.12,-16.716],[-69.101,-16.711],[-69.088,-16.702],[-69.058,-16.692],[-69.054,-16.687],[-69.048,-16.686],[-69.044,-16.688],[-69.039,-16.682],[-69.032,-16.678],[-69.026,-16.677],[-69.025,-16.673],[-69.023,-16.671],[-69.016,-16.669],[-69.014,-16.67],[-69.01,-16.667],[-68.999,-16.651],[-68.997,-16.642],[-68.998,-16.64],[-69.01,-16.633],[-69.022,-16.616],[-69.034,-16.606],[-69.036,-16.587],[-69.035,-16.584],[-69.04,-16.573],[-69.036,-16.563],[-69.033,-16.563],[-69.028,-16.559],[-69.028,-16.556],[-69.029,-16.553],[-69.004,-16.562],[-68.997,-16.568],[-68.993,-16.567],[-68.994,-16.568],[-68.992,-16.569],[-68.988,-16.57],[-68.986,-16.568],[-68.983,-16.571],[-68.982,-16.57],[-68.979,-16.571],[-68.979,-16.573],[-68.975,-16.575],[-68.97,-16.574],[-68.968,-16.58],[-68.959,-16.579],[-68.958,-16.581],[-68.955,-16.581],[-68.954,-16.585],[-68.95,-16.584],[-68.941,-16.59],[-68.934,-16.588],[-68.931,-16.59],[-68.932,-16.593],[-68.926,-16.595],[-68.924,-16.593],[-68.92,-16.597],[-68.918,-16.595],[-68.915,-16.597],[-68.913,-16.595],[-68.91,-16.599],[-68.907,-16.596],[-68.902,-16.596],[-68.898,-16.598],[-68.895,-16.595],[-68.892,-16.595],[-68.889,-16.597],[-68.887,-16.595],[-68.881,-16.596],[-68.877,-16.599],[-68.874,-16.599],[-68.87,-16.598],[-68.869,-16.595],[-68.868,-16.596],[-68.866,-16.594],[-68.863,-16.595],[-68.862,-16.594],[-68.86,-16.595],[-68.859,-16.593],[-68.855,-16.593],[-68.859,-16.589],[-68.855,-16.591],[-68.854,-16.59],[-68.861,-16.587],[-68.856,-16.589],[-68.855,-16.584],[-68.852,-16.588],[-68.845,-16.586],[-68.847,-16.582],[-68.846,-16.58],[-68.847,-16.577],[-68.844,-16.577],[-68.846,-16.573],[-68.845,-16.57],[-68.841,-16.569],[-68.841,-16.571],[-68.839,-16.567],[-68.837,-16.569],[-68.838,-16.566],[-68.835,-16.564],[-68.834,-16.565],[-68.831,-16.561],[-68.834,-16.559],[-68.83,-16.561],[-68.831,-16.559],[-68.829,-16.557],[-68.83,-16.553],[-68.834,-16.549],[-68.834,-16.545],[-68.837,-16.544],[-68.837,-16.542],[-68.85,-16.534],[-68.847,-16.533],[-68.848,-16.529],[-68.846,-16.529],[-68.844,-16.532],[-68.844,-16.53],[-68.842,-16.528],[-68.844,-16.528],[-68.842,-16.526],[-68.838,-16.528],[-68.835,-16.528],[-68.834,-16.53],[-68.826,-16.531],[-68.822,-16.528],[-68.827,-16.525],[-68.829,-16.527],[-68.835,-16.527],[-68.836,-16.52],[-68.84,-16.515],[-68.835,-16.505],[-68.832,-16.504],[-68.833,-16.501],[-68.831,-16.5],[-68.831,-16.497],[-68.832,-16.497],[-68.831,-16.494],[-68.829,-16.494],[-68.829,-16.497],[-68.824,-16.494],[-68.83,-16.492],[-68.824,-16.492],[-68.826,-16.488],[-68.836,-16.489],[-68.842,-16.487],[-68.846,-16.481],[-68.848,-16.482],[-68.85,-16.479],[-68.854,-16.478],[-68.866,-16.476],[-68.882,-16.468],[-68.892,-16.468],[-68.894,-16.47],[-68.896,-16.47],[-68.898,-16.473],[-68.899,-16.471],[-68.901,-16.473],[-68.906,-16.472],[-68.912,-16.474],[-68.921,-16.472],[-68.926,-16.474],[-68.928,-16.473],[-68.929,-16.475],[-68.931,-16.473],[-68.943,-16.474],[-68.957,-16.472],[-68.958,-16.47],[-68.956,-16.47],[-68.954,-16.467],[-68.953,-16.462],[-68.95,-16.458],[-68.95,-16.454],[-68.949,-16.452],[-68.948,-16.445],[-68.949,-16.441],[-68.952,-16.445],[-68.952,-16.448],[-68.954,-16.448],[-68.954,-16.446],[-68.947,-16.437],[-68.933,-16.431],[-68.926,-16.429],[-68.924,-16.43],[-68.923,-16.434],[-68.912,-16.434],[-68.91,-16.432],[-68.908,-16.433],[-68.902,-16.431],[-68.9,-16.429],[-68.895,-16.429],[-68.89,-16.427],[-68.884,-16.426],[-68.882,-16.423],[-68.881,-16.425],[-68.875,-16.427],[-68.87,-16.426],[-68.869,-16.424],[-68.859,-16.426],[-68.858,-16.428],[-68.852,-16.426],[-68.846,-16.428],[-68.842,-16.426],[-68.839,-16.427],[-68.838,-16.425],[-68.834,-16.423],[-68.832,-16.425],[-68.825,-16.425],[-68.826,-16.423],[-68.824,-16.422],[-68.821,-16.422],[-68.821,-16.424],[-68.82,-16.422],[-68.815,-16.425],[-68.812,-16.425],[-68.81,-16.423],[-68.807,-16.424],[-68.805,-16.421],[-68.802,-16.419],[-68.8,-16.427],[-68.795,-16.43],[-68.791,-16.426],[-68.784,-16.427],[-68.782,-16.425],[-68.778,-16.427],[-68.777,-16.428],[-68.769,-16.428],[-68.762,-16.423],[-68.756,-16.424],[-68.753,-16.422],[-68.753,-16.419],[-68.748,-16.42],[-68.745,-16.419],[-68.739,-16.423],[-68.737,-16.423],[-68.738,-16.421],[-68.732,-16.422],[-68.728,-16.422],[-68.722,-16.411],[-68.714,-16.403],[-68.714,-16.401],[-68.719,-16.4],[-68.722,-16.397],[-68.708,-16.388],[-68.709,-16.38],[-68.707,-16.38],[-68.702,-16.386],[-68.692,-16.381],[-68.692,-16.378],[-68.689,-16.378],[-68.69,-16.374],[-68.684,-16.368],[-68.687,-16.365],[-68.686,-16.362],[-68.676,-16.354],[-68.676,-16.351],[-68.677,-16.348],[-68.679,-16.348],[-68.678,-16.341],[-68.687,-16.339],[-68.692,-16.336],[-68.695,-16.331],[-68.7,-16.332],[-68.703,-16.335],[-68.707,-16.333],[-68.709,-16.336],[-68.714,-16.335],[-68.708,-16.347],[-68.712,-16.351],[-68.717,-16.35],[-68.721,-16.347],[-68.721,-16.339],[-68.728,-16.338],[-68.731,-16.328],[-68.727,-16.328],[-68.724,-16.33],[-68.716,-16.332],[-68.72,-16.328],[-68.716,-16.321],[-68.705,-16.32],[-68.7,-16.322],[-68.692,-16.326],[-68.69,-16.325],[-68.692,-16.323],[-68.691,-16.321],[-68.691,-16.315],[-68.698,-16.308],[-68.694,-16.306],[-68.681,-16.308],[-68.668,-16.318],[-68.661,-16.319],[-68.656,-16.318],[-68.643,-16.327],[-68.642,-16.326],[-68.64,-16.328],[-68.64,-16.33],[-68.634,-16.336],[-68.629,-16.334],[-68.627,-16.336],[-68.628,-16.332],[-68.632,-16.327],[-68.63,-16.327],[-68.624,-16.33],[-68.615,-16.337],[-68.607,-16.336],[-68.595,-16.328],[-68.594,-16.325],[-68.592,-16.326],[-68.59,-16.323],[-68.587,-16.323],[-68.585,-16.321],[-68.586,-16.315],[-68.59,-16.313],[-68.591,-16.309],[-68.595,-16.303],[-68.594,-16.308],[-68.596,-16.307],[-68.598,-16.3],[-68.602,-16.297],[-68.604,-16.289],[-68.602,-16.287],[-68.601,-16.282],[-68.6,-16.281],[-68.598,-16.283],[-68.597,-16.28],[-68.594,-16.279],[-68.592,-16.282],[-68.594,-16.285],[-68.593,-16.286],[-68.59,-16.284],[-68.589,-16.277],[-68.584,-16.277],[-68.581,-16.273],[-68.58,-16.279],[-68.582,-16.282],[-68.582,-16.284],[-68.579,-16.284],[-68.578,-16.282],[-68.58,-16.278],[-68.579,-16.273],[-68.574,-16.269],[-68.567,-16.268],[-68.569,-16.264],[-68.574,-16.263],[-68.572,-16.261],[-68.574,-16.256],[-68.572,-16.252],[-68.573,-16.251],[-68.572,-16.25],[-68.578,-16.243],[-68.577,-16.239],[-68.58,-16.238],[-68.581,-16.233],[-68.588,-16.23],[-68.591,-16.22],[-68.594,-16.218],[-68.593,-16.216],[-68.601,-16.21],[-68.602,-16.201],[-68.604,-16.2],[-68.608,-16.201],[-68.61,-16.2],[-68.612,-16.203],[-68.617,-16.203],[-68.627,-16.198],[-68.629,-16.2],[-68.63,-16.205],[-68.643,-16.214],[-68.644,-16.218],[-68.654,-16.218],[-68.659,-16.22],[-68.662,-16.218],[-68.664,-16.219],[-68.667,-16.217],[-68.673,-16.219],[-68.678,-16.216],[-68.694,-16.212],[-68.704,-16.214],[-68.706,-16.212],[-68.71,-16.211],[-68.713,-16.207],[-68.722,-16.203],[-68.737,-16.203],[-68.741,-16.201],[-68.742,-16.202],[-68.749,-16.199],[-68.758,-16.191],[-68.781,-16.182],[-68.788,-16.183],[-68.794,-16.181],[-68.802,-16.182],[-68.805,-16.18],[-68.808,-16.181],[-68.811,-16.184],[-68.816,-16.184],[-68.816,-16.187],[-68.814,-16.187],[-68.813,-16.19],[-68.816,-16.2],[-68.815,-16.206],[-68.816,-16.208],[-68.822,-16.207],[-68.825,-16.208],[-68.824,-16.211],[-68.828,-16.213],[-68.829,-16.216],[-68.826,-16.223],[-68.832,-16.223],[-68.832,-16.226],[-68.833,-16.223],[-68.836,-16.224],[-68.837,-16.223],[-68.843,-16.221],[-68.849,-16.216],[-68.856,-16.204],[-68.855,-16.203],[-68.852,-16.204],[-68.85,-16.203],[-68.848,-16.201],[-68.849,-16.199],[-68.842,-16.193],[-68.851,-16.178],[-68.849,-16.175],[-68.846,-16.174],[-68.844,-16.17],[-68.845,-16.167],[-68.844,-16.166],[-68.846,-16.166],[-68.847,-16.162],[-68.851,-16.161],[-68.853,-16.158],[-68.855,-16.158],[-68.857,-16.159],[-68.857,-16.162],[-68.862,-16.164],[-68.863,-16.171],[-68.867,-16.164],[-68.868,-16.158],[-68.864,-16.148],[-68.864,-16.143],[-68.872,-16.136],[-68.875,-16.128],[-68.88,-16.125],[-68.883,-16.116],[-68.891,-16.111],[-68.893,-16.105],[-68.89,-16.105],[-68.888,-16.103],[-68.889,-16.094],[-68.897,-16.085],[-68.9,-16.086],[-68.903,-16.085],[-68.904,-16.082],[-68.904,-16.077],[-68.905,-16.075],[-68.908,-16.074],[-68.91,-16.072],[-68.907,-16.074],[-68.904,-16.073],[-68.9,-16.074],[-68.898,-16.073],[-68.898,-16.077],[-68.894,-16.077],[-68.89,-16.068],[-68.888,-16.066],[-68.885,-16.068],[-68.881,-16.063],[-68.876,-16.064],[-68.871,-16.06],[-68.867,-16.049],[-68.865,-16.047],[-68.862,-16.049],[-68.862,-16.053],[-68.866,-16.057],[-68.867,-16.066],[-68.872,-16.068],[-68.872,-16.071],[-68.874,-16.075],[-68.868,-16.073],[-68.864,-16.076],[-68.86,-16.073],[-68.858,-16.076],[-68.856,-16.071],[-68.858,-16.07],[-68.857,-16.068],[-68.848,-16.063],[-68.843,-16.064],[-68.839,-16.056],[-68.837,-16.057],[-68.836,-16.055],[-68.835,-16.032],[-68.828,-16.025],[-68.824,-16.023],[-68.82,-16.018],[-68.821,-16.012],[-68.818,-16.011],[-68.806,-16.015],[-68.803,-16.015],[-68.801,-16.012],[-68.8,-16.014],[-68.795,-16.014],[-68.794,-16.016],[-68.788,-16.019],[-68.787,-16.021],[-68.781,-16.021],[-68.779,-16.026],[-68.775,-16.025],[-68.77,-16.026],[-68.768,-16.03],[-68.759,-16.026],[-68.757,-16.02],[-68.754,-16.019],[-68.753,-16.022],[-68.753,-16.018],[-68.751,-16.019],[-68.749,-16.016],[-68.748,-16.019],[-68.748,-16.015],[-68.743,-16.014],[-68.743,-16.016],[-68.742,-16.014],[-68.74,-16.017],[-68.739,-16.015],[-68.741,-16.012],[-68.742,-16.013],[-68.75,-16.008],[-68.75,-16.005],[-68.757,-16.002],[-68.755,-15.998],[-68.753,-16.001],[-68.749,-16.003],[-68.746,-16.002],[-68.744,-16.004],[-68.74,-16.002],[-68.745,-16.002],[-68.748,-15.997],[-68.747,-15.995],[-68.742,-15.994],[-68.743,-15.992],[-68.745,-15.991],[-68.748,-15.993],[-68.75,-15.989],[-68.753,-15.989],[-68.751,-15.986],[-68.753,-15.983],[-68.753,-15.979],[-68.751,-15.979],[-68.748,-15.976],[-68.736,-15.976],[-68.734,-15.973],[-68.73,-15.973],[-68.725,-15.97],[-68.721,-15.97],[-68.719,-15.972],[-68.715,-15.973],[-68.722,-15.969],[-68.726,-15.969],[-68.727,-15.97],[-68.73,-15.969],[-68.729,-15.961],[-68.724,-15.96],[-68.728,-15.958],[-68.727,-15.956],[-68.725,-15.956],[-68.722,-15.958],[-68.722,-15.961],[-68.715,-15.959],[-68.719,-15.959],[-68.723,-15.954],[-68.722,-15.953],[-68.724,-15.945],[-68.722,-15.944],[-68.724,-15.942],[-68.729,-15.947],[-68.731,-15.945],[-68.734,-15.948],[-68.733,-15.945],[-68.735,-15.947],[-68.74,-15.946],[-68.747,-15.943],[-68.751,-15.933],[-68.754,-15.932],[-68.763,-15.941],[-68.767,-15.94],[-68.768,-15.945],[-68.772,-15.949],[-68.774,-15.946],[-68.776,-15.945],[-68.778,-15.95],[-68.784,-15.956],[-68.791,-15.951],[-68.794,-15.951],[-68.795,-15.953],[-68.795,-15.95],[-68.797,-15.948],[-68.805,-15.949],[-68.809,-15.945],[-68.813,-15.939],[-68.816,-15.939],[-68.816,-15.937],[-68.818,-15.936],[-68.821,-15.936],[-68.824,-15.934],[-68.832,-15.937],[-68.83,-15.934],[-68.827,-15.935],[-68.827,-15.933],[-68.829,-15.933],[-68.832,-15.93],[-68.835,-15.931],[-68.84,-15.929],[-68.84,-15.926],[-68.843,-15.927],[-68.849,-15.923],[-68.85,-15.923],[-68.849,-15.926],[-68.85,-15.927],[-68.856,-15.927],[-68.859,-15.931],[-68.866,-15.934],[-68.868,-15.937],[-68.872,-15.934],[-68.876,-15.936],[-68.875,-15.937],[-68.871,-15.937],[-68.87,-15.938],[-68.871,-15.938],[-68.878,-15.938],[-68.882,-15.942],[-68.888,-15.943],[-68.896,-15.939],[-68.901,-15.935],[-68.908,-15.922],[-68.914,-15.92],[-68.925,-15.913],[-68.939,-15.899],[-68.946,-15.899],[-68.954,-15.897],[-68.961,-15.897],[-68.971,-15.891],[-68.975,-15.892],[-68.982,-15.888],[-68.986,-15.885],[-68.986,-15.882],[-68.988,-15.882],[-68.986,-15.881],[-68.986,-15.877],[-68.99,-15.867],[-68.996,-15.865],[-69.003,-15.866],[-69.01,-15.864],[-69.012,-15.861],[-69.015,-15.845],[-69.02,-15.839],[-69.022,-15.827],[-69.024,-15.822],[-69.028,-15.82],[-69.028,-15.815],[-69.032,-15.809],[-69.039,-15.802],[-69.051,-15.798],[-69.054,-15.796],[-69.062,-15.782],[-69.065,-15.775],[-69.066,-15.768],[-69.071,-15.762],[-69.069,-15.758],[-69.071,-15.758],[-69.073,-15.755],[-69.086,-15.745],[-69.088,-15.735],[-69.098,-15.723],[-69.102,-15.72],[-69.106,-15.723],[-69.106,-15.722],[-69.108,-15.722],[-69.107,-15.72],[-69.106,-15.721],[-69.104,-15.72],[-69.104,-15.717],[-69.115,-15.714],[-69.114,-15.719],[-69.109,-15.723],[-69.109,-15.726],[-69.106,-15.725],[-69.104,-15.726],[-69.105,-15.728],[-69.111,-15.728],[-69.13,-15.722],[-69.151,-15.72],[-69.171,-15.716],[-69.182,-15.71],[-69.186,-15.705],[-69.19,-15.697],[-69.186,-15.698],[-69.177,-15.694],[-69.167,-15.697],[-69.162,-15.695],[-69.158,-15.698],[-69.154,-15.698],[-69.153,-15.696],[-69.157,-15.696],[-69.157,-15.694],[-69.149,-15.694],[-69.149,-15.693],[-69.147,-15.692],[-69.148,-15.691],[-69.146,-15.689],[-69.147,-15.689],[-69.146,-15.688],[-69.148,-15.685],[-69.152,-15.688],[-69.157,-15.687],[-69.157,-15.684],[-69.154,-15.68],[-69.163,-15.672],[-69.166,-15.671],[-69.171,-15.674],[-69.175,-15.673],[-69.174,-15.67],[-69.177,-15.67],[-69.175,-15.668],[-69.175,-15.666],[-69.188,-15.656],[-69.194,-15.667],[-69.2,-15.668],[-69.211,-15.677],[-69.218,-15.677],[-69.22,-15.676],[-69.222,-15.677],[-69.227,-15.671],[-69.231,-15.673],[-69.233,-15.677],[-69.238,-15.68],[-69.243,-15.68],[-69.255,-15.677],[-69.257,-15.674],[-69.259,-15.671],[-69.261,-15.67],[-69.262,-15.669],[-69.262,-15.661],[-69.263,-15.66],[-69.263,-15.655],[-69.264,-15.654],[-69.257,-15.647],[-69.259,-15.646],[-69.258,-15.643],[-69.259,-15.64],[-69.263,-15.637],[-69.266,-15.638],[-69.266,-15.641],[-69.269,-15.641],[-69.271,-15.637],[-69.267,-15.637],[-69.266,-15.634],[-69.27,-15.633],[-69.27,-15.629],[-69.275,-15.627],[-69.278,-15.628],[-69.278,-15.631],[-69.28,-15.632],[-69.284,-15.632],[-69.286,-15.629],[-69.291,-15.627],[-69.298,-15.614],[-69.3,-15.606],[-69.305,-15.606],[-69.304,-15.602],[-69.295,-15.601],[-69.292,-15.604],[-69.289,-15.601],[-69.287,-15.592],[-69.294,-15.582],[-69.295,-15.577],[-69.293,-15.576],[-69.291,-15.577],[-69.284,-15.575],[-69.281,-15.576],[-69.279,-15.569],[-69.282,-15.562],[-69.293,-15.554],[-69.3,-15.551],[-69.309,-15.551],[-69.313,-15.55],[-69.314,-15.546],[-69.316,-15.546],[-69.316,-15.547],[-69.321,-15.547],[-69.322,-15.545],[-69.321,-15.543],[-69.325,-15.544],[-69.326,-15.539],[-69.331,-15.537],[-69.314,-15.518],[-69.314,-15.513],[-69.309,-15.503],[-69.309,-15.498],[-69.314,-15.493],[-69.312,-15.491],[-69.309,-15.488],[-69.305,-15.48],[-69.316,-15.47],[-69.303,-15.46],[-69.29,-15.437],[-69.253,-15.47],[-69.241,-15.461],[-69.233,-15.441],[-69.25,-15.427],[-69.248,-15.4],[-69.247,-15.371],[-69.241,-15.353],[-69.231,-15.336],[-69.215,-15.318],[-69.207,-15.324],[-69.196,-15.314],[-69.192,-15.296],[-69.181,-15.277],[-69.176,-15.262],[-69.164,-15.251],[-69.157,-15.268],[-69.152,-15.269],[-69.148,-15.264],[-69.136,-15.255],[-69.131,-15.259],[-69.124,-15.259],[-69.122,-15.26],[-69.12,-15.259],[-69.122,-15.253],[-69.127,-15.247],[-69.133,-15.245],[-69.132,-15.229],[-69.133,-15.223],[-69.135,-15.219],[-69.138,-15.219],[-69.14,-15.216],[-69.15,-15.213],[-69.15,-15.205],[-69.153,-15.202],[-69.153,-15.199],[-69.166,-15.194],[-69.166,-15.191],[-69.169,-15.19],[-69.175,-15.18],[-69.182,-15.175],[-69.186,-15.169],[-69.191,-15.165],[-69.19,-15.159],[-69.196,-15.158],[-69.197,-15.156],[-69.207,-15.147],[-69.215,-15.142],[-69.217,-15.137],[-69.224,-15.137],[-69.226,-15.131],[-69.23,-15.133],[-69.23,-15.128],[-69.234,-15.127],[-69.233,-15.124],[-69.237,-15.123],[-69.237,-15.12],[-69.241,-15.123],[-69.244,-15.122],[-69.244,-15.12],[-69.241,-15.118],[-69.244,-15.115],[-69.243,-15.112],[-69.248,-15.115],[-69.249,-15.113],[-69.252,-15.112],[-69.258,-15.114],[-69.258,-15.111],[-69.263,-15.11],[-69.266,-15.117],[-69.267,-15.117],[-69.268,-15.116],[-69.267,-15.11],[-69.27,-15.109],[-69.268,-15.106],[-69.27,-15.105],[-69.271,-15.105],[-69.271,-15.108],[-69.274,-15.108],[-69.274,-15.112],[-69.277,-15.111],[-69.278,-15.108],[-69.274,-15.107],[-69.273,-15.105],[-69.277,-15.102],[-69.279,-15.103],[-69.28,-15.103],[-69.28,-15.101],[-69.283,-15.099],[-69.282,-15.094],[-69.286,-15.097],[-69.287,-15.083],[-69.293,-15.085],[-69.293,-15.083],[-69.29,-15.082],[-69.292,-15.075],[-69.296,-15.074],[-69.295,-15.072],[-69.299,-15.071],[-69.297,-15.068],[-69.299,-15.066],[-69.3,-15.061],[-69.304,-15.054],[-69.3,-15.048],[-69.301,-15.047],[-69.306,-15.047],[-69.305,-15.042],[-69.307,-15.041],[-69.309,-15.044],[-69.311,-15.044],[-69.311,-15.04],[-69.315,-15.043],[-69.315,-15.037],[-69.318,-15.034],[-69.319,-15.029],[-69.32,-15.028],[-69.32,-15.023],[-69.324,-15.017],[-69.323,-15.013],[-69.325,-15.012],[-69.323,-15.011],[-69.326,-15.008],[-69.324,-15.005],[-69.327,-15.005],[-69.326,-15.003],[-69.33,-14.997],[-69.353,-14.975],[-69.36,-14.959],[-69.364,-14.93],[-69.356,-14.929],[-69.352,-14.924],[-69.343,-14.883],[-69.354,-14.858],[-69.355,-14.832],[-69.357,-14.813],[-69.352,-14.801],[-69.347,-14.795],[-69.343,-14.794],[-69.339,-14.794],[-69.316,-14.775],[-69.301,-14.767],[-69.279,-14.766],[-69.272,-14.768],[-69.268,-14.767],[-69.242,-14.759],[-69.236,-14.756],[-69.231,-14.749],[-69.226,-14.737],[-69.235,-14.726],[-69.234,-14.723],[-69.236,-14.717],[-69.243,-14.716],[-69.253,-14.702],[-69.258,-14.685],[-69.251,-14.671],[-69.248,-14.67],[-69.246,-14.665],[-69.24,-14.66],[-69.231,-14.634],[-69.226,-14.628],[-69.23,-14.621],[-69.234,-14.618],[-69.231,-14.599],[-69.226,-14.598],[-69.224,-14.595],[-69.227,-14.586],[-69.226,-14.581],[-69.198,-14.586],[-69.189,-14.579],[-69.183,-14.58],[-69.178,-14.584],[-69.171,-14.581],[-69.168,-14.581],[-69.165,-14.584],[-69.149,-14.576],[-69.148,-14.565],[-69.148,-14.541],[-69.143,-14.535],[-69.141,-14.527],[-69.144,-14.519],[-69.149,-14.516],[-69.149,-14.513],[-69.136,-14.505],[-69.128,-14.506],[-69.122,-14.509],[-69.116,-14.504],[-69.113,-14.488],[-69.102,-14.483],[-69.095,-14.483],[-69.062,-14.462],[-69.049,-14.448],[-69.038,-14.422],[-69.025,-14.409],[-69.02,-14.397],[-69.015,-14.39],[-69.002,-14.385],[-68.993,-14.366],[-68.991,-14.348],[-68.985,-14.335],[-68.984,-14.31],[-68.987,-14.271],[-68.985,-14.237],[-68.95,-14.238],[-68.932,-14.236],[-68.915,-14.238],[-68.889,-14.236],[-68.86,-14.236],[-68.847,-14.237],[-68.833,-14.235],[-68.828,-14.23],[-68.829,-14.218],[-68.827,-14.216],[-68.827,-14.212],[-68.83,-14.211],[-68.832,-14.205],[-68.834,-14.205],[-68.835,-14.203],[-68.84,-14.199],[-68.843,-14.199],[-68.845,-14.196],[-68.848,-14.197],[-68.846,-14.19],[-68.851,-14.187],[-68.851,-14.184],[-68.853,-14.182],[-68.85,-14.179],[-68.854,-14.175],[-68.853,-14.166],[-68.857,-14.164],[-68.856,-14.161],[-68.853,-14.162],[-68.851,-14.156],[-68.847,-14.153],[-68.841,-14.154],[-68.837,-14.152],[-68.834,-14.155],[-68.833,-14.15],[-68.836,-14.147],[-68.834,-14.144],[-68.838,-14.144],[-68.839,-14.141],[-68.845,-14.141],[-68.848,-14.138],[-68.85,-14.138],[-68.851,-14.135],[-68.854,-14.135],[-68.853,-14.132],[-68.856,-14.129],[-68.859,-14.129],[-68.86,-14.124],[-68.872,-14.11],[-68.875,-14.099],[-68.874,-14.097],[-68.876,-14.095],[-68.875,-14.088],[-68.878,-14.087],[-68.88,-14.089],[-68.884,-14.084],[-68.884,-14.081],[-68.883,-14.077],[-68.879,-14.074],[-68.883,-14.072],[-68.883,-14.068],[-68.88,-14.066],[-68.882,-14.063],[-68.883,-14.059],[-68.893,-14.051],[-68.891,-14.047],[-68.903,-14.04],[-68.909,-14.041],[-68.909,-14.036],[-68.914,-14.034],[-68.916,-14.034],[-68.918,-14.031],[-68.917,-14.028],[-68.919,-14.027],[-68.92,-14.029],[-68.924,-14.03],[-68.927,-14.028],[-68.928,-14.031],[-68.931,-14.027],[-68.933,-14.028],[-68.937,-14.026],[-68.938,-14.023],[-68.943,-14.021],[-68.94,-14.019],[-68.939,-14.015],[-68.944,-14.015],[-68.947,-14.014],[-68.947,-14.004],[-68.955,-14.005],[-68.959,-14.001],[-68.964,-13.995],[-68.964,-13.991],[-68.968,-13.985],[-68.969,-13.983],[-68.975,-13.982],[-68.979,-13.976],[-68.976,-13.969],[-68.973,-13.967],[-68.971,-13.956],[-68.97,-13.954],[-68.965,-13.952],[-68.963,-13.95],[-68.965,-13.948],[-68.972,-13.948],[-68.976,-13.942],[-68.978,-13.934],[-68.983,-13.93],[-68.981,-13.92],[-68.985,-13.913],[-68.985,-13.904],[-68.982,-13.9],[-68.983,-13.895],[-68.979,-13.889],[-68.979,-13.88],[-68.987,-13.86],[-68.995,-13.845],[-68.992,-13.826],[-68.974,-13.779],[-68.977,-13.766],[-68.976,-13.761],[-68.977,-13.758],[-68.984,-13.754],[-68.986,-13.755],[-68.988,-13.753],[-68.991,-13.753],[-68.99,-13.751],[-68.994,-13.746],[-68.996,-13.745],[-68.998,-13.746],[-69.0,-13.743],[-69.007,-13.74],[-69.008,-13.737],[-69.012,-13.738],[-69.013,-13.74],[-69.016,-13.739],[-69.015,-13.737],[-69.019,-13.739],[-69.021,-13.737],[-69.027,-13.739],[-69.031,-13.73],[-69.035,-13.728],[-69.032,-13.727],[-69.034,-13.724],[-69.032,-13.722],[-69.034,-13.722],[-69.036,-13.716],[-69.038,-13.714],[-69.038,-13.717],[-69.041,-13.718],[-69.042,-13.714],[-69.047,-13.712],[-69.047,-13.71],[-69.05,-13.71],[-69.05,-13.704],[-69.056,-13.702],[-69.054,-13.699],[-69.056,-13.693],[-69.059,-13.694],[-69.059,-13.691],[-69.067,-13.688],[-69.068,-13.686],[-69.065,-13.68],[-69.067,-13.673],[-69.064,-13.673],[-69.062,-13.667],[-69.064,-13.662],[-69.064,-13.658],[-69.053,-13.655],[-69.051,-13.65],[-69.046,-13.647],[-69.045,-13.643],[-69.04,-13.643],[-69.037,-13.64],[-69.034,-13.639],[-69.033,-13.641],[-69.033,-13.644],[-69.037,-13.645],[-69.037,-13.647],[-69.034,-13.653],[-69.031,-13.655],[-69.029,-13.655],[-69.029,-13.653],[-69.026,-13.651],[-69.02,-13.658],[-69.017,-13.654],[-69.012,-13.655],[-69.01,-13.652],[-69.005,-13.652],[-69.002,-13.654],[-68.994,-13.652],[-68.993,-13.648],[-68.995,-13.647],[-68.997,-13.64],[-68.99,-13.636],[-68.994,-13.632],[-68.997,-13.633],[-69.001,-13.631],[-69.006,-13.625],[-69.004,-13.622],[-68.999,-13.624],[-69.0,-13.619],[-68.997,-13.618],[-68.992,-13.619],[-68.986,-13.611],[-68.982,-13.612],[-68.981,-13.609],[-68.978,-13.609],[-68.974,-13.612],[-68.973,-13.609],[-68.976,-13.604],[-68.974,-13.602],[-68.97,-13.601],[-68.966,-13.605],[-68.961,-13.603],[-68.953,-13.605],[-68.952,-13.602],[-68.957,-13.594],[-68.959,-13.588],[-68.953,-13.583],[-68.954,-13.574],[-68.947,-13.571],[-68.949,-13.566],[-68.946,-13.563],[-68.945,-13.556],[-68.947,-13.554],[-68.951,-13.553],[-68.953,-13.551],[-68.948,-13.545],[-68.945,-13.543],[-68.953,-13.535],[-68.945,-13.535],[-68.946,-13.529],[-68.943,-13.528],[-68.938,-13.52],[-68.936,-13.52],[-68.935,-13.522],[-68.938,-13.527],[-68.938,-13.529],[-68.935,-13.531],[-68.932,-13.528],[-68.934,-13.523],[-68.932,-13.52],[-68.922,-13.516],[-68.918,-13.521],[-68.916,-13.521],[-68.917,-13.517],[-68.915,-13.514],[-68.916,-13.51],[-68.918,-13.51],[-68.922,-13.513],[-68.924,-13.51],[-68.922,-13.508],[-68.911,-13.503],[-68.912,-13.501],[-68.916,-13.5],[-68.916,-13.498],[-68.914,-13.496],[-68.908,-13.497],[-68.908,-13.495],[-68.915,-13.492],[-68.915,-13.491],[-68.913,-13.489],[-68.908,-13.49],[-68.906,-13.488],[-68.907,-13.486],[-68.913,-13.486],[-68.917,-13.489],[-68.918,-13.485],[-68.905,-13.475],[-68.905,-13.472],[-68.909,-13.47],[-68.91,-13.469],[-68.906,-13.468],[-68.904,-13.472],[-68.902,-13.472],[-68.901,-13.468],[-68.903,-13.464],[-68.902,-13.461],[-68.899,-13.46],[-68.898,-13.465],[-68.896,-13.464],[-68.897,-13.459],[-68.9,-13.457],[-68.9,-13.452],[-68.907,-13.446],[-68.905,-13.439],[-68.903,-13.438],[-68.902,-13.44],[-68.903,-13.444],[-68.9,-13.447],[-68.898,-13.447],[-68.896,-13.443],[-68.901,-13.438],[-68.901,-13.435],[-68.892,-13.431],[-68.893,-13.427],[-68.891,-13.423],[-68.897,-13.422],[-68.895,-13.416],[-68.898,-13.412],[-68.892,-13.409],[-68.891,-13.406],[-68.888,-13.408],[-68.886,-13.407],[-68.886,-13.402],[-68.888,-13.402],[-68.893,-13.405],[-68.895,-13.4],[-68.893,-13.398],[-68.888,-13.4],[-68.885,-13.397],[-68.885,-13.39],[-68.886,-13.384],[-68.888,-13.383],[-68.891,-13.387],[-68.892,-13.382],[-68.889,-13.38],[-68.884,-13.382],[-68.882,-13.381],[-68.889,-13.371],[-68.885,-13.37],[-68.878,-13.372],[-68.878,-13.369],[-68.881,-13.364],[-68.878,-13.363],[-68.875,-13.364],[-68.873,-13.363],[-68.873,-13.359],[-68.868,-13.358],[-68.87,-13.356],[-68.877,-13.355],[-68.876,-13.353],[-68.874,-13.352],[-68.868,-13.354],[-68.868,-13.35],[-68.874,-13.349],[-68.876,-13.345],[-68.881,-13.342],[-68.875,-13.338],[-68.872,-13.335],[-68.868,-13.334],[-68.868,-13.332],[-68.874,-13.33],[-68.878,-13.333],[-68.88,-13.331],[-68.878,-13.327],[-68.872,-13.325],[-68.87,-13.318],[-68.867,-13.318],[-68.865,-13.321],[-68.862,-13.32],[-68.863,-13.314],[-68.86,-13.312],[-68.862,-13.306],[-68.861,-13.302],[-68.869,-13.302],[-68.869,-13.299],[-68.868,-13.296],[-68.866,-13.295],[-68.862,-13.298],[-68.858,-13.297],[-68.857,-13.293],[-68.861,-13.29],[-68.861,-13.286],[-68.859,-13.284],[-68.855,-13.285],[-68.854,-13.283],[-68.855,-13.282],[-68.859,-13.28],[-68.863,-13.273],[-68.862,-13.27],[-68.859,-13.269],[-68.853,-13.275],[-68.849,-13.27],[-68.861,-13.267],[-68.86,-13.264],[-68.854,-13.263],[-68.853,-13.261],[-68.855,-13.259],[-68.859,-13.26],[-68.861,-13.257],[-68.855,-13.249],[-68.853,-13.248],[-68.849,-13.249],[-68.845,-13.247],[-68.849,-13.241],[-68.85,-13.236],[-68.854,-13.235],[-68.858,-13.236],[-68.859,-13.235],[-68.858,-13.232],[-68.854,-13.228],[-68.855,-13.221],[-68.858,-13.222],[-68.862,-13.226],[-68.863,-13.225],[-68.862,-13.218],[-68.862,-13.213],[-68.861,-13.211],[-68.859,-13.212],[-68.855,-13.218],[-68.852,-13.215],[-68.852,-13.211],[-68.856,-13.202],[-68.861,-13.198],[-68.861,-13.192],[-68.863,-13.19],[-68.867,-13.191],[-68.869,-13.184],[-68.873,-13.181],[-68.873,-13.179],[-68.87,-13.179],[-68.862,-13.186],[-68.86,-13.184],[-68.864,-13.176],[-68.857,-13.172],[-68.856,-13.171],[-68.859,-13.17],[-68.866,-13.172],[-68.872,-13.167],[-68.866,-13.167],[-68.866,-13.165],[-68.867,-13.16],[-68.867,-13.157],[-68.863,-13.153],[-68.858,-13.151],[-68.858,-13.15],[-68.863,-13.15],[-68.867,-13.146],[-68.872,-13.149],[-68.866,-13.137],[-68.868,-13.134],[-68.873,-13.135],[-68.873,-13.141],[-68.875,-13.142],[-68.879,-13.137],[-68.877,-13.134],[-68.873,-13.132],[-68.871,-13.122],[-68.866,-13.118],[-68.868,-13.116],[-68.873,-13.119],[-68.875,-13.118],[-68.875,-13.114],[-68.871,-13.111],[-68.865,-13.11],[-68.865,-13.106],[-68.86,-13.095],[-68.87,-13.082],[-68.869,-13.079],[-68.86,-13.074],[-68.858,-13.068],[-68.855,-13.065],[-68.855,-13.058],[-68.86,-13.059],[-68.863,-13.057],[-68.864,-13.047],[-68.861,-13.046],[-68.85,-13.049],[-68.849,-13.047],[-68.849,-13.045],[-68.854,-13.044],[-68.855,-13.042],[-68.854,-13.039],[-68.85,-13.037],[-68.852,-13.033],[-68.856,-13.032],[-68.861,-13.036],[-68.868,-13.032],[-68.866,-13.028],[-68.859,-13.028],[-68.859,-13.021],[-68.857,-13.019],[-68.853,-13.018],[-68.854,-13.015],[-68.858,-13.013],[-68.871,-13.019],[-68.876,-13.015],[-68.875,-13.011],[-68.868,-13.011],[-68.867,-13.008],[-68.873,-13.004],[-68.873,-13.002],[-68.867,-12.999],[-68.866,-12.995],[-68.87,-12.987],[-68.877,-12.99],[-68.879,-12.989],[-68.879,-12.987],[-68.875,-12.985],[-68.866,-12.986],[-68.862,-12.984],[-68.861,-12.98],[-68.865,-12.976],[-68.866,-12.97],[-68.873,-12.975],[-68.87,-12.98],[-68.872,-12.981],[-68.876,-12.98],[-68.877,-12.977],[-68.874,-12.971],[-68.874,-12.965],[-68.878,-12.956],[-68.884,-12.956],[-68.883,-12.953],[-68.876,-12.954],[-68.876,-12.949],[-68.873,-12.944],[-68.869,-12.948],[-68.862,-12.949],[-68.859,-12.948],[-68.861,-12.944],[-68.874,-12.94],[-68.875,-12.938],[-68.874,-12.935],[-68.866,-12.933],[-68.865,-12.928],[-68.861,-12.928],[-68.86,-12.926],[-68.865,-12.922],[-68.872,-12.922],[-68.876,-12.918],[-68.871,-12.908],[-68.867,-12.903],[-68.873,-12.899],[-68.871,-12.897],[-68.866,-12.897],[-68.865,-12.895],[-68.868,-12.891],[-68.873,-12.889],[-68.871,-12.885],[-68.867,-12.881],[-68.864,-12.874],[-68.866,-12.872],[-68.871,-12.872],[-68.871,-12.87],[-68.869,-12.867],[-68.865,-12.867],[-68.859,-12.865],[-68.858,-12.858],[-68.856,-12.859],[-68.855,-12.864],[-68.851,-12.867],[-68.848,-12.865],[-68.844,-12.857],[-68.837,-12.859],[-68.834,-12.858],[-68.834,-12.855],[-68.842,-12.843],[-68.839,-12.841],[-68.834,-12.844],[-68.832,-12.844],[-68.831,-12.841],[-68.834,-12.838],[-68.835,-12.833],[-68.839,-12.831],[-68.84,-12.829],[-68.836,-12.829],[-68.832,-12.832],[-68.83,-12.831],[-68.829,-12.828],[-68.832,-12.826],[-68.839,-12.826],[-68.84,-12.823],[-68.835,-12.818],[-68.834,-12.81],[-68.831,-12.81],[-68.828,-12.813],[-68.825,-12.813],[-68.824,-12.804],[-68.82,-12.806],[-68.815,-12.805],[-68.81,-12.81],[-68.808,-12.809],[-68.811,-12.8],[-68.813,-12.798],[-68.816,-12.798],[-68.819,-12.792],[-68.818,-12.788],[-68.812,-12.784],[-68.807,-12.785],[-68.805,-12.784],[-68.808,-12.78],[-68.809,-12.777],[-68.805,-12.772],[-68.805,-12.769],[-68.808,-12.766],[-68.803,-12.764],[-68.805,-12.758],[-68.805,-12.756],[-68.801,-12.755],[-68.792,-12.76],[-68.788,-12.755],[-68.787,-12.748],[-68.784,-12.745],[-68.784,-12.74],[-68.781,-12.737],[-68.78,-12.732],[-68.778,-12.733],[-68.778,-12.738],[-68.77,-12.739],[-68.769,-12.742],[-68.767,-12.743],[-68.759,-12.736],[-68.756,-12.735],[-68.753,-12.731],[-68.747,-12.731],[-68.742,-12.726],[-68.741,-12.718],[-68.735,-12.717],[-68.729,-12.714],[-68.729,-12.712],[-68.735,-12.71],[-68.74,-12.714],[-68.743,-12.711],[-68.743,-12.709],[-68.742,-12.707],[-68.736,-12.705],[-68.733,-12.701],[-68.727,-12.7],[-68.725,-12.697],[-68.726,-12.691],[-68.729,-12.691],[-68.733,-12.697],[-68.736,-12.696],[-68.735,-12.692],[-68.729,-12.689],[-68.72,-12.688],[-68.712,-12.681],[-68.718,-12.678],[-68.721,-12.667],[-68.725,-12.668],[-68.727,-12.675],[-68.729,-12.672],[-68.73,-12.668],[-68.733,-12.669],[-68.734,-12.668],[-68.738,-12.657],[-68.732,-12.654],[-68.731,-12.652],[-68.734,-12.643],[-68.742,-12.634],[-68.735,-12.625],[-68.733,-12.611],[-68.726,-12.607],[-68.723,-12.603],[-68.721,-12.603],[-68.72,-12.606],[-68.714,-12.605],[-68.711,-12.593],[-68.703,-12.585],[-68.701,-12.58],[-68.699,-12.581],[-68.698,-12.589],[-68.697,-12.589],[-68.693,-12.585],[-68.692,-12.582],[-68.698,-12.578],[-68.7,-12.572],[-68.692,-12.564],[-68.692,-12.557],[-68.676,-12.555],[-68.674,-12.552],[-68.673,-12.542],[-68.675,-12.53],[-68.682,-12.528],[-68.683,-12.523],[-68.681,-12.523],[-68.671,-12.525],[-68.664,-12.525],[-68.662,-12.531],[-68.661,-12.536],[-68.657,-12.536],[-68.655,-12.534],[-68.654,-12.53],[-68.655,-12.525],[-68.661,-12.519],[-68.659,-12.514],[-68.653,-12.51],[-68.652,-12.498],[-68.638,-12.498],[-68.618,-12.495],[-68.611,-12.491],[-68.603,-12.484],[-68.59,-12.478],[-68.585,-12.473],[-68.563,-12.459],[-68.559,-12.454],[-68.558,-12.448],[-68.56,-12.444],[-68.583,-12.418],[-68.591,-12.404],[-68.588,-12.397],[-68.584,-12.394],[-68.572,-12.39],[-68.564,-12.39],[-68.52,-12.395],[-68.508,-12.399],[-68.502,-12.403],[-68.492,-12.417],[-68.486,-12.42],[-68.472,-12.423],[-68.461,-12.42],[-68.45,-12.411],[-68.438,-12.397],[-68.419,-12.382],[-68.405,-12.364],[-68.402,-12.35],[-68.4,-12.332],[-68.403,-12.303],[-68.414,-12.281],[-68.415,-12.275],[-68.412,-12.264],[-68.404,-12.254],[-68.378,-12.231],[-68.369,-12.226],[-68.358,-12.223],[-68.339,-12.22],[-68.333,-12.221],[-68.318,-12.228],[-68.311,-12.229],[-68.301,-12.228],[-68.293,-12.225],[-68.283,-12.217],[-68.271,-12.205],[-68.25,-12.192],[-68.244,-12.187],[-68.234,-12.169],[-68.225,-12.138],[-68.225,-12.127],[-68.231,-12.105],[-68.231,-12.098],[-68.226,-12.084],[-68.231,-12.056],[-68.232,-12.041],[-68.239,-12.021],[-68.237,-12.013],[-68.233,-12.011],[-68.209,-12.01],[-68.184,-12.011],[-68.156,-12.022],[-68.151,-12.023],[-68.133,-12.022],[-68.128,-12.024],[-68.117,-12.034],[-68.111,-12.037],[-68.104,-12.037],[-68.098,-12.035],[-68.061,-11.998],[-68.046,-11.988],[-68.018,-11.977],[-68.013,-11.973],[-67.987,-11.948],[-67.978,-11.936],[-67.975,-11.919],[-67.978,-11.899],[-67.988,-11.873],[-67.997,-11.859],[-67.996,-11.85],[-66.967,-12.49]]]]}},{"type":"Feature","properties":{"shapeName":"Oruro"},"geometry":{"type":"MultiPolygon","coordinates":[[[[-67.529,-19.86],[-67.525,-19.861],[-67.529,-19.862],[-67.531,-19.867],[-67.532,-19.865],[-67.53,-19.86],[-67.531,-19.86],[-67.529,-19.86]]],[[[-68.291,-19.424],[-68.282,-19.427],[-68.278,-19.427],[-68.279,-19.432],[-68.284,-19.432],[-68.284,-19.429],[-68.294,-19.427],[-68.308,-19.429],[-68.303,-19.426],[-68.306,-19.423],[-68.291,-19.424]]],[[[-68.311,-19.425],[-68.31,-19.428],[-68.312,-19.43],[-68.309,-19.432],[-68.312,-19.434],[-68.317,-19.432],[-68.32,-19.435],[-68.323,-19.434],[-68.325,-19.432],[-68.332,-19.43],[-68.335,-19.426],[-68.339,-19.424],[-68.328,-19.423],[-68.322,-19.425],[-68.314,-19.422],[-68.311,-19.425]]],[[[-68.408,-19.423],[-68.41,-19.427],[-68.407,-19.431],[-68.408,-19.44],[-68.416,-19.432],[-68.412,-19.431],[-68.413,-19.422],[-68.408,-19.418],[-68.406,-19.421],[-68.408,-19.423]]],[[[-68.402,-19.419],[-68.406,-19.417],[-68.406,-19.415],[-68.403,-19.415],[-68.402,-19.419]]],[[[-68.338,-19.411],[-68.34,-19.411],[-68.342,-19.409],[-68.343,-19.404],[-68.342,-19.401],[-68.338,-19.411]]],[[[-68.449,-19.366],[-68.449,-19.37],[-68.452,-19.367],[-68.449,-19.366]]],[[[-68.406,-19.305],[-68.405,-19.308],[-68.403,-19.308],[-68.402,-19.306],[-68.403,-19.311],[-68.403,-19.309],[-68.405,-19.311],[-68.406,-19.309],[-68.407,-19.31],[-68.402,-19.316],[-68.404,-19.32],[-68.402,-19.319],[-68.402,-19.32],[-68.405,-19.319],[-68.404,-19.316],[-68.406,-19.315],[-68.409,-19.317],[-68.412,-19.313],[-68.413,-19.309],[-68.406,-19.305]]],[[[-68.215,-19.296],[-68.213,-19.298],[-68.213,-19.309],[-68.211,-19.311],[-68.205,-19.312],[-68.202,-19.315],[-68.202,-19.317],[-68.207,-19.318],[-68.213,-19.315],[-68.216,-19.315],[-68.217,-19.307],[-68.221,-19.305],[-68.217,-19.303],[-68.218,-19.3],[-68.224,-19.297],[-68.227,-19.3],[-68.231,-19.297],[-68.225,-19.295],[-68.225,-19.29],[-68.218,-19.293],[-68.215,-19.296]]],[[[-68.228,-19.286],[-68.228,-19.288],[-68.235,-19.289],[-68.233,-19.286],[-68.229,-19.285],[-68.228,-19.286]]],[[[-68.23,-19.267],[-68.227,-19.269],[-68.223,-19.275],[-68.234,-19.28],[-68.242,-19.279],[-68.243,-19.273],[-68.24,-19.273],[-68.236,-19.275],[-68.231,-19.272],[-68.233,-19.267],[-68.23,-19.266],[-68.23,-19.267]]],[[[-68.357,-19.273],[-68.341,-19.271],[-68.332,-19.261],[-68.326,-19.257],[-68.325,-19.255],[-68.32,-19.254],[-68.316,-19.254],[-68.314,-19.257],[-68.311,-19.258],[-68.298,-19.251],[-68.267,-19.255],[-68.262,-19.259],[-68.261,-19.262],[-68.264,-19.266],[-68.262,-19.27],[-68.269,-19.273],[-68.271,-19.279],[-68.268,-19.277],[-68.263,-19.278],[-68.259,-19.28],[-68.258,-19.284],[-68.265,-19.298],[-68.257,-19.307],[-68.253,-19.308],[-68.25,-19.306],[-68.246,-19.313],[-68.242,-19.315],[-68.245,-19.322],[-68.245,-19.329],[-68.243,-19.332],[-68.244,-19.34],[-68.24,-19.343],[-68.241,-19.348],[-68.239,-19.35],[-68.246,-19.361],[-68.247,-19.365],[-68.253,-19.372],[-68.261,-19.376],[-68.259,-19.379],[-68.264,-19.379],[-68.265,-19.383],[-68.27,-19.384],[-68.271,-19.387],[-68.275,-19.39],[-68.277,-19.396],[-68.285,-19.401],[-68.292,-19.401],[-68.299,-19.396],[-68.307,-19.395],[-68.312,-19.393],[-68.317,-19.397],[-68.327,-19.396],[-68.328,-19.404],[-68.325,-19.411],[-68.326,-19.415],[-68.328,-19.418],[-68.332,-19.417],[-68.332,-19.414],[-68.337,-19.406],[-68.34,-19.397],[-68.347,-19.392],[-68.35,-19.392],[-68.355,-19.399],[-68.355,-19.403],[-68.353,-19.406],[-68.358,-19.407],[-68.363,-19.404],[-68.361,-19.393],[-68.363,-19.389],[-68.362,-19.378],[-68.366,-19.374],[-68.367,-19.368],[-68.37,-19.366],[-68.373,-19.367],[-68.375,-19.366],[-68.374,-19.364],[-68.371,-19.364],[-68.369,-19.36],[-68.369,-19.347],[-68.373,-19.34],[-68.371,-19.338],[-68.368,-19.337],[-68.368,-19.334],[-68.366,-19.315],[-68.363,-19.308],[-68.367,-19.29],[-68.37,-19.287],[-68.373,-19.287],[-68.376,-19.289],[-68.376,-19.293],[-68.382,-19.292],[-68.382,-19.291],[-68.386,-19.292],[-68.384,-19.292],[-68.387,-19.294],[-68.387,-19.297],[-68.394,-19.295],[-68.397,-19.3],[-68.4,-19.301],[-68.401,-19.303],[-68.403,-19.303],[-68.401,-19.3],[-68.4,-19.3],[-68.398,-19.284],[-68.396,-19.279],[-68.387,-19.276],[-68.384,-19.265],[-68.378,-19.259],[-68.375,-19.253],[-68.363,-19.246],[-68.357,-19.248],[-68.359,-19.252],[-68.357,-19.263],[-68.36,-19.267],[-68.359,-19.271],[-68.357,-19.273]]],[[[-66.9,-17.591],[-66.886,-17.6],[-66.873,-17.617],[-66.872,-17.625],[-66.883,-17.633],[-66.888,-17.639],[-66.892,-17.666],[-66.879,-17.679],[-66.877,-17.69],[-66.871,-17.692],[-66.87,-17.702],[-66.861,-17.713],[-66.851,-17.719],[-66.835,-17.726],[-66.822,-17.737],[-66.816,-17.757],[-66.797,-17.777],[-66.796,-17.782],[-66.782,-17.781],[-66.779,-17.784],[-66.772,-17.782],[-66.776,-17.791],[-66.771,-17.793],[-66.764,-17.803],[-66.757,-17.825],[-66.751,-17.835],[-66.747,-17.838],[-66.731,-17.841],[-66.723,-17.848],[-66.723,-17.851],[-66.721,-17.857],[-66.723,-17.866],[-66.722,-17.87],[-66.716,-17.878],[-66.714,-17.885],[-66.713,-17.894],[-66.715,-17.9],[-66.738,-17.94],[-66.748,-17.953],[-66.781,-17.985],[-66.788,-17.988],[-66.801,-18.004],[-66.822,-18.025],[-66.827,-18.037],[-66.836,-18.048],[-66.841,-18.052],[-66.833,-18.062],[-66.832,-18.083],[-66.822,-18.094],[-66.818,-18.102],[-66.816,-18.111],[-66.799,-18.125],[-66.796,-18.13],[-66.785,-18.136],[-66.779,-18.15],[-66.773,-18.16],[-66.768,-18.166],[-66.76,-18.17],[-66.758,-18.206],[-66.763,-18.209],[-66.764,-18.216],[-66.758,-18.227],[-66.749,-18.233],[-66.746,-18.241],[-66.73,-18.24],[-66.726,-18.242],[-66.725,-18.245],[-66.722,-18.245],[-66.696,-18.235],[-66.689,-18.233],[-66.676,-18.233],[-66.668,-18.238],[-66.656,-18.236],[-66.652,-18.239],[-66.644,-18.241],[-66.64,-18.241],[-66.632,-18.237],[-66.622,-18.238],[-66.616,-18.237],[-66.605,-18.238],[-66.598,-18.236],[-66.589,-18.241],[-66.585,-18.246],[-66.578,-18.247],[-66.569,-18.25],[-66.567,-18.248],[-66.562,-18.248],[-66.559,-18.244],[-66.553,-18.243],[-66.551,-18.245],[-66.55,-18.243],[-66.545,-18.244],[-66.541,-18.247],[-66.531,-18.247],[-66.528,-18.249],[-66.53,-18.261],[-66.534,-18.263],[-66.535,-18.267],[-66.538,-18.266],[-66.54,-18.269],[-66.543,-18.268],[-66.544,-18.266],[-66.544,-18.272],[-66.546,-18.272],[-66.548,-18.271],[-66.55,-18.274],[-66.554,-18.277],[-66.559,-18.275],[-66.562,-18.277],[-66.566,-18.277],[-66.569,-18.279],[-66.574,-18.278],[-66.581,-18.279],[-66.587,-18.282],[-66.614,-18.279],[-66.627,-18.287],[-66.635,-18.287],[-66.639,-18.288],[-66.644,-18.294],[-66.661,-18.296],[-66.666,-18.307],[-66.679,-18.316],[-66.703,-18.324],[-66.708,-18.329],[-66.729,-18.34],[-66.715,-18.362],[-66.714,-18.378],[-66.699,-18.403],[-66.697,-18.408],[-66.7,-18.419],[-66.698,-18.436],[-66.687,-18.462],[-66.682,-18.472],[-66.684,-18.474],[-66.681,-18.493],[-66.681,-18.501],[-66.676,-18.505],[-66.672,-18.515],[-66.666,-18.521],[-66.663,-18.533],[-66.664,-18.535],[-66.663,-18.541],[-66.658,-18.548],[-66.657,-18.553],[-66.658,-18.567],[-66.657,-18.569],[-66.651,-18.573],[-66.65,-18.578],[-66.642,-18.59],[-66.639,-18.599],[-66.641,-18.612],[-66.645,-18.613],[-66.647,-18.617],[-66.644,-18.63],[-66.636,-18.646],[-66.632,-18.649],[-66.629,-18.649],[-66.618,-18.646],[-66.607,-18.651],[-66.612,-18.66],[-66.605,-18.663],[-66.605,-18.667],[-66.601,-18.666],[-66.596,-18.674],[-66.595,-18.679],[-66.595,-18.683],[-66.596,-18.684],[-66.595,-18.687],[-66.602,-18.694],[-66.598,-18.698],[-66.589,-18.696],[-66.581,-18.703],[-66.58,-18.707],[-66.577,-18.706],[-66.576,-18.707],[-66.576,-18.714],[-66.565,-18.718],[-66.562,-18.717],[-66.556,-18.719],[-66.537,-18.721],[-66.538,-18.737],[-66.537,-18.749],[-66.532,-18.774],[-66.529,-18.778],[-66.522,-18.782],[-66.503,-18.788],[-66.5,-18.787],[-66.483,-18.77],[-66.477,-18.761],[-66.478,-18.752],[-66.475,-18.732],[-66.471,-18.719],[-66.46,-18.707],[-66.456,-18.707],[-66.448,-18.704],[-66.446,-18.704],[-66.442,-18.702],[-66.437,-18.709],[-66.43,-18.707],[-66.428,-18.704],[-66.423,-18.708],[-66.423,-18.71],[-66.413,-18.708],[-66.41,-18.712],[-66.398,-18.713],[-66.392,-18.717],[-66.377,-18.741],[-66.374,-18.752],[-66.364,-18.765],[-66.357,-18.781],[-66.352,-18.792],[-66.351,-18.804],[-66.346,-18.81],[-66.342,-18.823],[-66.343,-18.83],[-66.333,-18.852],[-66.33,-18.863],[-66.331,-18.867],[-66.322,-18.885],[-66.32,-18.896],[-66.316,-18.899],[-66.311,-18.91],[-66.313,-18.922],[-66.302,-18.933],[-66.302,-18.948],[-66.298,-18.971],[-66.302,-18.991],[-66.295,-18.996],[-66.282,-19.015],[-66.269,-19.009],[-66.248,-19.008],[-66.242,-19.005],[-66.228,-18.995],[-66.225,-18.994],[-66.221,-18.996],[-66.215,-18.994],[-66.212,-18.995],[-66.203,-18.991],[-66.198,-18.987],[-66.193,-18.987],[-66.188,-18.983],[-66.184,-18.982],[-66.184,-18.985],[-66.181,-18.987],[-66.179,-18.991],[-66.176,-19.021],[-66.172,-19.02],[-66.153,-19.031],[-66.135,-19.054],[-66.13,-19.054],[-66.125,-19.059],[-66.12,-19.062],[-66.115,-19.07],[-66.106,-19.076],[-66.106,-19.085],[-66.102,-19.086],[-66.093,-19.085],[-66.091,-19.092],[-66.087,-19.097],[-66.086,-19.1],[-66.087,-19.103],[-66.091,-19.104],[-66.093,-19.106],[-66.103,-19.121],[-66.099,-19.129],[-66.103,-19.14],[-66.113,-19.15],[-66.113,-19.157],[-66.108,-19.163],[-66.104,-19.171],[-66.101,-19.172],[-66.101,-19.174],[-66.104,-19.181],[-66.114,-19.19],[-66.119,-19.197],[-66.124,-19.208],[-66.126,-19.216],[-66.129,-19.219],[-66.129,-19.223],[-66.125,-19.237],[-66.13,-19.243],[-66.13,-19.246],[-66.139,-19.245],[-66.146,-19.239],[-66.151,-19.239],[-66.153,-19.234],[-66.161,-19.234],[-66.165,-19.236],[-66.172,-19.238],[-66.179,-19.242],[-66.189,-19.242],[-66.202,-19.253],[-66.217,-19.257],[-66.221,-19.262],[-66.223,-19.274],[-66.229,-19.286],[-66.246,-19.293],[-66.257,-19.3],[-66.262,-19.302],[-66.27,-19.299],[-66.272,-19.303],[-66.271,-19.314],[-66.277,-19.317],[-66.284,-19.329],[-66.304,-19.371],[-66.336,-19.415],[-66.357,-19.454],[-66.39,-19.458],[-66.429,-19.406],[-66.46,-19.381],[-66.502,-19.36],[-66.546,-19.386],[-66.557,-19.396],[-66.564,-19.399],[-66.576,-19.401],[-66.584,-19.421],[-66.591,-19.426],[-66.603,-19.428],[-66.621,-19.426],[-66.639,-19.427],[-66.658,-19.433],[-66.659,-19.43],[-66.662,-19.43],[-66.669,-19.434],[-66.68,-19.444],[-66.7,-19.448],[-66.709,-19.446],[-66.717,-19.441],[-66.726,-19.437],[-66.732,-19.43],[-66.735,-19.429],[-66.741,-19.437],[-66.745,-19.435],[-66.75,-19.437],[-66.753,-19.431],[-66.752,-19.427],[-66.755,-19.427],[-66.762,-19.43],[-66.77,-19.43],[-66.788,-19.434],[-66.789,-19.436],[-66.793,-19.436],[-66.797,-19.442],[-66.802,-19.443],[-66.802,-19.447],[-66.807,-19.45],[-66.814,-19.449],[-66.815,-19.451],[-66.818,-19.451],[-66.823,-19.455],[-66.845,-19.455],[-66.849,-19.448],[-66.857,-19.447],[-66.864,-19.439],[-66.871,-19.436],[-66.873,-19.43],[-66.877,-19.427],[-66.877,-19.424],[-66.881,-19.422],[-66.882,-19.414],[-66.886,-19.413],[-66.892,-19.41],[-66.901,-19.408],[-66.914,-19.398],[-66.923,-19.393],[-66.927,-19.389],[-66.937,-19.382],[-66.94,-19.378],[-66.948,-19.377],[-66.948,-19.373],[-66.952,-19.37],[-66.96,-19.368],[-66.98,-19.372],[-66.986,-19.373],[-66.995,-19.38],[-66.999,-19.38],[-67.004,-19.379],[-67.013,-19.371],[-67.019,-19.369],[-67.024,-19.369],[-67.035,-19.374],[-67.042,-19.381],[-67.044,-19.381],[-67.051,-19.378],[-67.055,-19.37],[-67.059,-19.371],[-67.059,-19.374],[-67.064,-19.374],[-67.067,-19.373],[-67.075,-19.36],[-67.081,-19.356],[-67.085,-19.358],[-67.089,-19.376],[-67.101,-19.395],[-67.109,-19.411],[-67.143,-19.42],[-67.162,-19.439],[-67.172,-19.442],[-67.173,-19.443],[-67.181,-19.445],[-67.193,-19.45],[-67.203,-19.447],[-67.211,-19.446],[-67.218,-19.441],[-67.224,-19.443],[-67.234,-19.436],[-67.242,-19.435],[-67.251,-19.431],[-67.256,-19.431],[-67.268,-19.429],[-67.27,-19.435],[-67.265,-19.441],[-67.262,-19.449],[-67.259,-19.449],[-67.26,-19.455],[-67.256,-19.464],[-67.244,-19.472],[-67.235,-19.481],[-67.229,-19.482],[-67.226,-19.484],[-67.225,-19.491],[-67.228,-19.496],[-67.232,-19.498],[-67.235,-19.504],[-67.237,-19.504],[-67.237,-19.507],[-67.233,-19.509],[-67.232,-19.512],[-67.229,-19.514],[-67.231,-19.524],[-67.226,-19.533],[-67.23,-19.536],[-67.223,-19.55],[-67.219,-19.554],[-67.218,-19.559],[-67.225,-19.566],[-67.231,-19.567],[-67.23,-19.573],[-67.232,-19.578],[-67.23,-19.582],[-67.232,-19.584],[-67.209,-19.601],[-67.203,-19.615],[-67.204,-19.617],[-67.208,-19.617],[-67.209,-19.625],[-67.207,-19.629],[-67.21,-19.632],[-67.213,-19.643],[-67.212,-19.649],[-67.207,-19.658],[-67.206,-19.67],[-67.21,-19.675],[-67.212,-19.674],[-67.213,-19.678],[-67.214,-19.677],[-67.214,-19.682],[-67.226,-19.69],[-67.232,-19.691],[-67.243,-19.691],[-67.257,-19.699],[-67.258,-19.707],[-67.257,-19.716],[-67.265,-19.726],[-67.274,-19.749],[-67.291,-19.765],[-67.291,-19.759],[-67.296,-19.755],[-67.299,-19.754],[-67.302,-19.75],[-67.311,-19.748],[-67.315,-19.744],[-67.322,-19.743],[-67.329,-19.739],[-67.334,-19.735],[-67.336,-19.731],[-67.347,-19.722],[-67.381,-19.713],[-67.417,-19.714],[-67.426,-19.711],[-67.435,-19.712],[-67.449,-19.707],[-67.47,-19.703],[-67.484,-19.705],[-67.498,-19.709],[-67.502,-19.712],[-67.514,-19.714],[-67.522,-19.717],[-67.532,-19.717],[-67.539,-19.715],[-67.54,-19.713],[-67.54,-19.714],[-67.547,-19.713],[-67.56,-19.717],[-67.562,-19.715],[-67.572,-19.728],[-67.571,-19.739],[-67.568,-19.747],[-67.569,-19.752],[-67.566,-19.757],[-67.566,-19.763],[-67.568,-19.764],[-67.557,-19.771],[-67.559,-19.772],[-67.559,-19.773],[-67.557,-19.774],[-67.56,-19.775],[-67.561,-19.777],[-67.563,-19.777],[-67.56,-19.779],[-67.556,-19.785],[-67.555,-19.782],[-67.553,-19.785],[-67.547,-19.786],[-67.55,-19.781],[-67.547,-19.781],[-67.542,-19.786],[-67.54,-19.785],[-67.538,-19.782],[-67.538,-19.787],[-67.534,-19.79],[-67.536,-19.794],[-67.547,-19.805],[-67.544,-19.818],[-67.536,-19.825],[-67.53,-19.829],[-67.531,-19.83],[-67.529,-19.834],[-67.523,-19.834],[-67.52,-19.829],[-67.519,-19.834],[-67.529,-19.837],[-67.53,-19.841],[-67.528,-19.849],[-67.533,-19.848],[-67.535,-19.851],[-67.538,-19.852],[-67.54,-19.855],[-67.544,-19.865],[-67.557,-19.865],[-67.559,-19.866],[-67.559,-19.866],[-67.563,-19.872],[-67.567,-19.885],[-67.571,-19.887],[-67.573,-19.881],[-67.581,-19.875],[-67.599,-19.872],[-67.605,-19.864],[-67.615,-19.86],[-67.635,-19.846],[-67.646,-19.842],[-67.664,-19.839],[-67.678,-19.83],[-67.715,-19.812],[-67.72,-19.827],[-67.73,-19.828],[-67.734,-19.832],[-67.738,-19.83],[-67.738,-19.826],[-67.744,-19.823],[-67.75,-19.816],[-67.752,-19.813],[-67.76,-19.812],[-67.758,-19.809],[-67.759,-19.806],[-67.786,-19.808],[-67.803,-19.811],[-67.822,-19.81],[-67.846,-19.796],[-67.861,-19.773],[-67.876,-19.762],[-67.899,-19.757],[-67.914,-19.743],[-67.935,-19.734],[-67.959,-19.729],[-67.96,-19.726],[-67.971,-19.708],[-67.99,-19.687],[-68.032,-19.622],[-68.042,-19.618],[-68.054,-19.61],[-68.059,-19.601],[-68.06,-19.596],[-68.074,-19.591],[-68.078,-19.588],[-68.088,-19.576],[-68.076,-19.563],[-68.075,-19.56],[-68.072,-19.56],[-68.067,-19.555],[-68.064,-19.548],[-68.057,-19.54],[-68.046,-19.537],[-68.024,-19.534],[-68.022,-19.531],[-68.026,-19.529],[-68.026,-19.528],[-68.012,-19.526],[-68.006,-19.522],[-67.976,-19.528],[-67.961,-19.527],[-67.947,-19.527],[-67.927,-19.537],[-67.921,-19.537],[-67.916,-19.541],[-67.904,-19.543],[-67.898,-19.543],[-67.886,-19.54],[-67.882,-19.54],[-67.87,-19.534],[-67.84,-19.525],[-67.831,-19.526],[-67.828,-19.529],[-67.826,-19.526],[-67.827,-19.524],[-67.825,-19.52],[-67.815,-19.512],[-67.806,-19.502],[-67.801,-19.495],[-67.795,-19.479],[-67.792,-19.468],[-67.793,-19.456],[-67.804,-19.445],[-67.798,-19.439],[-67.793,-19.43],[-67.792,-19.424],[-67.78,-19.413],[-67.773,-19.41],[-67.775,-19.405],[-67.789,-19.409],[-67.799,-19.408],[-67.796,-19.399],[-67.792,-19.397],[-67.794,-19.396],[-67.793,-19.395],[-67.799,-19.397],[-67.804,-19.401],[-67.819,-19.402],[-67.821,-19.401],[-67.821,-19.4],[-67.818,-19.397],[-67.811,-19.396],[-67.803,-19.393],[-67.8,-19.389],[-67.799,-19.386],[-67.801,-19.385],[-67.8,-19.384],[-67.806,-19.382],[-67.81,-19.378],[-67.816,-19.381],[-67.833,-19.377],[-67.836,-19.375],[-67.84,-19.369],[-67.847,-19.365],[-67.848,-19.359],[-67.852,-19.358],[-67.859,-19.36],[-67.866,-19.36],[-67.873,-19.354],[-67.885,-19.348],[-67.894,-19.349],[-67.907,-19.342],[-67.915,-19.342],[-67.914,-19.34],[-67.911,-19.341],[-67.909,-19.339],[-67.914,-19.339],[-67.916,-19.336],[-67.918,-19.337],[-67.926,-19.331],[-67.929,-19.331],[-67.927,-19.328],[-67.929,-19.328],[-67.929,-19.325],[-67.931,-19.328],[-67.934,-19.325],[-67.935,-19.326],[-67.939,-19.319],[-67.944,-19.32],[-67.933,-19.317],[-67.937,-19.316],[-67.942,-19.317],[-67.945,-19.314],[-67.951,-19.315],[-67.952,-19.311],[-67.956,-19.309],[-67.956,-19.303],[-67.95,-19.296],[-67.964,-19.295],[-67.988,-19.302],[-68.002,-19.3],[-68.005,-19.296],[-68.008,-19.295],[-68.003,-19.29],[-68.001,-19.285],[-68.002,-19.271],[-68.001,-19.265],[-68.002,-19.257],[-68.001,-19.25],[-68.004,-19.247],[-68.007,-19.24],[-68.005,-19.227],[-67.993,-19.199],[-67.993,-19.196],[-67.998,-19.197],[-67.994,-19.19],[-67.999,-19.193],[-68.002,-19.19],[-68.004,-19.185],[-68.016,-19.178],[-68.02,-19.17],[-68.021,-19.163],[-68.024,-19.16],[-68.025,-19.155],[-68.035,-19.154],[-68.035,-19.152],[-68.032,-19.15],[-68.038,-19.147],[-68.039,-19.143],[-68.042,-19.142],[-68.041,-19.14],[-68.034,-19.134],[-68.03,-19.124],[-68.019,-19.121],[-68.023,-19.12],[-68.026,-19.117],[-68.031,-19.118],[-68.033,-19.111],[-68.037,-19.105],[-68.039,-19.106],[-68.038,-19.112],[-68.041,-19.111],[-68.051,-19.085],[-68.054,-19.086],[-68.052,-19.088],[-68.054,-19.093],[-68.051,-19.095],[-68.054,-19.098],[-68.056,-19.118],[-68.059,-19.124],[-68.062,-19.118],[-68.067,-19.124],[-68.068,-19.129],[-68.077,-19.133],[-68.079,-19.137],[-68.085,-19.139],[-68.089,-19.143],[-68.091,-19.149],[-68.097,-19.15],[-68.098,-19.146],[-68.102,-19.144],[-68.102,-19.137],[-68.105,-19.133],[-68.106,-19.122],[-68.107,-19.12],[-68.126,-19.113],[-68.134,-19.12],[-68.14,-19.127],[-68.154,-19.139],[-68.161,-19.142],[-68.166,-19.142],[-68.167,-19.141],[-68.169,-19.143],[-68.177,-19.142],[-68.182,-19.145],[-68.195,-19.158],[-68.211,-19.168],[-68.238,-19.192],[-68.244,-19.194],[-68.258,-19.197],[-68.283,-19.196],[-68.316,-19.202],[-68.344,-19.196],[-68.346,-19.197],[-68.346,-19.199],[-68.349,-19.196],[-68.355,-19.198],[-68.377,-19.214],[-68.377,-19.222],[-68.375,-19.226],[-68.37,-19.228],[-68.368,-19.233],[-68.374,-19.24],[-68.374,-19.243],[-68.378,-19.241],[-68.384,-19.246],[-68.4,-19.251],[-68.411,-19.258],[-68.412,-19.26],[-68.416,-19.256],[-68.42,-19.257],[-68.421,-19.261],[-68.423,-19.259],[-68.424,-19.262],[-68.422,-19.266],[-68.421,-19.265],[-68.422,-19.267],[-68.425,-19.265],[-68.426,-19.261],[-68.425,-19.259],[-68.428,-19.262],[-68.431,-19.261],[-68.436,-19.267],[-68.434,-19.267],[-68.435,-19.27],[-68.431,-19.272],[-68.433,-19.271],[-68.435,-19.273],[-68.437,-19.271],[-68.436,-19.268],[-68.438,-19.266],[-68.439,-19.269],[-68.441,-19.268],[-68.442,-19.272],[-68.441,-19.275],[-68.442,-19.275],[-68.443,-19.277],[-68.445,-19.276],[-68.444,-19.272],[-68.445,-19.273],[-68.447,-19.277],[-68.446,-19.282],[-68.449,-19.277],[-68.452,-19.278],[-68.452,-19.28],[-68.451,-19.279],[-68.451,-19.28],[-68.452,-19.281],[-68.453,-19.289],[-68.455,-19.29],[-68.453,-19.292],[-68.459,-19.296],[-68.459,-19.3],[-68.461,-19.301],[-68.464,-19.298],[-68.465,-19.296],[-68.467,-19.296],[-68.467,-19.295],[-68.47,-19.296],[-68.471,-19.298],[-68.467,-19.299],[-68.465,-19.308],[-68.454,-19.311],[-68.454,-19.312],[-68.457,-19.315],[-68.467,-19.314],[-68.471,-19.314],[-68.473,-19.317],[-68.474,-19.323],[-68.473,-19.325],[-68.473,-19.329],[-68.475,-19.331],[-68.474,-19.333],[-68.471,-19.333],[-68.471,-19.343],[-68.473,-19.348],[-68.472,-19.352],[-68.543,-19.297],[-68.62,-19.277],[-68.628,-19.251],[-68.713,-19.17],[-68.736,-19.156],[-68.751,-19.133],[-68.781,-19.108],[-68.806,-19.083],[-68.852,-19.064],[-68.871,-19.06],[-68.89,-19.043],[-68.92,-18.977],[-68.95,-18.937],[-68.912,-18.892],[-68.926,-18.843],[-68.95,-18.793],[-68.987,-18.75],[-68.983,-18.746],[-68.981,-18.74],[-68.973,-18.739],[-68.972,-18.732],[-68.976,-18.725],[-68.978,-18.718],[-68.984,-18.712],[-68.987,-18.706],[-68.987,-18.701],[-68.984,-18.698],[-68.985,-18.677],[-69.003,-18.65],[-69.009,-18.646],[-69.014,-18.633],[-69.033,-18.629],[-69.037,-18.614],[-69.031,-18.612],[-69.028,-18.601],[-69.025,-18.599],[-69.016,-18.599],[-69.007,-18.601],[-69.002,-18.588],[-69.009,-18.58],[-69.017,-18.572],[-69.012,-18.537],[-69.022,-18.504],[-69.029,-18.47],[-69.028,-18.465],[-69.025,-18.461],[-69.038,-18.442],[-69.047,-18.41],[-69.048,-18.383],[-69.052,-18.381],[-69.055,-18.376],[-69.047,-18.367],[-69.051,-18.361],[-69.05,-18.355],[-69.054,-18.347],[-69.052,-18.34],[-69.05,-18.337],[-69.046,-18.335],[-69.038,-18.323],[-69.045,-18.314],[-69.052,-18.312],[-69.059,-18.308],[-69.064,-18.302],[-69.071,-18.297],[-69.075,-18.292],[-69.07,-18.252],[-69.065,-18.24],[-69.103,-18.21],[-69.142,-18.163],[-69.127,-18.127],[-69.081,-18.091],[-69.071,-18.075],[-69.079,-18.047],[-69.072,-18.038],[-69.057,-18.034],[-69.046,-18.029],[-69.034,-18.017],[-69.023,-18.01],[-69.014,-18.007],[-69.006,-17.998],[-68.992,-17.995],[-68.933,-17.967],[-68.91,-17.95],[-68.87,-17.943],[-68.85,-17.938],[-68.838,-17.942],[-68.834,-17.937],[-68.83,-17.935],[-68.818,-17.931],[-68.813,-17.931],[-68.807,-17.927],[-68.801,-17.929],[-68.785,-17.93],[-68.779,-17.926],[-68.778,-17.924],[-68.76,-17.914],[-68.758,-17.908],[-68.759,-17.906],[-68.758,-17.903],[-68.754,-17.898],[-68.742,-17.891],[-68.74,-17.887],[-68.728,-17.885],[-68.721,-17.89],[-68.719,-17.888],[-68.711,-17.887],[-68.696,-17.889],[-68.691,-17.88],[-68.681,-17.878],[-68.673,-17.879],[-68.669,-17.878],[-68.662,-17.869],[-68.649,-17.868],[-68.645,-17.863],[-68.639,-17.863],[-68.634,-17.853],[-68.622,-17.849],[-68.62,-17.842],[-68.615,-17.837],[-68.609,-17.836],[-68.587,-17.82],[-68.575,-17.816],[-68.568,-17.816],[-68.559,-17.82],[-68.548,-17.815],[-68.543,-17.811],[-68.536,-17.81],[-68.537,-17.8],[-68.544,-17.795],[-68.544,-17.789],[-68.541,-17.784],[-68.544,-17.771],[-68.544,-17.76],[-68.538,-17.732],[-68.54,-17.715],[-68.533,-17.703],[-68.522,-17.702],[-68.513,-17.706],[-68.51,-17.705],[-68.505,-17.706],[-68.498,-17.7],[-68.499,-17.696],[-68.497,-17.691],[-68.481,-17.684],[-68.478,-17.685],[-68.475,-17.688],[-68.473,-17.688],[-68.465,-17.675],[-68.463,-17.668],[-68.458,-17.668],[-68.453,-17.663],[-68.449,-17.663],[-68.442,-17.667],[-68.436,-17.668],[-68.436,-17.66],[-68.418,-17.639],[-68.414,-17.631],[-68.415,-17.629],[-68.415,-17.626],[-68.411,-17.623],[-68.406,-17.624],[-68.4,-17.62],[-68.389,-17.618],[-68.386,-17.617],[-68.385,-17.612],[-68.386,-17.603],[-68.384,-17.6],[-68.376,-17.594],[-68.361,-17.591],[-68.348,-17.593],[-68.333,-17.608],[-68.324,-17.599],[-68.322,-17.598],[-68.322,-17.597],[-68.316,-17.599],[-68.31,-17.594],[-68.307,-17.599],[-68.299,-17.603],[-68.292,-17.613],[-68.276,-17.629],[-68.27,-17.643],[-68.266,-17.643],[-68.256,-17.638],[-68.251,-17.639],[-68.238,-17.648],[-68.228,-17.649],[-68.224,-17.651],[-68.212,-17.663],[-68.209,-17.669],[-68.205,-17.671],[-68.201,-17.671],[-68.201,-17.668],[-68.198,-17.665],[-68.19,-17.663],[-68.189,-17.659],[-68.191,-17.658],[-68.19,-17.655],[-68.144,-17.669],[-68.137,-17.676],[-68.1,-17.699],[-68.085,-17.715],[-68.074,-17.719],[-68.055,-17.718],[-68.016,-17.733],[-68.0,-17.741],[-67.999,-17.739],[-67.995,-17.738],[-67.989,-17.741],[-67.984,-17.742],[-67.969,-17.733],[-67.965,-17.738],[-67.966,-17.748],[-67.958,-17.764],[-67.939,-17.774],[-67.926,-17.783],[-67.902,-17.791],[-67.885,-17.805],[-67.875,-17.81],[-67.868,-17.811],[-67.864,-17.815],[-67.861,-17.814],[-67.861,-17.823],[-67.853,-17.825],[-67.852,-17.827],[-67.852,-17.829],[-67.848,-17.829],[-67.834,-17.849],[-67.832,-17.849],[-67.827,-17.852],[-67.827,-17.854],[-67.823,-17.86],[-67.824,-17.861],[-67.818,-17.863],[-67.817,-17.865],[-67.811,-17.869],[-67.808,-17.873],[-67.797,-17.877],[-67.791,-17.881],[-67.772,-17.878],[-67.753,-17.872],[-67.732,-17.86],[-67.708,-17.848],[-67.702,-17.802],[-67.68,-17.778],[-67.677,-17.764],[-67.644,-17.758],[-67.632,-17.765],[-67.586,-17.768],[-67.586,-17.712],[-67.558,-17.703],[-67.531,-17.674],[-67.516,-17.672],[-67.508,-17.65],[-67.509,-17.643],[-67.515,-17.637],[-67.531,-17.61],[-67.528,-17.598],[-67.529,-17.597],[-67.547,-17.589],[-67.549,-17.586],[-67.549,-17.583],[-67.547,-17.577],[-67.532,-17.56],[-67.521,-17.554],[-67.52,-17.551],[-67.523,-17.546],[-67.522,-17.544],[-67.516,-17.54],[-67.515,-17.536],[-67.511,-17.531],[-67.505,-17.518],[-67.503,-17.517],[-67.495,-17.521],[-67.482,-17.521],[-67.475,-17.517],[-67.472,-17.508],[-67.469,-17.506],[-67.464,-17.512],[-67.447,-17.526],[-67.446,-17.529],[-67.449,-17.533],[-67.448,-17.537],[-67.439,-17.547],[-67.438,-17.551],[-67.43,-17.558],[-67.43,-17.561],[-67.419,-17.564],[-67.417,-17.567],[-67.414,-17.568],[-67.413,-17.571],[-67.406,-17.572],[-67.403,-17.574],[-67.394,-17.561],[-67.391,-17.549],[-67.381,-17.539],[-67.38,-17.539],[-67.382,-17.531],[-67.38,-17.528],[-67.38,-17.526],[-67.387,-17.52],[-67.388,-17.517],[-67.382,-17.509],[-67.382,-17.501],[-67.376,-17.491],[-67.377,-17.477],[-67.375,-17.462],[-67.367,-17.453],[-67.349,-17.452],[-67.345,-17.449],[-67.342,-17.45],[-67.34,-17.449],[-67.337,-17.431],[-67.332,-17.427],[-67.322,-17.425],[-67.32,-17.421],[-67.314,-17.414],[-67.319,-17.395],[-67.315,-17.392],[-67.313,-17.384],[-67.31,-17.381],[-67.306,-17.383],[-67.304,-17.382],[-67.297,-17.384],[-67.294,-17.381],[-67.294,-17.376],[-67.286,-17.368],[-67.285,-17.357],[-67.278,-17.345],[-67.257,-17.333],[-67.254,-17.328],[-67.253,-17.324],[-67.248,-17.324],[-67.243,-17.328],[-67.234,-17.333],[-67.233,-17.335],[-67.229,-17.337],[-67.227,-17.334],[-67.223,-17.332],[-67.218,-17.337],[-67.216,-17.335],[-67.213,-17.336],[-67.209,-17.335],[-67.203,-17.336],[-67.198,-17.346],[-67.194,-17.349],[-67.197,-17.352],[-67.196,-17.356],[-67.198,-17.357],[-67.2,-17.366],[-67.194,-17.37],[-67.192,-17.375],[-67.187,-17.379],[-67.189,-17.386],[-67.187,-17.407],[-67.191,-17.414],[-67.19,-17.417],[-67.184,-17.423],[-67.171,-17.433],[-67.157,-17.441],[-67.151,-17.449],[-67.142,-17.453],[-67.136,-17.454],[-67.125,-17.465],[-67.088,-17.466],[-67.084,-17.465],[-67.077,-17.47],[-67.067,-17.47],[-67.059,-17.476],[-67.06,-17.479],[-67.05,-17.496],[-67.036,-17.5],[-67.026,-17.512],[-67.02,-17.528],[-67.021,-17.539],[-67.051,-17.588],[-67.041,-17.602],[-67.036,-17.607],[-67.014,-17.618],[-67.01,-17.629],[-67.007,-17.632],[-66.975,-17.621],[-66.936,-17.611],[-66.9,-17.591]],[[-67.104,-18.026],[-67.106,-18.026],[-67.108,-18.03],[-67.109,-18.038],[-67.111,-18.033],[-67.117,-18.03],[-67.113,-18.035],[-67.115,-18.035],[-67.114,-18.039],[-67.111,-18.041],[-67.111,-18.044],[-67.119,-18.036],[-67.121,-18.039],[-67.119,-18.047],[-67.123,-18.04],[-67.129,-18.041],[-67.136,-18.04],[-67.14,-18.045],[-67.146,-18.049],[-67.157,-18.048],[-67.165,-18.05],[-67.168,-18.056],[-67.167,-18.059],[-67.171,-18.06],[-67.167,-18.062],[-67.168,-18.072],[-67.163,-18.075],[-67.162,-18.075],[-67.16,-18.068],[-67.155,-18.066],[-67.152,-18.066],[-67.149,-18.07],[-67.136,-18.074],[-67.133,-18.083],[-67.136,-18.09],[-67.135,-18.096],[-67.137,-18.098],[-67.13,-18.109],[-67.13,-18.117],[-67.127,-18.124],[-67.13,-18.137],[-67.132,-18.137],[-67.136,-18.14],[-67.132,-18.143],[-67.134,-18.145],[-67.132,-18.147],[-67.132,-18.152],[-67.127,-18.161],[-67.125,-18.16],[-67.126,-18.164],[-67.121,-18.165],[-67.116,-18.168],[-67.111,-18.165],[-67.114,-18.17],[-67.111,-18.173],[-67.104,-18.171],[-67.105,-18.175],[-67.109,-18.175],[-67.109,-18.181],[-67.1,-18.184],[-67.096,-18.187],[-67.095,-18.185],[-67.093,-18.186],[-67.09,-18.181],[-67.084,-18.179],[-67.084,-18.176],[-67.082,-18.175],[-67.084,-18.171],[-67.082,-18.17],[-67.08,-18.16],[-67.074,-18.149],[-67.075,-18.144],[-67.076,-18.143],[-67.076,-18.14],[-67.078,-18.135],[-67.077,-18.133],[-67.078,-18.131],[-67.072,-18.128],[-67.071,-18.118],[-67.061,-18.1],[-67.06,-18.095],[-67.062,-18.09],[-67.057,-18.093],[-67.055,-18.087],[-67.047,-18.078],[-67.048,-18.075],[-67.05,-18.074],[-67.058,-18.057],[-67.072,-18.044],[-67.074,-18.04],[-67.078,-18.039],[-67.083,-18.044],[-67.08,-18.053],[-67.081,-18.054],[-67.086,-18.046],[-67.089,-18.045],[-67.089,-18.041],[-67.094,-18.039],[-67.098,-18.027],[-67.104,-18.026]],[[-67.064,-18.448],[-67.071,-18.45],[-67.076,-18.449],[-67.082,-18.457],[-67.088,-18.46],[-67.093,-18.457],[-67.101,-18.458],[-67.1,-18.455],[-67.103,-18.453],[-67.114,-18.456],[-67.122,-18.468],[-67.13,-18.476],[-67.127,-18.505],[-67.142,-18.518],[-67.149,-18.531],[-67.158,-18.54],[-67.161,-18.545],[-67.172,-18.55],[-67.183,-18.55],[-67.199,-18.552],[-67.21,-18.561],[-67.219,-18.563],[-67.243,-18.578],[-67.262,-18.596],[-67.266,-18.602],[-67.267,-18.613],[-67.262,-18.62],[-67.266,-18.633],[-67.261,-18.645],[-67.252,-18.653],[-67.248,-18.659],[-67.23,-18.671],[-67.222,-18.672],[-67.209,-18.664],[-67.199,-18.664],[-67.197,-18.665],[-67.193,-18.67],[-67.192,-18.675],[-67.194,-18.679],[-67.191,-18.68],[-67.179,-18.679],[-67.172,-18.683],[-67.169,-18.687],[-67.167,-18.694],[-67.165,-18.699],[-67.158,-18.706],[-67.142,-18.717],[-67.135,-18.727],[-67.126,-18.746],[-67.121,-18.751],[-67.122,-18.755],[-67.128,-18.754],[-67.139,-18.759],[-67.154,-18.767],[-67.163,-18.774],[-67.181,-18.779],[-67.185,-18.782],[-67.188,-18.786],[-67.191,-18.783],[-67.194,-18.785],[-67.196,-18.787],[-67.208,-18.792],[-67.209,-18.795],[-67.207,-18.799],[-67.208,-18.803],[-67.198,-18.814],[-67.181,-18.825],[-67.176,-18.831],[-67.168,-18.836],[-67.165,-18.841],[-67.145,-18.849],[-67.122,-18.863],[-67.093,-18.874],[-67.085,-18.883],[-67.063,-18.904],[-67.062,-18.91],[-67.063,-18.911],[-67.08,-18.918],[-67.088,-18.924],[-67.086,-18.93],[-67.075,-18.944],[-67.069,-18.955],[-67.071,-18.968],[-67.069,-18.992],[-67.08,-19.008],[-67.081,-19.015],[-67.074,-19.027],[-67.064,-19.035],[-67.057,-19.046],[-67.06,-19.058],[-67.06,-19.066],[-67.053,-19.074],[-67.05,-19.08],[-67.053,-19.09],[-67.052,-19.101],[-67.053,-19.126],[-67.051,-19.141],[-67.049,-19.145],[-67.042,-19.152],[-67.026,-19.163],[-67.021,-19.171],[-67.015,-19.173],[-67.015,-19.175],[-67.025,-19.188],[-67.025,-19.19],[-67.023,-19.19],[-67.02,-19.186],[-67.015,-19.184],[-67.017,-19.195],[-67.016,-19.196],[-67.009,-19.19],[-67.004,-19.189],[-67.004,-19.192],[-67.009,-19.199],[-67.009,-19.2],[-67.001,-19.193],[-66.998,-19.181],[-66.988,-19.173],[-66.987,-19.171],[-66.989,-19.17],[-66.984,-19.165],[-66.98,-19.164],[-66.978,-19.166],[-66.977,-19.162],[-66.973,-19.161],[-66.965,-19.163],[-66.962,-19.162],[-66.96,-19.165],[-66.959,-19.164],[-66.96,-19.162],[-66.956,-19.161],[-66.954,-19.161],[-66.952,-19.159],[-66.949,-19.16],[-66.948,-19.154],[-66.945,-19.157],[-66.943,-19.157],[-66.942,-19.155],[-66.943,-19.152],[-66.936,-19.154],[-66.935,-19.15],[-66.938,-19.148],[-66.937,-19.146],[-66.931,-19.147],[-66.929,-19.149],[-66.925,-19.147],[-66.923,-19.148],[-66.921,-19.139],[-66.915,-19.138],[-66.915,-19.137],[-66.904,-19.123],[-66.891,-19.098],[-66.89,-19.084],[-66.885,-19.072],[-66.878,-19.061],[-66.87,-19.054],[-66.868,-19.048],[-66.864,-19.043],[-66.861,-19.015],[-66.863,-19.001],[-66.861,-18.982],[-66.864,-18.976],[-66.864,-18.971],[-66.87,-18.964],[-66.914,-18.934],[-66.921,-18.927],[-66.935,-18.906],[-66.959,-18.856],[-66.965,-18.838],[-66.967,-18.837],[-66.973,-18.814],[-66.975,-18.796],[-66.981,-18.762],[-66.99,-18.745],[-66.997,-18.726],[-67.003,-18.719],[-67.004,-18.714],[-67.011,-18.71],[-67.014,-18.704],[-67.018,-18.702],[-67.031,-18.687],[-67.06,-18.666],[-67.068,-18.664],[-67.088,-18.674],[-67.102,-18.676],[-67.104,-18.675],[-67.102,-18.67],[-67.106,-18.655],[-67.099,-18.641],[-67.098,-18.632],[-67.1,-18.625],[-67.09,-18.617],[-67.09,-18.612],[-67.093,-18.613],[-67.094,-18.605],[-67.091,-18.601],[-67.094,-18.588],[-67.092,-18.576],[-67.089,-18.573],[-67.091,-18.569],[-67.091,-18.565],[-67.086,-18.548],[-67.079,-18.542],[-67.075,-18.543],[-67.073,-18.541],[-67.073,-18.535],[-67.067,-18.526],[-67.068,-18.517],[-67.066,-18.515],[-67.062,-18.514],[-67.061,-18.508],[-67.058,-18.504],[-67.061,-18.493],[-67.059,-18.479],[-67.052,-18.472],[-67.049,-18.464],[-67.052,-18.452],[-67.059,-18.451],[-67.06,-18.448],[-67.064,-18.448]]]]}},{"type":"Feature","properties":{"shapeName":"Pando"},"geometry":{"type":"Polygon","coordinates":[[[-65.391,-10.381],[-65.398,-10.393],[-65.398,-10.398],[-65.401,-10.407],[-65.408,-10.414],[-65.425,-10.417],[-65.438,-10.413],[-65.448,-10.415],[-65.472,-10.429],[-65.484,-10.438],[-65.486,-10.446],[-65.488,-10.462],[-65.494,-10.479],[-65.502,-10.492],[-65.51,-10.497],[-65.53,-10.501],[-65.536,-10.504],[-65.544,-10.505],[-65.555,-10.508],[-65.575,-10.52],[-65.58,-10.529],[-65.587,-10.537],[-65.618,-10.54],[-65.624,-10.546],[-65.624,-10.558],[-65.633,-10.564],[-65.647,-10.566],[-65.684,-10.564],[-65.71,-10.566],[-65.723,-10.565],[-65.728,-10.567],[-65.732,-10.572],[-65.734,-10.578],[-65.734,-10.592],[-65.725,-10.612],[-65.704,-10.645],[-65.702,-10.651],[-65.711,-10.684],[-65.72,-10.695],[-65.734,-10.707],[-65.753,-10.717],[-65.788,-10.731],[-65.813,-10.743],[-65.82,-10.744],[-65.827,-10.742],[-65.832,-10.736],[-65.84,-10.718],[-65.86,-10.693],[-65.864,-10.69],[-65.869,-10.689],[-65.88,-10.693],[-65.888,-10.701],[-65.896,-10.714],[-65.904,-10.729],[-65.906,-10.735],[-65.906,-10.741],[-65.903,-10.746],[-65.881,-10.757],[-65.868,-10.768],[-65.852,-10.784],[-65.849,-10.792],[-65.85,-10.823],[-65.851,-10.83],[-65.854,-10.834],[-65.86,-10.835],[-65.881,-10.831],[-65.905,-10.83],[-65.915,-10.827],[-65.935,-10.813],[-65.969,-10.798],[-65.976,-10.797],[-65.983,-10.799],[-66.001,-10.81],[-66.01,-10.813],[-66.044,-10.831],[-66.072,-10.848],[-66.076,-10.852],[-66.076,-10.857],[-66.071,-10.863],[-66.063,-10.866],[-66.056,-10.867],[-66.049,-10.865],[-66.029,-10.855],[-66.021,-10.855],[-66.015,-10.858],[-66.013,-10.864],[-66.015,-10.872],[-66.021,-10.879],[-66.038,-10.889],[-66.044,-10.896],[-66.047,-10.903],[-66.049,-10.914],[-66.047,-10.942],[-66.058,-10.987],[-66.061,-10.99],[-66.066,-10.991],[-66.081,-10.993],[-66.088,-10.992],[-66.092,-10.99],[-66.107,-11.023],[-66.108,-11.033],[-66.107,-11.039],[-66.103,-11.043],[-66.099,-11.043],[-66.092,-11.047],[-66.093,-11.051],[-66.104,-11.051],[-66.137,-11.042],[-66.142,-11.044],[-66.144,-11.046],[-66.143,-11.052],[-66.127,-11.076],[-66.123,-11.084],[-66.122,-11.1],[-66.126,-11.118],[-66.131,-11.125],[-66.138,-11.131],[-66.153,-11.136],[-66.157,-11.134],[-66.16,-11.131],[-66.165,-11.111],[-66.17,-11.097],[-66.178,-11.085],[-66.183,-11.077],[-66.186,-11.075],[-66.194,-11.075],[-66.196,-11.077],[-66.215,-11.119],[-66.214,-11.122],[-66.2,-11.128],[-66.196,-11.132],[-66.191,-11.145],[-66.186,-11.182],[-66.189,-11.188],[-66.203,-11.203],[-66.216,-11.212],[-66.241,-11.22],[-66.244,-11.22],[-66.247,-11.216],[-66.25,-11.209],[-66.253,-11.207],[-66.258,-11.206],[-66.262,-11.208],[-66.267,-11.217],[-66.27,-11.235],[-66.268,-11.241],[-66.263,-11.251],[-66.255,-11.258],[-66.251,-11.266],[-66.253,-11.27],[-66.256,-11.273],[-66.266,-11.275],[-66.271,-11.273],[-66.275,-11.273],[-66.278,-11.275],[-66.278,-11.278],[-66.27,-11.29],[-66.243,-11.303],[-66.238,-11.308],[-66.226,-11.329],[-66.225,-11.336],[-66.228,-11.34],[-66.233,-11.343],[-66.244,-11.34],[-66.272,-11.323],[-66.29,-11.315],[-66.297,-11.314],[-66.311,-11.316],[-66.331,-11.323],[-66.338,-11.331],[-66.336,-11.346],[-66.33,-11.349],[-66.319,-11.352],[-66.318,-11.354],[-66.318,-11.359],[-66.321,-11.361],[-66.327,-11.364],[-66.342,-11.364],[-66.358,-11.367],[-66.374,-11.375],[-66.39,-11.378],[-66.43,-11.374],[-66.44,-11.376],[-66.461,-11.392],[-66.465,-11.396],[-66.467,-11.406],[-66.463,-11.418],[-66.464,-11.424],[-66.47,-11.428],[-66.483,-11.43],[-66.495,-11.441],[-66.505,-11.443],[-66.507,-11.442],[-66.511,-11.437],[-66.511,-11.43],[-66.513,-11.426],[-66.515,-11.422],[-66.519,-11.42],[-66.534,-11.418],[-66.547,-11.414],[-66.554,-11.414],[-66.56,-11.416],[-66.574,-11.425],[-66.582,-11.428],[-66.591,-11.429],[-66.615,-11.428],[-66.632,-11.424],[-66.637,-11.425],[-66.639,-11.427],[-66.639,-11.431],[-66.634,-11.455],[-66.633,-11.462],[-66.634,-11.467],[-66.636,-11.472],[-66.639,-11.473],[-66.643,-11.473],[-66.651,-11.467],[-66.667,-11.453],[-66.689,-11.443],[-66.695,-11.443],[-66.705,-11.447],[-66.718,-11.458],[-66.733,-11.48],[-66.734,-11.484],[-66.729,-11.488],[-66.72,-11.486],[-66.709,-11.488],[-66.701,-11.493],[-66.696,-11.497],[-66.686,-11.512],[-66.679,-11.531],[-66.677,-11.539],[-66.676,-11.562],[-66.678,-11.565],[-66.68,-11.566],[-66.692,-11.561],[-66.697,-11.561],[-66.721,-11.566],[-66.748,-11.576],[-66.76,-11.585],[-66.762,-11.588],[-66.763,-11.591],[-66.761,-11.594],[-66.734,-11.608],[-66.721,-11.607],[-66.717,-11.608],[-66.713,-11.611],[-66.711,-11.618],[-66.722,-11.63],[-66.727,-11.645],[-66.729,-11.649],[-66.735,-11.652],[-66.736,-11.655],[-66.733,-11.657],[-66.729,-11.658],[-66.717,-11.656],[-66.709,-11.659],[-66.707,-11.661],[-66.705,-11.665],[-66.706,-11.671],[-66.712,-11.682],[-66.725,-11.691],[-66.762,-11.709],[-66.764,-11.712],[-66.764,-11.732],[-66.765,-11.736],[-66.772,-11.742],[-66.781,-11.745],[-66.791,-11.743],[-66.794,-11.74],[-66.796,-11.731],[-66.794,-11.727],[-66.783,-11.722],[-66.774,-11.713],[-66.771,-11.702],[-66.772,-11.697],[-66.775,-11.694],[-66.779,-11.693],[-66.811,-11.695],[-66.817,-11.697],[-66.826,-11.706],[-66.829,-11.713],[-66.831,-11.727],[-66.835,-11.74],[-66.838,-11.765],[-66.84,-11.766],[-66.852,-11.763],[-66.861,-11.755],[-66.867,-11.745],[-66.87,-11.743],[-66.88,-11.742],[-66.905,-11.744],[-66.91,-11.747],[-66.917,-11.765],[-66.919,-11.777],[-66.918,-11.781],[-66.915,-11.782],[-66.91,-11.781],[-66.897,-11.776],[-66.887,-11.773],[-66.88,-11.774],[-66.877,-11.777],[-66.872,-11.789],[-66.871,-11.793],[-66.873,-11.802],[-66.871,-11.809],[-66.868,-11.812],[-66.856,-11.817],[-66.857,-11.823],[-66.894,-11.858],[-66.904,-11.863],[-66.913,-11.863],[-66.919,-11.866],[-66.941,-11.878],[-66.953,-11.878],[-66.955,-11.88],[-66.956,-11.893],[-66.959,-11.895],[-66.965,-11.897],[-66.972,-11.895],[-66.976,-11.896],[-66.979,-11.9],[-66.98,-11.907],[-66.978,-11.914],[-66.974,-11.922],[-66.969,-11.929],[-66.956,-11.941],[-66.952,-11.94],[-66.95,-11.937],[-66.95,-11.933],[-66.957,-11.917],[-66.954,-11.911],[-66.946,-11.91],[-66.935,-11.915],[-66.928,-11.924],[-66.926,-11.935],[-66.931,-11.944],[-66.93,-11.95],[-66.928,-11.953],[-66.925,-11.955],[-66.922,-11.954],[-66.914,-11.949],[-66.908,-11.95],[-66.906,-11.953],[-66.902,-11.979],[-66.894,-12.003],[-66.894,-12.007],[-66.899,-12.023],[-66.91,-12.047],[-66.911,-12.053],[-66.909,-12.057],[-66.895,-12.055],[-66.889,-12.058],[-66.887,-12.062],[-66.884,-12.077],[-66.873,-12.106],[-66.876,-12.113],[-66.922,-12.153],[-66.925,-12.162],[-66.924,-12.173],[-66.921,-12.184],[-66.918,-12.186],[-66.897,-12.19],[-66.893,-12.194],[-66.889,-12.2],[-66.886,-12.215],[-66.885,-12.238],[-66.887,-12.251],[-66.897,-12.263],[-66.91,-12.285],[-66.946,-12.297],[-66.949,-12.305],[-66.949,-12.312],[-66.946,-12.328],[-66.937,-12.332],[-66.92,-12.334],[-66.907,-12.342],[-66.9,-12.352],[-66.898,-12.361],[-66.897,-12.369],[-66.899,-12.373],[-66.913,-12.376],[-66.919,-12.378],[-66.939,-12.399],[-66.97,-12.419],[-66.969,-12.423],[-66.965,-12.43],[-66.953,-12.446],[-66.935,-12.465],[-66.933,-12.472],[-66.937,-12.476],[-66.953,-12.475],[-66.964,-12.481],[-66.966,-12.482],[-66.968,-12.487],[-66.967,-12.49],[-67.996,-11.85],[-67.997,-11.859],[-67.988,-11.873],[-67.978,-11.899],[-67.975,-11.919],[-67.978,-11.936],[-67.987,-11.948],[-68.013,-11.973],[-68.018,-11.977],[-68.046,-11.988],[-68.061,-11.998],[-68.098,-12.035],[-68.104,-12.037],[-68.111,-12.037],[-68.117,-12.034],[-68.128,-12.024],[-68.133,-12.022],[-68.151,-12.023],[-68.156,-12.022],[-68.184,-12.011],[-68.209,-12.01],[-68.233,-12.011],[-68.237,-12.013],[-68.239,-12.021],[-68.232,-12.041],[-68.231,-12.056],[-68.226,-12.084],[-68.231,-12.098],[-68.231,-12.105],[-68.225,-12.127],[-68.225,-12.138],[-68.234,-12.169],[-68.244,-12.187],[-68.25,-12.192],[-68.271,-12.205],[-68.283,-12.217],[-68.293,-12.225],[-68.301,-12.228],[-68.311,-12.229],[-68.318,-12.228],[-68.333,-12.221],[-68.339,-12.22],[-68.358,-12.223],[-68.369,-12.226],[-68.378,-12.231],[-68.404,-12.254],[-68.412,-12.264],[-68.415,-12.275],[-68.414,-12.281],[-68.403,-12.303],[-68.4,-12.332],[-68.402,-12.35],[-68.405,-12.364],[-68.419,-12.382],[-68.438,-12.397],[-68.45,-12.411],[-68.461,-12.42],[-68.472,-12.423],[-68.486,-12.42],[-68.492,-12.417],[-68.502,-12.403],[-68.508,-12.399],[-68.52,-12.395],[-68.564,-12.39],[-68.572,-12.39],[-68.584,-12.394],[-68.588,-12.397],[-68.591,-12.404],[-68.583,-12.418],[-68.56,-12.444],[-68.558,-12.448],[-68.559,-12.454],[-68.563,-12.459],[-68.585,-12.473],[-68.59,-12.478],[-68.603,-12.484],[-68.611,-12.491],[-68.618,-12.495],[-68.638,-12.498],[-68.652,-12.498],[-68.97,-11.912],[-69.149,-11.636],[-69.256,-11.457],[-69.323,-11.356],[-69.396,-11.237],[-69.468,-11.117],[-69.575,-10.945],[-69.571,-10.946],[-69.567,-10.944],[-69.558,-10.948],[-69.551,-10.948],[-69.55,-10.953],[-69.547,-10.954],[-69.541,-10.952],[-69.543,-10.941],[-69.539,-10.937],[-69.533,-10.936],[-69.527,-10.938],[-69.522,-10.936],[-69.508,-10.944],[-69.504,-10.942],[-69.502,-10.937],[-69.501,-10.936],[-69.499,-10.938],[-69.499,-10.944],[-69.493,-10.951],[-69.486,-10.95],[-69.478,-10.955],[-69.476,-10.952],[-69.478,-10.945],[-69.474,-10.945],[-69.468,-10.95],[-69.465,-10.951],[-69.461,-10.95],[-69.458,-10.947],[-69.454,-10.95],[-69.452,-10.937],[-69.448,-10.935],[-69.435,-10.934],[-69.429,-10.938],[-69.425,-10.935],[-69.425,-10.928],[-69.417,-10.925],[-69.414,-10.927],[-69.414,-10.935],[-69.412,-10.938],[-69.405,-10.929],[-69.401,-10.93],[-69.398,-10.941],[-69.393,-10.946],[-69.39,-10.943],[-69.395,-10.939],[-69.395,-10.935],[-69.387,-10.934],[-69.386,-10.935],[-69.389,-10.939],[-69.385,-10.943],[-69.38,-10.94],[-69.378,-10.942],[-69.378,-10.951],[-69.377,-10.955],[-69.375,-10.957],[-69.373,-10.955],[-69.372,-10.949],[-69.374,-10.94],[-69.37,-10.939],[-69.364,-10.94],[-69.358,-10.945],[-69.356,-10.946],[-69.354,-10.943],[-69.358,-10.938],[-69.354,-10.936],[-69.351,-10.936],[-69.35,-10.939],[-69.347,-10.937],[-69.345,-10.938],[-69.347,-10.948],[-69.343,-10.952],[-69.341,-10.944],[-69.337,-10.941],[-69.335,-10.942],[-69.335,-10.947],[-69.331,-10.95],[-69.328,-10.95],[-69.327,-10.948],[-69.327,-10.938],[-69.325,-10.936],[-69.323,-10.937],[-69.32,-10.944],[-69.309,-10.945],[-69.304,-10.949],[-69.297,-10.947],[-69.291,-10.951],[-69.287,-10.95],[-69.285,-10.949],[-69.287,-10.945],[-69.282,-10.944],[-69.278,-10.948],[-69.274,-10.955],[-69.271,-10.952],[-69.275,-10.949],[-69.276,-10.945],[-69.271,-10.942],[-69.263,-10.941],[-69.259,-10.943],[-69.251,-10.94],[-69.25,-10.941],[-69.251,-10.944],[-69.258,-10.944],[-69.258,-10.946],[-69.254,-10.949],[-69.24,-10.952],[-69.235,-10.948],[-69.233,-10.94],[-69.224,-10.949],[-69.22,-10.949],[-69.216,-10.959],[-69.2,-10.948],[-69.19,-10.951],[-69.186,-10.948],[-69.182,-10.956],[-69.171,-10.959],[-69.169,-10.964],[-69.162,-10.967],[-69.155,-10.956],[-69.152,-10.956],[-69.152,-10.958],[-69.156,-10.963],[-69.155,-10.965],[-69.146,-10.963],[-69.144,-10.964],[-69.151,-10.97],[-69.151,-10.972],[-69.147,-10.972],[-69.139,-10.968],[-69.136,-10.97],[-69.138,-10.974],[-69.137,-10.975],[-69.128,-10.968],[-69.123,-10.967],[-69.12,-10.97],[-69.122,-10.979],[-69.12,-10.982],[-69.118,-10.981],[-69.114,-10.973],[-69.112,-10.972],[-69.107,-10.973],[-69.104,-10.981],[-69.102,-10.982],[-69.097,-10.98],[-69.087,-10.971],[-69.083,-10.972],[-69.079,-10.977],[-69.078,-10.976],[-69.072,-10.968],[-69.07,-10.969],[-69.068,-10.977],[-69.064,-10.98],[-69.061,-10.986],[-69.056,-10.983],[-69.051,-10.975],[-69.048,-10.975],[-69.05,-10.979],[-69.049,-10.982],[-69.043,-10.982],[-69.038,-10.977],[-69.034,-10.987],[-69.03,-10.987],[-69.026,-10.983],[-69.027,-10.989],[-69.024,-10.994],[-69.015,-10.991],[-69.012,-10.993],[-69.01,-10.997],[-69.015,-11.0],[-69.015,-11.003],[-69.007,-11.002],[-69.002,-11.009],[-69.0,-11.009],[-68.998,-11.004],[-68.996,-11.004],[-68.995,-11.01],[-68.992,-11.012],[-68.984,-11.009],[-68.987,-11.003],[-68.987,-10.999],[-68.981,-10.997],[-68.972,-10.989],[-68.966,-10.988],[-68.962,-10.993],[-68.953,-10.99],[-68.957,-11.002],[-68.955,-11.005],[-68.947,-11.005],[-68.948,-11.013],[-68.945,-11.013],[-68.941,-11.01],[-68.937,-11.005],[-68.933,-11.005],[-68.931,-11.014],[-68.927,-11.013],[-68.925,-11.019],[-68.92,-11.014],[-68.916,-11.019],[-68.91,-11.023],[-68.908,-11.021],[-68.904,-11.013],[-68.895,-11.006],[-68.888,-11.012],[-68.888,-11.017],[-68.88,-11.022],[-68.877,-11.021],[-68.876,-11.015],[-68.879,-11.012],[-68.881,-11.018],[-68.884,-11.017],[-68.886,-11.012],[-68.883,-11.009],[-68.873,-11.009],[-68.871,-11.014],[-68.86,-11.017],[-68.859,-11.012],[-68.86,-11.005],[-68.854,-11.002],[-68.85,-10.994],[-68.847,-10.992],[-68.842,-10.993],[-68.841,-10.998],[-68.845,-10.998],[-68.846,-11.0],[-68.842,-11.002],[-68.837,-11.002],[-68.834,-10.993],[-68.827,-10.996],[-68.827,-11.001],[-68.831,-11.001],[-68.829,-11.007],[-68.827,-11.007],[-68.822,-11.003],[-68.817,-11.006],[-68.811,-11.001],[-68.803,-11.002],[-68.803,-11.0],[-68.811,-10.998],[-68.812,-10.995],[-68.802,-10.995],[-68.799,-10.99],[-68.793,-10.99],[-68.792,-10.993],[-68.798,-10.996],[-68.799,-10.998],[-68.797,-11.001],[-68.789,-11.001],[-68.791,-11.011],[-68.789,-11.015],[-68.786,-11.013],[-68.788,-11.009],[-68.787,-11.005],[-68.783,-11.002],[-68.782,-10.999],[-68.78,-10.999],[-68.778,-11.006],[-68.772,-11.005],[-68.77,-11.007],[-68.76,-11.001],[-68.757,-11.001],[-68.759,-11.004],[-68.757,-11.01],[-68.763,-11.012],[-68.764,-11.016],[-68.762,-11.019],[-68.76,-11.018],[-68.758,-11.012],[-68.754,-11.009],[-68.75,-11.009],[-68.748,-11.01],[-68.751,-11.017],[-68.751,-11.019],[-68.749,-11.019],[-68.749,-11.02],[-68.755,-11.023],[-68.752,-11.024],[-68.752,-11.026],[-68.751,-11.026],[-68.751,-11.029],[-68.753,-11.029],[-68.753,-11.03],[-68.751,-11.031],[-68.753,-11.034],[-68.751,-11.034],[-68.751,-11.036],[-68.75,-11.035],[-68.75,-11.036],[-68.753,-11.04],[-68.76,-11.043],[-68.761,-11.048],[-68.765,-11.052],[-68.765,-11.058],[-68.763,-11.062],[-68.766,-11.069],[-68.764,-11.075],[-68.759,-11.078],[-68.76,-11.082],[-68.757,-11.088],[-68.751,-11.091],[-68.749,-11.096],[-68.741,-11.097],[-68.735,-11.096],[-68.722,-11.107],[-68.721,-11.116],[-68.717,-11.121],[-68.711,-11.137],[-68.716,-11.147],[-68.647,-11.134],[-68.59,-11.115],[-68.545,-11.109],[-68.544,-11.101],[-68.542,-11.097],[-68.539,-11.094],[-68.521,-11.089],[-68.508,-11.071],[-68.505,-11.069],[-68.502,-11.064],[-68.494,-11.061],[-68.492,-11.057],[-68.481,-11.053],[-68.472,-11.054],[-68.459,-11.052],[-68.452,-11.048],[-68.447,-11.049],[-68.438,-11.044],[-68.436,-11.036],[-68.429,-11.036],[-68.424,-11.044],[-68.413,-11.043],[-68.409,-11.047],[-68.409,-11.051],[-68.403,-11.056],[-68.402,-11.056],[-68.389,-11.049],[-68.387,-11.045],[-68.389,-11.041],[-68.387,-11.031],[-68.388,-11.026],[-68.385,-11.02],[-68.375,-11.015],[-68.368,-11.013],[-68.365,-11.011],[-68.351,-11.007],[-68.344,-11.009],[-68.341,-11.008],[-68.337,-11.009],[-68.336,-11.01],[-68.336,-11.015],[-68.331,-11.016],[-68.327,-11.012],[-68.324,-11.005],[-68.312,-10.999],[-68.309,-10.995],[-68.291,-10.991],[-68.287,-10.994],[-68.277,-10.991],[-68.273,-10.986],[-68.274,-10.981],[-68.267,-10.977],[-68.263,-10.978],[-68.253,-10.967],[-68.246,-10.964],[-68.241,-10.961],[-68.237,-10.961],[-68.233,-10.948],[-68.228,-10.947],[-68.231,-10.941],[-68.228,-10.932],[-68.229,-10.926],[-68.227,-10.926],[-68.228,-10.923],[-68.225,-10.919],[-68.224,-10.915],[-68.22,-10.913],[-68.22,-10.908],[-68.207,-10.906],[-68.208,-10.9],[-68.206,-10.898],[-68.203,-10.89],[-68.204,-10.884],[-68.201,-10.878],[-68.202,-10.875],[-68.196,-10.869],[-68.196,-10.86],[-68.189,-10.858],[-68.182,-10.857],[-68.181,-10.854],[-68.178,-10.853],[-68.178,-10.85],[-68.176,-10.849],[-68.174,-10.842],[-68.168,-10.837],[-68.165,-10.837],[-68.165,-10.835],[-68.162,-10.834],[-68.162,-10.832],[-68.161,-10.833],[-68.159,-10.832],[-68.16,-10.83],[-68.154,-10.824],[-68.153,-10.821],[-68.148,-10.82],[-68.144,-10.817],[-68.141,-10.81],[-68.14,-10.811],[-68.139,-10.809],[-68.138,-10.809],[-68.138,-10.807],[-68.136,-10.808],[-68.133,-10.806],[-68.132,-10.801],[-68.13,-10.8],[-68.129,-10.798],[-68.126,-10.797],[-68.126,-10.795],[-68.123,-10.791],[-68.121,-10.791],[-68.122,-10.79],[-68.115,-10.785],[-68.107,-10.782],[-68.107,-10.779],[-68.105,-10.778],[-68.107,-10.768],[-68.104,-10.762],[-68.103,-10.754],[-68.099,-10.75],[-68.104,-10.745],[-68.104,-10.742],[-68.106,-10.743],[-68.108,-10.74],[-68.109,-10.732],[-68.106,-10.729],[-68.109,-10.728],[-68.106,-10.725],[-68.106,-10.722],[-68.107,-10.718],[-68.106,-10.717],[-68.104,-10.717],[-68.104,-10.715],[-68.102,-10.715],[-68.104,-10.713],[-68.101,-10.713],[-68.1,-10.711],[-68.096,-10.711],[-68.095,-10.71],[-68.098,-10.708],[-68.098,-10.706],[-68.093,-10.706],[-68.091,-10.702],[-68.089,-10.702],[-68.089,-10.699],[-68.087,-10.7],[-68.087,-10.696],[-68.084,-10.694],[-68.083,-10.696],[-68.082,-10.693],[-68.079,-10.692],[-68.08,-10.69],[-68.079,-10.688],[-68.078,-10.689],[-68.078,-10.685],[-68.073,-10.687],[-68.069,-10.686],[-68.068,-10.684],[-68.067,-10.685],[-68.065,-10.683],[-68.067,-10.68],[-68.061,-10.675],[-68.058,-10.675],[-68.056,-10.67],[-68.053,-10.673],[-68.048,-10.672],[-68.046,-10.669],[-68.041,-10.67],[-68.039,-10.668],[-68.037,-10.668],[-68.037,-10.666],[-68.034,-10.667],[-68.03,-10.662],[-68.033,-10.662],[-68.034,-10.661],[-68.032,-10.66],[-68.034,-10.658],[-68.032,-10.658],[-68.032,-10.656],[-68.03,-10.656],[-68.028,-10.658],[-68.026,-10.657],[-68.027,-10.655],[-68.025,-10.656],[-68.023,-10.652],[-68.017,-10.651],[-68.015,-10.653],[-68.015,-10.649],[-68.011,-10.65],[-68.011,-10.651],[-68.009,-10.65],[-68.008,-10.653],[-68.008,-10.651],[-68.006,-10.652],[-68.002,-10.65],[-67.997,-10.651],[-67.996,-10.652],[-67.993,-10.651],[-67.991,-10.652],[-67.992,-10.654],[-67.989,-10.653],[-67.988,-10.656],[-67.985,-10.654],[-67.985,-10.656],[-67.982,-10.657],[-67.98,-10.661],[-67.978,-10.66],[-67.977,-10.661],[-67.973,-10.658],[-67.971,-10.654],[-67.969,-10.655],[-67.969,-10.653],[-67.967,-10.655],[-67.968,-10.653],[-67.966,-10.654],[-67.964,-10.648],[-67.963,-10.648],[-67.958,-10.648],[-67.957,-10.65],[-67.955,-10.648],[-67.954,-10.652],[-67.95,-10.65],[-67.95,-10.652],[-67.948,-10.652],[-67.948,-10.65],[-67.945,-10.653],[-67.942,-10.653],[-67.942,-10.654],[-67.943,-10.654],[-67.942,-10.655],[-67.938,-10.653],[-67.937,-10.655],[-67.936,-10.653],[-67.935,-10.655],[-67.93,-10.653],[-67.929,-10.655],[-67.929,-10.653],[-67.926,-10.651],[-67.924,-10.652],[-67.924,-10.649],[-67.92,-10.65],[-67.919,-10.653],[-67.917,-10.648],[-67.915,-10.647],[-67.913,-10.648],[-67.913,-10.645],[-67.911,-10.644],[-67.91,-10.64],[-67.905,-10.64],[-67.905,-10.642],[-67.904,-10.641],[-67.901,-10.643],[-67.899,-10.642],[-67.897,-10.643],[-67.898,-10.646],[-67.896,-10.645],[-67.895,-10.646],[-67.89,-10.643],[-67.892,-10.639],[-67.89,-10.64],[-67.886,-10.638],[-67.886,-10.64],[-67.883,-10.638],[-67.881,-10.64],[-67.877,-10.639],[-67.878,-10.641],[-67.876,-10.643],[-67.874,-10.641],[-67.87,-10.641],[-67.866,-10.639],[-67.866,-10.641],[-67.865,-10.639],[-67.859,-10.645],[-67.858,-10.644],[-67.859,-10.647],[-67.856,-10.646],[-67.854,-10.649],[-67.853,-10.649],[-67.853,-10.646],[-67.846,-10.647],[-67.843,-10.651],[-67.84,-10.651],[-67.837,-10.648],[-67.837,-10.65],[-67.835,-10.651],[-67.834,-10.649],[-67.833,-10.651],[-67.828,-10.65],[-67.825,-10.653],[-67.824,-10.651],[-67.822,-10.652],[-67.823,-10.654],[-67.818,-10.657],[-67.819,-10.659],[-67.817,-10.661],[-67.819,-10.661],[-67.818,-10.663],[-67.815,-10.664],[-67.81,-10.66],[-67.809,-10.661],[-67.809,-10.663],[-67.806,-10.664],[-67.807,-10.665],[-67.809,-10.665],[-67.809,-10.666],[-67.805,-10.666],[-67.8,-10.67],[-67.799,-10.669],[-67.799,-10.671],[-67.792,-10.677],[-67.788,-10.673],[-67.787,-10.678],[-67.786,-10.676],[-67.782,-10.676],[-67.781,-10.68],[-67.779,-10.68],[-67.78,-10.682],[-67.778,-10.679],[-67.776,-10.68],[-67.777,-10.681],[-67.774,-10.682],[-67.777,-10.683],[-67.774,-10.685],[-67.772,-10.684],[-67.769,-10.687],[-67.768,-10.686],[-67.766,-10.688],[-67.762,-10.684],[-67.76,-10.684],[-67.758,-10.686],[-67.758,-10.688],[-67.756,-10.688],[-67.756,-10.694],[-67.748,-10.697],[-67.747,-10.695],[-67.745,-10.695],[-67.745,-10.704],[-67.736,-10.712],[-67.736,-10.711],[-67.733,-10.711],[-67.733,-10.713],[-67.731,-10.713],[-67.732,-10.711],[-67.731,-10.71],[-67.729,-10.713],[-67.727,-10.706],[-67.722,-10.711],[-67.721,-10.709],[-67.718,-10.709],[-67.716,-10.707],[-67.713,-10.708],[-67.714,-10.706],[-67.71,-10.707],[-67.709,-10.71],[-67.677,-10.605],[-67.672,-10.605],[-67.661,-10.617],[-67.652,-10.611],[-67.647,-10.603],[-67.641,-10.601],[-67.64,-10.597],[-67.643,-10.597],[-67.643,-10.595],[-67.638,-10.595],[-67.636,-10.587],[-67.637,-10.585],[-67.631,-10.576],[-67.628,-10.576],[-67.625,-10.573],[-67.615,-10.569],[-67.608,-10.563],[-67.607,-10.558],[-67.608,-10.553],[-67.605,-10.545],[-67.604,-10.537],[-67.598,-10.528],[-67.595,-10.526],[-67.595,-10.524],[-67.592,-10.521],[-67.58,-10.52],[-67.58,-10.519],[-67.576,-10.518],[-67.574,-10.516],[-67.571,-10.515],[-67.568,-10.509],[-67.57,-10.503],[-67.565,-10.497],[-67.56,-10.498],[-67.541,-10.488],[-67.523,-10.493],[-67.519,-10.491],[-67.515,-10.484],[-67.516,-10.479],[-67.512,-10.475],[-67.508,-10.477],[-67.503,-10.473],[-67.494,-10.474],[-67.487,-10.472],[-67.473,-10.463],[-67.467,-10.457],[-67.464,-10.457],[-67.462,-10.46],[-67.459,-10.463],[-67.451,-10.465],[-67.452,-10.459],[-67.438,-10.448],[-67.436,-10.447],[-67.435,-10.445],[-67.436,-10.443],[-67.434,-10.442],[-67.432,-10.437],[-67.433,-10.433],[-67.427,-10.429],[-67.417,-10.431],[-67.416,-10.427],[-67.413,-10.427],[-67.411,-10.42],[-67.414,-10.415],[-67.414,-10.409],[-67.416,-10.41],[-67.414,-10.404],[-67.416,-10.402],[-67.421,-10.403],[-67.424,-10.396],[-67.419,-10.388],[-67.418,-10.389],[-67.413,-10.386],[-67.407,-10.376],[-67.403,-10.377],[-67.402,-10.375],[-67.399,-10.375],[-67.394,-10.386],[-67.392,-10.381],[-67.383,-10.383],[-67.38,-10.386],[-67.375,-10.384],[-67.373,-10.384],[-67.369,-10.379],[-67.363,-10.382],[-67.363,-10.387],[-67.361,-10.388],[-67.359,-10.392],[-67.356,-10.393],[-67.357,-10.396],[-67.354,-10.394],[-67.352,-10.396],[-67.353,-10.391],[-67.35,-10.388],[-67.353,-10.386],[-67.355,-10.389],[-67.355,-10.385],[-67.351,-10.382],[-67.348,-10.382],[-67.345,-10.379],[-67.343,-10.381],[-67.343,-10.379],[-67.339,-10.382],[-67.337,-10.381],[-67.332,-10.382],[-67.332,-10.384],[-67.33,-10.385],[-67.327,-10.381],[-67.325,-10.384],[-67.323,-10.382],[-67.32,-10.382],[-67.318,-10.378],[-67.312,-10.378],[-67.313,-10.372],[-67.314,-10.371],[-67.316,-10.373],[-67.319,-10.37],[-67.319,-10.366],[-67.317,-10.364],[-67.319,-10.36],[-67.317,-10.358],[-67.318,-10.358],[-67.316,-10.351],[-67.318,-10.35],[-67.317,-10.348],[-67.32,-10.343],[-67.327,-10.34],[-67.328,-10.337],[-67.325,-10.328],[-67.322,-10.327],[-67.323,-10.324],[-67.316,-10.321],[-67.317,-10.32],[-67.312,-10.32],[-67.312,-10.323],[-67.31,-10.321],[-67.304,-10.324],[-67.302,-10.324],[-67.301,-10.321],[-67.297,-10.321],[-67.297,-10.324],[-67.296,-10.325],[-67.292,-10.324],[-67.291,-10.321],[-67.285,-10.319],[-67.278,-10.322],[-67.277,-10.324],[-67.275,-10.326],[-67.272,-10.326],[-67.27,-10.327],[-67.269,-10.33],[-67.266,-10.33],[-67.266,-10.333],[-67.257,-10.328],[-67.255,-10.328],[-67.254,-10.33],[-67.252,-10.327],[-67.245,-10.322],[-67.241,-10.322],[-67.24,-10.317],[-67.237,-10.319],[-67.234,-10.315],[-67.229,-10.314],[-67.225,-10.315],[-67.223,-10.314],[-67.22,-10.316],[-67.219,-10.321],[-67.217,-10.323],[-67.214,-10.32],[-67.212,-10.323],[-67.211,-10.324],[-67.209,-10.321],[-67.2,-10.321],[-67.194,-10.323],[-67.191,-10.322],[-67.191,-10.328],[-67.187,-10.335],[-67.187,-10.337],[-67.177,-10.339],[-67.169,-10.337],[-67.163,-10.333],[-67.162,-10.329],[-67.154,-10.329],[-67.146,-10.324],[-67.144,-10.326],[-67.143,-10.326],[-67.139,-10.32],[-67.139,-10.317],[-67.138,-10.316],[-67.135,-10.32],[-67.133,-10.317],[-67.13,-10.318],[-67.127,-10.317],[-67.133,-10.311],[-67.137,-10.311],[-67.141,-10.308],[-67.138,-10.303],[-67.137,-10.298],[-67.126,-10.291],[-67.121,-10.294],[-67.114,-10.293],[-67.109,-10.29],[-67.105,-10.289],[-67.104,-10.287],[-67.099,-10.287],[-67.098,-10.283],[-67.088,-10.286],[-67.089,-10.291],[-67.085,-10.291],[-67.082,-10.289],[-67.079,-10.29],[-67.076,-10.285],[-67.072,-10.286],[-67.058,-10.28],[-67.054,-10.28],[-67.053,-10.277],[-67.048,-10.276],[-67.048,-10.275],[-67.052,-10.273],[-67.052,-10.27],[-67.051,-10.268],[-67.046,-10.265],[-67.044,-10.267],[-67.042,-10.262],[-67.035,-10.265],[-67.031,-10.257],[-67.025,-10.258],[-67.023,-10.254],[-67.018,-10.255],[-67.018,-10.257],[-67.016,-10.258],[-67.011,-10.253],[-67.009,-10.247],[-67.005,-10.243],[-67.007,-10.231],[-67.001,-10.229],[-67.0,-10.233],[-66.995,-10.229],[-66.996,-10.223],[-66.989,-10.221],[-66.993,-10.217],[-66.997,-10.219],[-67.001,-10.218],[-66.999,-10.212],[-66.994,-10.211],[-66.995,-10.207],[-66.993,-10.205],[-66.998,-10.203],[-66.997,-10.199],[-66.993,-10.198],[-66.994,-10.202],[-66.992,-10.203],[-66.984,-10.197],[-66.982,-10.194],[-66.976,-10.196],[-66.976,-10.193],[-66.982,-10.19],[-66.975,-10.185],[-66.973,-10.187],[-66.977,-10.189],[-66.974,-10.191],[-66.969,-10.191],[-66.965,-10.187],[-66.965,-10.185],[-66.961,-10.182],[-66.96,-10.185],[-66.957,-10.186],[-66.96,-10.19],[-66.959,-10.191],[-66.954,-10.188],[-66.951,-10.185],[-66.95,-10.174],[-66.946,-10.167],[-66.947,-10.162],[-66.946,-10.159],[-66.94,-10.155],[-66.934,-10.156],[-66.935,-10.148],[-66.932,-10.149],[-66.925,-10.143],[-66.916,-10.146],[-66.913,-10.149],[-66.912,-10.148],[-66.911,-10.147],[-66.911,-10.14],[-66.915,-10.136],[-66.919,-10.136],[-66.919,-10.131],[-66.914,-10.129],[-66.914,-10.132],[-66.91,-10.133],[-66.911,-10.126],[-66.903,-10.128],[-66.902,-10.123],[-66.897,-10.123],[-66.898,-10.121],[-66.897,-10.119],[-66.899,-10.118],[-66.898,-10.114],[-66.899,-10.111],[-66.895,-10.11],[-66.894,-10.113],[-66.89,-10.116],[-66.89,-10.103],[-66.888,-10.099],[-66.886,-10.101],[-66.887,-10.107],[-66.885,-10.109],[-66.882,-10.107],[-66.882,-10.101],[-66.881,-10.097],[-66.877,-10.102],[-66.874,-10.102],[-66.872,-10.096],[-66.875,-10.092],[-66.874,-10.087],[-66.877,-10.084],[-66.875,-10.082],[-66.871,-10.082],[-66.867,-10.086],[-66.866,-10.083],[-66.856,-10.085],[-66.852,-10.082],[-66.852,-10.083],[-66.854,-10.087],[-66.853,-10.088],[-66.85,-10.086],[-66.845,-10.087],[-66.839,-10.084],[-66.839,-10.081],[-66.842,-10.072],[-66.835,-10.068],[-66.838,-10.065],[-66.838,-10.064],[-66.834,-10.061],[-66.824,-10.06],[-66.818,-10.052],[-66.813,-10.05],[-66.81,-10.05],[-66.809,-10.046],[-66.804,-10.045],[-66.803,-10.044],[-66.809,-10.039],[-66.802,-10.035],[-66.799,-10.03],[-66.794,-10.028],[-66.794,-10.027],[-66.792,-10.023],[-66.78,-10.018],[-66.772,-10.022],[-66.771,-10.019],[-66.773,-10.013],[-66.772,-10.01],[-66.765,-10.008],[-66.764,-10.001],[-66.761,-10.0],[-66.754,-10.003],[-66.75,-9.996],[-66.742,-9.999],[-66.736,-9.993],[-66.733,-9.986],[-66.728,-9.983],[-66.723,-9.986],[-66.72,-9.984],[-66.719,-9.983],[-66.722,-9.983],[-66.723,-9.981],[-66.718,-9.976],[-66.714,-9.981],[-66.71,-9.979],[-66.706,-9.979],[-66.701,-9.974],[-66.695,-9.973],[-66.696,-9.97],[-66.692,-9.968],[-66.682,-9.967],[-66.678,-9.97],[-66.676,-9.97],[-66.676,-9.964],[-66.678,-9.962],[-66.676,-9.959],[-66.672,-9.959],[-66.67,-9.963],[-66.669,-9.962],[-66.67,-9.958],[-66.668,-9.953],[-66.664,-9.952],[-66.667,-9.947],[-66.664,-9.941],[-66.658,-9.938],[-66.655,-9.944],[-66.653,-9.938],[-66.652,-9.938],[-66.652,-9.944],[-66.651,-9.946],[-66.648,-9.948],[-66.643,-9.949],[-66.646,-9.951],[-66.639,-9.952],[-66.635,-9.938],[-66.633,-9.939],[-66.628,-9.936],[-66.629,-9.933],[-66.635,-9.932],[-66.634,-9.929],[-66.637,-9.931],[-66.638,-9.93],[-66.636,-9.924],[-66.629,-9.923],[-66.632,-9.917],[-66.637,-9.917],[-66.638,-9.915],[-66.633,-9.91],[-66.628,-9.909],[-66.632,-9.902],[-66.628,-9.901],[-66.625,-9.897],[-66.613,-9.896],[-66.603,-9.9],[-66.597,-9.9],[-66.584,-9.906],[-66.582,-9.903],[-66.582,-9.895],[-66.578,-9.89],[-66.572,-9.895],[-66.57,-9.894],[-66.565,-9.888],[-66.566,-9.887],[-66.569,-9.887],[-66.57,-9.886],[-66.565,-9.881],[-66.561,-9.882],[-66.553,-9.889],[-66.55,-9.886],[-66.551,-9.882],[-66.549,-9.88],[-66.549,-9.877],[-66.547,-9.877],[-66.541,-9.884],[-66.532,-9.887],[-66.521,-9.883],[-66.519,-9.881],[-66.518,-9.875],[-66.513,-9.875],[-66.504,-9.873],[-66.502,-9.875],[-66.506,-9.883],[-66.502,-9.882],[-66.497,-9.884],[-66.493,-9.881],[-66.491,-9.868],[-66.484,-9.867],[-66.472,-9.868],[-66.466,-9.877],[-66.457,-9.88],[-66.455,-9.878],[-66.461,-9.875],[-66.461,-9.873],[-66.456,-9.871],[-66.45,-9.872],[-66.445,-9.871],[-66.436,-9.865],[-66.428,-9.869],[-66.425,-9.873],[-66.433,-9.894],[-66.429,-9.9],[-66.427,-9.9],[-66.413,-9.895],[-66.413,-9.893],[-66.414,-9.893],[-66.421,-9.896],[-66.424,-9.894],[-66.425,-9.89],[-66.418,-9.882],[-66.412,-9.882],[-66.412,-9.876],[-66.409,-9.875],[-66.408,-9.872],[-66.403,-9.869],[-66.405,-9.865],[-66.405,-9.863],[-66.396,-9.864],[-66.38,-9.868],[-66.364,-9.866],[-66.36,-9.867],[-66.358,-9.865],[-66.355,-9.854],[-66.356,-9.849],[-66.35,-9.846],[-66.352,-9.841],[-66.349,-9.839],[-66.344,-9.838],[-66.334,-9.839],[-66.325,-9.834],[-66.317,-9.836],[-66.314,-9.834],[-66.315,-9.831],[-66.314,-9.83],[-66.309,-9.831],[-66.306,-9.84],[-66.304,-9.84],[-66.303,-9.835],[-66.302,-9.834],[-66.293,-9.842],[-66.287,-9.842],[-66.283,-9.845],[-66.279,-9.841],[-66.281,-9.833],[-66.278,-9.832],[-66.277,-9.829],[-66.273,-9.83],[-66.271,-9.827],[-66.27,-9.828],[-66.273,-9.834],[-66.272,-9.836],[-66.258,-9.832],[-66.253,-9.835],[-66.25,-9.835],[-66.244,-9.828],[-66.245,-9.825],[-66.243,-9.823],[-66.24,-9.825],[-66.239,-9.829],[-66.237,-9.829],[-66.238,-9.824],[-66.233,-9.816],[-66.229,-9.82],[-66.22,-9.826],[-66.218,-9.83],[-66.212,-9.833],[-66.21,-9.838],[-66.203,-9.839],[-66.197,-9.835],[-66.191,-9.832],[-66.191,-9.83],[-66.194,-9.827],[-66.192,-9.822],[-66.19,-9.823],[-66.186,-9.827],[-66.184,-9.826],[-66.184,-9.824],[-66.189,-9.818],[-66.193,-9.818],[-66.193,-9.811],[-66.191,-9.808],[-66.189,-9.808],[-66.184,-9.809],[-66.178,-9.807],[-66.174,-9.808],[-66.174,-9.802],[-66.171,-9.798],[-66.15,-9.789],[-66.145,-9.791],[-66.143,-9.796],[-66.142,-9.795],[-66.141,-9.792],[-66.135,-9.792],[-66.13,-9.794],[-66.126,-9.791],[-66.123,-9.792],[-66.121,-9.796],[-66.115,-9.795],[-66.112,-9.793],[-66.109,-9.794],[-66.11,-9.79],[-66.102,-9.788],[-66.098,-9.791],[-66.096,-9.794],[-66.101,-9.806],[-66.101,-9.81],[-66.098,-9.816],[-66.093,-9.819],[-66.091,-9.818],[-66.088,-9.812],[-66.086,-9.805],[-66.079,-9.799],[-66.08,-9.797],[-66.086,-9.796],[-66.086,-9.794],[-66.083,-9.791],[-66.071,-9.788],[-66.06,-9.79],[-66.051,-9.788],[-66.044,-9.791],[-66.039,-9.79],[-66.035,-9.792],[-66.031,-9.808],[-66.028,-9.815],[-66.026,-9.816],[-66.021,-9.815],[-66.012,-9.804],[-66.006,-9.798],[-65.993,-9.806],[-65.99,-9.803],[-65.983,-9.811],[-65.983,-9.809],[-65.985,-9.805],[-65.983,-9.803],[-65.969,-9.807],[-65.966,-9.805],[-65.966,-9.803],[-65.975,-9.8],[-65.977,-9.791],[-65.976,-9.779],[-65.971,-9.774],[-65.957,-9.772],[-65.952,-9.766],[-65.946,-9.763],[-65.942,-9.765],[-65.941,-9.771],[-65.938,-9.772],[-65.932,-9.769],[-65.929,-9.765],[-65.925,-9.766],[-65.928,-9.762],[-65.926,-9.76],[-65.926,-9.757],[-65.924,-9.756],[-65.917,-9.759],[-65.92,-9.764],[-65.918,-9.766],[-65.907,-9.77],[-65.904,-9.769],[-65.903,-9.764],[-65.894,-9.761],[-65.89,-9.756],[-65.874,-9.757],[-65.873,-9.764],[-65.865,-9.771],[-65.872,-9.777],[-65.871,-9.786],[-65.876,-9.79],[-65.876,-9.792],[-65.873,-9.797],[-65.866,-9.799],[-65.857,-9.798],[-65.851,-9.793],[-65.844,-9.794],[-65.844,-9.791],[-65.847,-9.79],[-65.847,-9.788],[-65.837,-9.78],[-65.833,-9.771],[-65.829,-9.77],[-65.823,-9.77],[-65.822,-9.768],[-65.824,-9.761],[-65.822,-9.759],[-65.819,-9.759],[-65.816,-9.759],[-65.812,-9.765],[-65.81,-9.765],[-65.804,-9.759],[-65.803,-9.762],[-65.805,-9.769],[-65.814,-9.772],[-65.816,-9.775],[-65.81,-9.786],[-65.809,-9.79],[-65.804,-9.792],[-65.8,-9.789],[-65.798,-9.795],[-65.792,-9.79],[-65.788,-9.79],[-65.784,-9.784],[-65.784,-9.776],[-65.778,-9.769],[-65.783,-9.754],[-65.783,-9.745],[-65.779,-9.739],[-65.775,-9.738],[-65.772,-9.739],[-65.77,-9.742],[-65.775,-9.753],[-65.775,-9.762],[-65.76,-9.769],[-65.753,-9.78],[-65.747,-9.784],[-65.739,-9.782],[-65.739,-9.768],[-65.729,-9.76],[-65.719,-9.757],[-65.708,-9.758],[-65.699,-9.751],[-65.691,-9.752],[-65.687,-9.75],[-65.687,-9.758],[-65.689,-9.763],[-65.686,-9.764],[-65.681,-9.762],[-65.683,-9.768],[-65.69,-9.771],[-65.707,-9.766],[-65.712,-9.771],[-65.712,-9.775],[-65.704,-9.783],[-65.702,-9.793],[-65.71,-9.802],[-65.713,-9.808],[-65.713,-9.81],[-65.706,-9.81],[-65.697,-9.815],[-65.691,-9.815],[-65.692,-9.804],[-65.675,-9.785],[-65.671,-9.783],[-65.667,-9.786],[-65.663,-9.795],[-65.649,-9.793],[-65.646,-9.795],[-65.646,-9.797],[-65.647,-9.801],[-65.655,-9.81],[-65.654,-9.816],[-65.651,-9.819],[-65.648,-9.817],[-65.641,-9.808],[-65.637,-9.806],[-65.635,-9.809],[-65.633,-9.832],[-65.629,-9.839],[-65.625,-9.839],[-65.608,-9.827],[-65.601,-9.826],[-65.599,-9.827],[-65.598,-9.83],[-65.6,-9.838],[-65.598,-9.844],[-65.596,-9.844],[-65.57,-9.838],[-65.562,-9.846],[-65.56,-9.846],[-65.555,-9.842],[-65.553,-9.835],[-65.555,-9.831],[-65.564,-9.822],[-65.567,-9.816],[-65.566,-9.812],[-65.558,-9.811],[-65.553,-9.805],[-65.551,-9.806],[-65.545,-9.805],[-65.539,-9.802],[-65.532,-9.782],[-65.528,-9.788],[-65.515,-9.794],[-65.512,-9.794],[-65.508,-9.79],[-65.502,-9.787],[-65.498,-9.779],[-65.499,-9.775],[-65.505,-9.768],[-65.504,-9.763],[-65.505,-9.75],[-65.501,-9.744],[-65.501,-9.731],[-65.499,-9.73],[-65.49,-9.732],[-65.479,-9.729],[-65.478,-9.727],[-65.483,-9.724],[-65.488,-9.715],[-65.488,-9.713],[-65.484,-9.709],[-65.481,-9.709],[-65.479,-9.716],[-65.469,-9.716],[-65.44,-9.698],[-65.436,-9.69],[-65.436,-9.682],[-65.439,-9.679],[-65.44,-9.674],[-65.438,-9.67],[-65.433,-9.674],[-65.425,-9.678],[-65.395,-9.688],[-65.388,-9.692],[-65.373,-9.702],[-65.362,-9.714],[-65.356,-9.722],[-65.336,-9.771],[-65.327,-9.785],[-65.323,-9.816],[-65.318,-9.822],[-65.296,-9.836],[-65.292,-9.84],[-65.287,-9.857],[-65.289,-9.869],[-65.293,-9.876],[-65.299,-9.885],[-65.32,-9.904],[-65.329,-9.919],[-65.335,-9.936],[-65.334,-9.973],[-65.325,-9.987],[-65.321,-10.004],[-65.331,-10.05],[-65.33,-10.064],[-65.323,-10.078],[-65.316,-10.088],[-65.308,-10.094],[-65.305,-10.099],[-65.303,-10.106],[-65.304,-10.132],[-65.302,-10.145],[-65.308,-10.164],[-65.308,-10.173],[-65.306,-10.18],[-65.3,-10.191],[-65.297,-10.2],[-65.292,-10.21],[-65.294,-10.215],[-65.292,-10.224],[-65.301,-10.242],[-65.307,-10.251],[-65.313,-10.255],[-65.313,-10.263],[-65.321,-10.295],[-65.327,-10.305],[-65.35,-10.321],[-65.362,-10.342],[-65.374,-10.357],[-65.385,-10.363],[-65.392,-10.374],[-65.392,-10.379],[-65.391,-10.381]]]}},{"type":"Feature","properties":{"shapeName":"Potosí"},"geometry":{"type":"MultiPolygon","coordinates":[[[[-68.13,-20.478],[-68.123,-20.481],[-68.123,-20.485],[-68.132,-20.486],[-68.135,-20.484],[-68.136,-20.482],[-68.135,-20.479],[-68.13,-20.478]]],[[[-68.091,-20.44],[-68.083,-20.44],[-68.076,-20.443],[-68.074,-20.441],[-68.066,-20.439],[-68.056,-20.446],[-68.052,-20.45],[-68.047,-20.451],[-68.042,-20.454],[-68.038,-20.454],[-68.034,-20.456],[-68.033,-20.46],[-68.037,-20.465],[-68.053,-20.469],[-68.064,-20.475],[-68.076,-20.478],[-68.096,-20.479],[-68.1,-20.475],[-68.101,-20.472],[-68.1,-20.469],[-68.098,-20.467],[-68.102,-20.461],[-68.102,-20.458],[-68.098,-20.454],[-68.101,-20.45],[-68.098,-20.439],[-68.091,-20.44]]],[[[-67.763,-20.418],[-67.761,-20.419],[-67.761,-20.421],[-67.764,-20.425],[-67.768,-20.426],[-67.774,-20.424],[-67.773,-20.42],[-67.763,-20.418]]],[[[-68.243,-20.366],[-68.236,-20.377],[-68.241,-20.378],[-68.236,-20.379],[-68.235,-20.381],[-68.238,-20.386],[-68.243,-20.389],[-68.249,-20.387],[-68.252,-20.378],[-68.254,-20.377],[-68.255,-20.375],[-68.251,-20.374],[-68.254,-20.37],[-68.252,-20.366],[-68.243,-20.366]]],[[[-68.043,-20.365],[-68.046,-20.364],[-68.044,-20.362],[-68.041,-20.363],[-68.043,-20.365]]],[[[-67.757,-20.363],[-67.75,-20.369],[-67.742,-20.373],[-67.737,-20.38],[-67.737,-20.383],[-67.743,-20.385],[-67.747,-20.392],[-67.76,-20.4],[-67.772,-20.4],[-67.773,-20.397],[-67.768,-20.385],[-67.764,-20.368],[-67.766,-20.365],[-67.765,-20.362],[-67.767,-20.358],[-67.757,-20.363]]],[[[-68.08,-20.354],[-68.079,-20.354],[-68.08,-20.356],[-68.081,-20.355],[-68.08,-20.354]]],[[[-67.669,-20.347],[-67.667,-20.347],[-67.664,-20.349],[-67.661,-20.358],[-67.663,-20.362],[-67.671,-20.363],[-67.676,-20.359],[-67.683,-20.359],[-67.681,-20.355],[-67.676,-20.355],[-67.672,-20.352],[-67.672,-20.347],[-67.67,-20.346],[-67.669,-20.347]]],[[[-67.859,-20.311],[-67.856,-20.313],[-67.854,-20.317],[-67.855,-20.319],[-67.862,-20.318],[-67.865,-20.314],[-67.864,-20.311],[-67.859,-20.311]]],[[[-67.847,-20.307],[-67.845,-20.309],[-67.847,-20.313],[-67.85,-20.314],[-67.855,-20.311],[-67.854,-20.307],[-67.847,-20.307]]],[[[-67.826,-20.287],[-67.825,-20.285],[-67.828,-20.284],[-67.828,-20.283],[-67.825,-20.283],[-67.822,-20.293],[-67.825,-20.3],[-67.836,-20.304],[-67.845,-20.303],[-67.845,-20.297],[-67.836,-20.285],[-67.831,-20.282],[-67.826,-20.287]]],[[[-67.865,-20.283],[-67.863,-20.287],[-67.864,-20.292],[-67.869,-20.294],[-67.875,-20.289],[-67.873,-20.286],[-67.876,-20.287],[-67.877,-20.285],[-67.869,-20.282],[-67.865,-20.283]]],[[[-68.045,-20.284],[-68.044,-20.287],[-68.041,-20.289],[-68.043,-20.293],[-68.039,-20.291],[-68.036,-20.293],[-68.038,-20.296],[-68.043,-20.297],[-68.045,-20.295],[-68.046,-20.298],[-68.043,-20.299],[-68.044,-20.301],[-68.041,-20.301],[-68.042,-20.303],[-68.041,-20.303],[-68.04,-20.307],[-68.036,-20.311],[-68.038,-20.312],[-68.037,-20.314],[-68.033,-20.315],[-68.032,-20.317],[-68.028,-20.318],[-68.03,-20.32],[-68.032,-20.319],[-68.034,-20.321],[-68.032,-20.322],[-68.034,-20.324],[-68.031,-20.33],[-68.026,-20.328],[-68.026,-20.325],[-68.028,-20.321],[-68.027,-20.319],[-68.023,-20.319],[-68.023,-20.318],[-68.022,-20.315],[-68.029,-20.315],[-68.032,-20.31],[-68.028,-20.306],[-68.026,-20.301],[-68.024,-20.301],[-68.025,-20.307],[-68.023,-20.309],[-68.021,-20.308],[-68.02,-20.302],[-68.018,-20.301],[-68.013,-20.312],[-68.01,-20.313],[-68.01,-20.317],[-68.021,-20.319],[-68.022,-20.323],[-68.019,-20.326],[-68.021,-20.329],[-68.02,-20.331],[-68.022,-20.337],[-68.02,-20.339],[-68.013,-20.337],[-68.011,-20.333],[-68.008,-20.333],[-68.007,-20.329],[-68.008,-20.327],[-68.011,-20.326],[-68.011,-20.323],[-68.007,-20.319],[-68.006,-20.316],[-68.008,-20.314],[-68.001,-20.315],[-68.0,-20.313],[-68.003,-20.308],[-68.002,-20.297],[-68.004,-20.288],[-68.0,-20.286],[-67.993,-20.29],[-67.992,-20.3],[-67.997,-20.308],[-67.998,-20.315],[-67.995,-20.319],[-67.996,-20.324],[-68.0,-20.332],[-68.004,-20.334],[-68.007,-20.339],[-68.015,-20.339],[-68.021,-20.345],[-68.028,-20.342],[-68.044,-20.353],[-68.044,-20.352],[-68.041,-20.349],[-68.042,-20.349],[-68.047,-20.353],[-68.055,-20.353],[-68.057,-20.353],[-68.056,-20.351],[-68.05,-20.349],[-68.058,-20.342],[-68.059,-20.337],[-68.062,-20.33],[-68.062,-20.318],[-68.056,-20.314],[-68.054,-20.307],[-68.057,-20.294],[-68.059,-20.293],[-68.059,-20.291],[-68.061,-20.286],[-68.049,-20.282],[-68.046,-20.282],[-68.045,-20.284]]],[[[-68.057,-20.279],[-68.056,-20.281],[-68.059,-20.283],[-68.062,-20.281],[-68.06,-20.279],[-68.057,-20.279]]],[[[-67.844,-20.283],[-67.849,-20.282],[-67.85,-20.278],[-67.844,-20.275],[-67.84,-20.272],[-67.838,-20.273],[-67.837,-20.277],[-67.841,-20.282],[-67.844,-20.283]]],[[[-67.819,-20.264],[-67.819,-20.263],[-67.818,-20.263],[-67.819,-20.264]]],[[[-67.844,-20.266],[-67.847,-20.267],[-67.849,-20.266],[-67.848,-20.269],[-67.853,-20.27],[-67.854,-20.274],[-67.857,-20.273],[-67.856,-20.27],[-67.853,-20.27],[-67.855,-20.266],[-67.851,-20.266],[-67.852,-20.264],[-67.85,-20.26],[-67.845,-20.257],[-67.843,-20.259],[-67.844,-20.266]]],[[[-68.065,-20.257],[-68.052,-20.258],[-68.051,-20.265],[-68.051,-20.267],[-68.053,-20.27],[-68.055,-20.269],[-68.056,-20.267],[-68.059,-20.269],[-68.06,-20.274],[-68.064,-20.277],[-68.066,-20.276],[-68.069,-20.27],[-68.066,-20.257],[-68.065,-20.257]]],[[[-67.978,-20.257],[-67.98,-20.257],[-67.978,-20.256],[-67.978,-20.257]]],[[[-67.622,-20.239],[-67.625,-20.246],[-67.626,-20.246],[-67.628,-20.243],[-67.628,-20.24],[-67.626,-20.241],[-67.622,-20.239]]],[[[-67.978,-20.238],[-67.979,-20.236],[-67.977,-20.237],[-67.978,-20.238]]],[[[-67.809,-20.233],[-67.81,-20.233],[-67.808,-20.231],[-67.809,-20.233]]],[[[-67.974,-20.231],[-67.973,-20.232],[-67.976,-20.235],[-67.978,-20.231],[-67.976,-20.229],[-67.974,-20.231]]],[[[-67.879,-20.233],[-67.88,-20.231],[-67.876,-20.229],[-67.875,-20.232],[-67.879,-20.233]]],[[[-67.811,-20.218],[-67.81,-20.224],[-67.82,-20.221],[-67.817,-20.218],[-67.811,-20.218]]],[[[-67.871,-20.226],[-67.871,-20.216],[-67.869,-20.221],[-67.871,-20.226]]],[[[-67.94,-20.2],[-67.934,-20.201],[-67.932,-20.204],[-67.932,-20.208],[-67.936,-20.213],[-67.94,-20.213],[-67.945,-20.207],[-67.944,-20.203],[-67.94,-20.2],[-67.94,-20.2]]],[[[-67.939,-20.187],[-67.932,-20.188],[-67.93,-20.193],[-67.937,-20.194],[-67.944,-20.191],[-67.944,-20.187],[-67.939,-20.187]]],[[[-67.872,-20.188],[-67.87,-20.19],[-67.869,-20.194],[-67.878,-20.188],[-67.882,-20.189],[-67.885,-20.187],[-67.887,-20.181],[-67.884,-20.18],[-67.881,-20.18],[-67.877,-20.186],[-67.872,-20.188]]],[[[-67.944,-20.173],[-67.941,-20.179],[-67.942,-20.18],[-67.946,-20.182],[-67.95,-20.181],[-67.95,-20.178],[-67.946,-20.171],[-67.944,-20.173]]],[[[-67.808,-20.155],[-67.811,-20.154],[-67.815,-20.15],[-67.814,-20.146],[-67.81,-20.142],[-67.812,-20.138],[-67.81,-20.135],[-67.812,-20.133],[-67.81,-20.132],[-67.805,-20.135],[-67.802,-20.141],[-67.802,-20.144],[-67.808,-20.155]]],[[[-67.808,-20.117],[-67.808,-20.121],[-67.81,-20.117],[-67.808,-20.117]]],[[[-67.803,-20.109],[-67.804,-20.109],[-67.802,-20.108],[-67.803,-20.109]]],[[[-68.198,-19.988],[-68.199,-19.986],[-68.198,-19.983],[-68.196,-19.984],[-68.198,-19.988]]],[[[-68.172,-19.982],[-68.17,-19.982],[-68.17,-19.985],[-68.174,-19.983],[-68.172,-19.982]]],[[[-68.162,-19.977],[-68.159,-19.979],[-68.158,-19.981],[-68.161,-19.983],[-68.166,-19.98],[-68.164,-19.977],[-68.162,-19.977]]],[[[-68.186,-19.971],[-68.179,-19.982],[-68.181,-19.985],[-68.182,-19.985],[-68.182,-19.982],[-68.189,-19.984],[-68.195,-19.982],[-68.199,-19.98],[-68.204,-19.973],[-68.201,-19.971],[-68.192,-19.971],[-68.189,-19.969],[-68.186,-19.971]]],[[[-68.201,-19.97],[-68.205,-19.97],[-68.207,-19.973],[-68.209,-19.969],[-68.205,-19.966],[-68.201,-19.97]]],[[[-67.771,-19.968],[-67.772,-19.965],[-67.766,-19.959],[-67.767,-19.964],[-67.771,-19.968]]],[[[-67.811,-19.948],[-67.81,-19.948],[-67.816,-19.95],[-67.811,-19.948]]],[[[-67.763,-19.946],[-67.759,-19.945],[-67.758,-19.949],[-67.754,-19.947],[-67.759,-19.954],[-67.764,-19.957],[-67.764,-19.955],[-67.766,-19.954],[-67.768,-19.949],[-67.769,-19.948],[-67.772,-19.949],[-67.772,-19.948],[-67.76,-19.932],[-67.758,-19.933],[-67.764,-19.943],[-67.763,-19.946]]],[[[-67.784,-19.946],[-67.775,-19.931],[-67.775,-19.936],[-67.784,-19.946]]],[[[-67.844,-19.895],[-67.845,-19.895],[-67.842,-19.892],[-67.841,-19.893],[-67.844,-19.895]]],[[[-67.835,-19.841],[-67.837,-19.842],[-67.839,-19.84],[-67.84,-19.839],[-67.839,-19.834],[-67.835,-19.841]]],[[[-65.346,-18.418],[-65.349,-18.421],[-65.351,-18.433],[-65.355,-18.434],[-65.357,-18.437],[-65.366,-18.436],[-65.372,-18.43],[-65.38,-18.428],[-65.386,-18.423],[-65.4,-18.426],[-65.404,-18.42],[-65.411,-18.42],[-65.42,-18.415],[-65.424,-18.41],[-65.433,-18.41],[-65.441,-18.404],[-65.448,-18.405],[-65.453,-18.41],[-65.455,-18.41],[-65.46,-18.406],[-65.462,-18.4],[-65.465,-18.399],[-65.478,-18.401],[-65.484,-18.399],[-65.489,-18.4],[-65.498,-18.392],[-65.507,-18.387],[-65.513,-18.387],[-65.519,-18.393],[-65.524,-18.395],[-65.529,-18.392],[-65.535,-18.392],[-65.537,-18.399],[-65.542,-18.401],[-65.546,-18.405],[-65.549,-18.401],[-65.554,-18.402],[-65.556,-18.4],[-65.565,-18.392],[-65.578,-18.385],[-65.583,-18.379],[-65.591,-18.375],[-65.626,-18.375],[-65.634,-18.374],[-65.638,-18.37],[-65.646,-18.367],[-65.658,-18.366],[-65.666,-18.361],[-65.674,-18.347],[-65.679,-18.347],[-65.694,-18.352],[-65.693,-18.36],[-65.695,-18.363],[-65.696,-18.366],[-65.69,-18.375],[-65.687,-18.378],[-65.684,-18.387],[-65.685,-18.402],[-65.682,-18.411],[-65.684,-18.417],[-65.679,-18.424],[-65.677,-18.429],[-65.672,-18.434],[-65.666,-18.437],[-65.655,-18.446],[-65.645,-18.445],[-65.624,-18.462],[-65.622,-18.475],[-65.619,-18.483],[-65.624,-18.501],[-65.619,-18.5],[-65.611,-18.497],[-65.601,-18.498],[-65.584,-18.498],[-65.576,-18.502],[-65.564,-18.512],[-65.556,-18.514],[-65.534,-18.526],[-65.53,-18.527],[-65.526,-18.526],[-65.516,-18.539],[-65.514,-18.547],[-65.504,-18.544],[-65.496,-18.536],[-65.493,-18.538],[-65.497,-18.545],[-65.497,-18.55],[-65.501,-18.56],[-65.501,-18.564],[-65.494,-18.569],[-65.495,-18.576],[-65.491,-18.579],[-65.491,-18.582],[-65.489,-18.582],[-65.486,-18.591],[-65.481,-18.593],[-65.479,-18.592],[-65.476,-18.593],[-65.475,-18.597],[-65.471,-18.596],[-65.467,-18.598],[-65.462,-18.604],[-65.462,-18.606],[-65.458,-18.605],[-65.454,-18.607],[-65.448,-18.606],[-65.438,-18.614],[-65.437,-18.616],[-65.434,-18.613],[-65.436,-18.61],[-65.434,-18.606],[-65.428,-18.603],[-65.422,-18.605],[-65.416,-18.611],[-65.412,-18.613],[-65.407,-18.614],[-65.402,-18.618],[-65.4,-18.621],[-65.392,-18.628],[-65.39,-18.635],[-65.384,-18.638],[-65.381,-18.641],[-65.384,-18.642],[-65.389,-18.653],[-65.393,-18.656],[-65.4,-18.654],[-65.403,-18.654],[-65.404,-18.656],[-65.407,-18.653],[-65.411,-18.652],[-65.414,-18.66],[-65.419,-18.663],[-65.417,-18.666],[-65.418,-18.67],[-65.416,-18.675],[-65.417,-18.678],[-65.415,-18.681],[-65.414,-18.69],[-65.409,-18.698],[-65.401,-18.702],[-65.406,-18.71],[-65.411,-18.713],[-65.41,-18.717],[-65.414,-18.719],[-65.414,-18.723],[-65.419,-18.729],[-65.417,-18.734],[-65.424,-18.738],[-65.425,-18.745],[-65.429,-18.748],[-65.427,-18.751],[-65.427,-18.754],[-65.423,-18.757],[-65.424,-18.76],[-65.423,-18.761],[-65.407,-18.773],[-65.403,-18.771],[-65.396,-18.778],[-65.39,-18.775],[-65.387,-18.776],[-65.383,-18.772],[-65.377,-18.773],[-65.375,-18.775],[-65.37,-18.773],[-65.367,-18.775],[-65.365,-18.774],[-65.359,-18.78],[-65.36,-18.783],[-65.356,-18.786],[-65.36,-18.789],[-65.363,-18.789],[-65.366,-18.79],[-65.367,-18.787],[-65.369,-18.785],[-65.367,-18.781],[-65.371,-18.779],[-65.375,-18.784],[-65.379,-18.785],[-65.381,-18.783],[-65.384,-18.785],[-65.382,-18.786],[-65.387,-18.788],[-65.386,-18.793],[-65.387,-18.796],[-65.391,-18.795],[-65.402,-18.778],[-65.406,-18.775],[-65.412,-18.777],[-65.414,-18.779],[-65.418,-18.779],[-65.417,-18.781],[-65.42,-18.788],[-65.428,-18.796],[-65.427,-18.8],[-65.431,-18.804],[-65.431,-18.807],[-65.432,-18.809],[-65.438,-18.811],[-65.438,-18.814],[-65.434,-18.822],[-65.435,-18.825],[-65.444,-18.831],[-65.443,-18.835],[-65.438,-18.834],[-65.429,-18.837],[-65.424,-18.853],[-65.423,-18.853],[-65.421,-18.852],[-65.42,-18.859],[-65.416,-18.865],[-65.421,-18.877],[-65.424,-18.879],[-65.419,-18.88],[-65.415,-18.886],[-65.412,-18.885],[-65.412,-18.889],[-65.409,-18.89],[-65.41,-18.893],[-65.407,-18.899],[-65.405,-18.899],[-65.402,-18.904],[-65.398,-18.919],[-65.405,-18.926],[-65.403,-18.928],[-65.406,-18.939],[-65.409,-18.944],[-65.414,-18.945],[-65.422,-18.93],[-65.424,-18.93],[-65.425,-18.927],[-65.429,-18.929],[-65.437,-18.92],[-65.441,-18.918],[-65.449,-18.921],[-65.453,-18.925],[-65.453,-18.927],[-65.46,-18.93],[-65.463,-18.93],[-65.466,-18.925],[-65.468,-18.923],[-65.481,-18.926],[-65.485,-18.928],[-65.486,-18.932],[-65.489,-18.931],[-65.496,-18.938],[-65.499,-18.938],[-65.505,-18.941],[-65.501,-18.942],[-65.502,-18.944],[-65.508,-18.945],[-65.51,-18.948],[-65.516,-18.951],[-65.519,-18.951],[-65.522,-18.954],[-65.525,-18.958],[-65.527,-18.968],[-65.532,-18.977],[-65.546,-18.982],[-65.549,-18.986],[-65.552,-18.986],[-65.554,-18.989],[-65.56,-18.987],[-65.57,-18.992],[-65.578,-18.994],[-65.584,-18.998],[-65.587,-18.998],[-65.585,-19.001],[-65.584,-19.006],[-65.567,-19.024],[-65.567,-19.032],[-65.561,-19.043],[-65.558,-19.051],[-65.558,-19.064],[-65.553,-19.066],[-65.547,-19.075],[-65.546,-19.082],[-65.542,-19.083],[-65.541,-19.085],[-65.537,-19.087],[-65.528,-19.086],[-65.522,-19.092],[-65.522,-19.094],[-65.518,-19.096],[-65.513,-19.092],[-65.506,-19.091],[-65.505,-19.087],[-65.497,-19.089],[-65.487,-19.096],[-65.484,-19.104],[-65.478,-19.11],[-65.474,-19.118],[-65.47,-19.123],[-65.457,-19.124],[-65.454,-19.126],[-65.45,-19.132],[-65.439,-19.137],[-65.431,-19.137],[-65.43,-19.139],[-65.425,-19.138],[-65.418,-19.142],[-65.411,-19.141],[-65.406,-19.144],[-65.401,-19.161],[-65.39,-19.177],[-65.39,-19.183],[-65.389,-19.191],[-65.393,-19.204],[-65.385,-19.217],[-65.383,-19.226],[-65.38,-19.232],[-65.372,-19.241],[-65.373,-19.247],[-65.37,-19.256],[-65.361,-19.263],[-65.356,-19.263],[-65.352,-19.265],[-65.348,-19.265],[-65.345,-19.267],[-65.341,-19.268],[-65.339,-19.271],[-65.33,-19.271],[-65.324,-19.281],[-65.318,-19.294],[-65.317,-19.301],[-65.313,-19.303],[-65.31,-19.306],[-65.301,-19.306],[-65.295,-19.309],[-65.287,-19.308],[-65.265,-19.315],[-65.26,-19.316],[-65.254,-19.314],[-65.247,-19.318],[-65.242,-19.318],[-65.237,-19.321],[-65.231,-19.32],[-65.222,-19.329],[-65.221,-19.338],[-65.215,-19.344],[-65.208,-19.346],[-65.201,-19.35],[-65.199,-19.352],[-65.187,-19.357],[-65.175,-19.356],[-65.167,-19.363],[-65.164,-19.369],[-65.158,-19.371],[-65.153,-19.376],[-65.148,-19.376],[-65.141,-19.378],[-65.132,-19.375],[-65.126,-19.376],[-65.122,-19.374],[-65.115,-19.375],[-65.11,-19.373],[-65.102,-19.373],[-65.088,-19.367],[-65.082,-19.371],[-65.082,-19.376],[-65.071,-19.379],[-65.066,-19.384],[-65.055,-19.386],[-65.044,-19.381],[-65.044,-19.377],[-65.038,-19.374],[-65.037,-19.37],[-65.026,-19.368],[-65.016,-19.357],[-65.004,-19.352],[-64.989,-19.353],[-64.978,-19.348],[-64.97,-19.347],[-64.962,-19.351],[-64.959,-19.356],[-64.947,-19.358],[-64.942,-19.357],[-64.937,-19.36],[-64.929,-19.363],[-64.921,-19.362],[-64.918,-19.357],[-64.913,-19.355],[-64.911,-19.359],[-64.912,-19.366],[-64.91,-19.37],[-64.899,-19.375],[-64.894,-19.38],[-64.893,-19.384],[-64.898,-19.392],[-64.896,-19.4],[-64.889,-19.402],[-64.878,-19.397],[-64.866,-19.406],[-64.853,-19.41],[-64.852,-19.415],[-64.855,-19.42],[-64.85,-19.423],[-64.852,-19.429],[-64.849,-19.433],[-64.845,-19.449],[-64.84,-19.455],[-64.841,-19.462],[-64.834,-19.474],[-64.829,-19.476],[-64.823,-19.483],[-64.823,-19.49],[-64.818,-19.501],[-64.822,-19.505],[-64.823,-19.517],[-64.831,-19.543],[-64.833,-19.562],[-64.84,-19.575],[-64.843,-19.59],[-64.838,-19.593],[-64.83,-19.603],[-64.83,-19.609],[-64.829,-19.61],[-64.822,-19.608],[-64.818,-19.61],[-64.814,-19.622],[-64.811,-19.625],[-64.787,-19.633],[-64.79,-19.641],[-64.788,-19.645],[-64.788,-19.653],[-64.779,-19.663],[-64.773,-19.674],[-64.768,-19.679],[-64.767,-19.684],[-64.762,-19.686],[-64.758,-19.694],[-64.751,-19.703],[-64.745,-19.704],[-64.742,-19.707],[-64.742,-19.715],[-64.736,-19.723],[-64.735,-19.737],[-64.727,-19.747],[-64.727,-19.751],[-64.73,-19.756],[-64.725,-19.767],[-64.725,-19.773],[-64.717,-19.776],[-64.714,-19.78],[-64.719,-19.782],[-64.724,-19.788],[-64.735,-19.788],[-64.739,-19.79],[-64.748,-19.804],[-64.761,-19.819],[-64.762,-19.825],[-64.766,-19.827],[-64.777,-19.841],[-64.78,-19.849],[-64.784,-19.854],[-64.784,-19.861],[-64.789,-19.869],[-64.788,-19.877],[-64.793,-19.888],[-64.793,-19.899],[-64.795,-19.903],[-64.806,-19.912],[-64.807,-19.92],[-64.81,-19.923],[-64.811,-19.925],[-64.82,-19.931],[-64.822,-19.932],[-64.824,-19.931],[-64.829,-19.933],[-64.837,-19.947],[-64.838,-19.956],[-64.847,-19.971],[-64.847,-19.979],[-64.851,-19.981],[-64.859,-19.974],[-64.861,-19.978],[-64.866,-19.978],[-64.872,-19.981],[-64.876,-19.973],[-64.879,-19.972],[-64.881,-19.969],[-64.884,-19.968],[-64.883,-19.967],[-64.886,-19.968],[-64.886,-19.966],[-64.889,-19.965],[-64.889,-19.964],[-64.891,-19.964],[-64.889,-19.96],[-64.893,-19.957],[-64.892,-19.953],[-64.895,-19.949],[-64.895,-19.946],[-64.897,-19.946],[-64.896,-19.938],[-64.897,-19.934],[-64.893,-19.925],[-64.895,-19.921],[-64.897,-19.92],[-64.895,-19.914],[-64.897,-19.909],[-64.905,-19.898],[-64.907,-19.89],[-64.916,-19.874],[-64.919,-19.864],[-64.919,-19.86],[-64.915,-19.855],[-64.916,-19.85],[-64.913,-19.845],[-64.914,-19.842],[-64.928,-19.844],[-64.931,-19.856],[-64.93,-19.859],[-64.939,-19.866],[-64.942,-19.877],[-64.96,-19.869],[-64.979,-19.855],[-64.978,-19.853],[-64.983,-19.855],[-64.983,-19.853],[-64.985,-19.855],[-64.991,-19.853],[-64.991,-19.848],[-64.989,-19.846],[-64.99,-19.843],[-64.992,-19.843],[-64.991,-19.84],[-64.993,-19.839],[-64.995,-19.832],[-64.996,-19.833],[-64.996,-19.83],[-64.997,-19.831],[-64.999,-19.828],[-65.002,-19.829],[-65.004,-19.828],[-65.009,-19.813],[-65.012,-19.814],[-65.021,-19.803],[-65.026,-19.803],[-65.03,-19.795],[-65.036,-19.795],[-65.04,-19.797],[-65.057,-19.794],[-65.053,-19.806],[-65.054,-19.819],[-65.053,-19.82],[-65.057,-19.828],[-65.056,-19.833],[-65.058,-19.842],[-65.061,-19.844],[-65.062,-19.863],[-65.065,-19.871],[-65.069,-19.875],[-65.069,-19.881],[-65.072,-19.886],[-65.072,-19.892],[-65.076,-19.899],[-65.074,-19.901],[-65.077,-19.909],[-65.078,-19.918],[-65.083,-19.932],[-65.082,-19.935],[-65.077,-19.935],[-65.072,-19.939],[-65.07,-19.942],[-65.066,-19.944],[-65.063,-19.949],[-65.06,-19.95],[-65.06,-19.953],[-65.061,-19.954],[-65.062,-19.957],[-65.066,-19.959],[-65.066,-19.964],[-65.071,-19.967],[-65.075,-19.974],[-65.075,-19.978],[-65.077,-19.98],[-65.077,-19.984],[-65.075,-19.99],[-65.082,-19.995],[-65.086,-19.995],[-65.088,-19.992],[-65.091,-20.009],[-65.1,-20.013],[-65.105,-20.017],[-65.107,-20.015],[-65.128,-20.015],[-65.145,-20.011],[-65.152,-20.012],[-65.154,-20.007],[-65.161,-20.004],[-65.171,-19.996],[-65.203,-19.938],[-65.214,-19.939],[-65.222,-19.936],[-65.223,-19.941],[-65.228,-19.948],[-65.231,-19.95],[-65.233,-19.956],[-65.238,-19.959],[-65.244,-19.97],[-65.266,-19.988],[-65.268,-19.992],[-65.272,-19.993],[-65.27,-20.004],[-65.275,-20.005],[-65.277,-20.009],[-65.283,-20.004],[-65.287,-20.003],[-65.294,-20.007],[-65.294,-20.008],[-65.305,-20.009],[-65.305,-20.026],[-65.298,-20.037],[-65.293,-20.049],[-65.289,-20.053],[-65.283,-20.052],[-65.283,-20.06],[-65.279,-20.069],[-65.272,-20.08],[-65.269,-20.092],[-65.256,-20.102],[-65.25,-20.103],[-65.243,-20.113],[-65.239,-20.116],[-65.234,-20.131],[-65.233,-20.14],[-65.235,-20.144],[-65.235,-20.146],[-65.257,-20.159],[-65.264,-20.158],[-65.271,-20.151],[-65.284,-20.17],[-65.288,-20.169],[-65.302,-20.178],[-65.316,-20.194],[-65.316,-20.198],[-65.312,-20.207],[-65.315,-20.215],[-65.316,-20.225],[-65.314,-20.231],[-65.292,-20.23],[-65.283,-20.233],[-65.28,-20.24],[-65.269,-20.256],[-65.265,-20.258],[-65.245,-20.276],[-65.222,-20.314],[-65.221,-20.319],[-65.225,-20.327],[-65.231,-20.333],[-65.233,-20.343],[-65.229,-20.352],[-65.238,-20.358],[-65.241,-20.363],[-65.239,-20.366],[-65.244,-20.368],[-65.247,-20.371],[-65.246,-20.375],[-65.251,-20.38],[-65.251,-20.383],[-65.253,-20.387],[-65.249,-20.39],[-65.248,-20.397],[-65.248,-20.406],[-65.246,-20.408],[-65.246,-20.411],[-65.244,-20.415],[-65.246,-20.419],[-65.249,-20.418],[-65.256,-20.423],[-65.262,-20.424],[-65.263,-20.43],[-65.261,-20.437],[-65.256,-20.443],[-65.257,-20.447],[-65.259,-20.45],[-65.264,-20.451],[-65.271,-20.458],[-65.269,-20.463],[-65.273,-20.472],[-65.268,-20.48],[-65.27,-20.489],[-65.268,-20.493],[-65.269,-20.505],[-65.328,-20.512],[-65.35,-20.548],[-65.38,-20.559],[-65.388,-20.558],[-65.382,-20.575],[-65.382,-20.582],[-65.368,-20.597],[-65.364,-20.599],[-65.36,-20.598],[-65.354,-20.602],[-65.356,-20.606],[-65.35,-20.614],[-65.347,-20.623],[-65.35,-20.63],[-65.352,-20.632],[-65.358,-20.647],[-65.356,-20.654],[-65.358,-20.658],[-65.358,-20.667],[-65.363,-20.672],[-65.365,-20.677],[-65.364,-20.688],[-65.362,-20.698],[-65.364,-20.701],[-65.364,-20.708],[-65.358,-20.715],[-65.357,-20.726],[-65.358,-20.729],[-65.361,-20.73],[-65.361,-20.733],[-65.369,-20.737],[-65.37,-20.74],[-65.375,-20.747],[-65.375,-20.75],[-65.376,-20.751],[-65.372,-20.756],[-65.372,-20.759],[-65.37,-20.764],[-65.371,-20.772],[-65.366,-20.779],[-65.364,-20.792],[-65.358,-20.8],[-65.359,-20.805],[-65.352,-20.811],[-65.349,-20.821],[-65.349,-20.827],[-65.347,-20.832],[-65.349,-20.834],[-65.349,-20.839],[-65.351,-20.844],[-65.35,-20.847],[-65.351,-20.852],[-65.348,-20.854],[-65.348,-20.857],[-65.346,-20.863],[-65.352,-20.867],[-65.352,-20.87],[-65.354,-20.873],[-65.358,-20.873],[-65.36,-20.871],[-65.362,-20.872],[-65.368,-20.868],[-65.376,-20.869],[-65.378,-20.874],[-65.38,-20.875],[-65.381,-20.88],[-65.395,-20.892],[-65.391,-20.898],[-65.401,-20.947],[-65.398,-20.97],[-65.4,-21.007],[-65.409,-21.027],[-65.421,-21.061],[-65.419,-21.096],[-65.409,-21.122],[-65.402,-21.161],[-65.409,-21.172],[-65.418,-21.171],[-65.425,-21.177],[-65.432,-21.178],[-65.439,-21.182],[-65.442,-21.181],[-65.441,-21.195],[-65.44,-21.197],[-65.441,-21.201],[-65.441,-21.211],[-65.434,-21.26],[-65.436,-21.281],[-65.432,-21.287],[-65.433,-21.289],[-65.432,-21.297],[-65.433,-21.299],[-65.43,-21.315],[-65.43,-21.322],[-65.432,-21.322],[-65.434,-21.333],[-65.433,-21.337],[-65.437,-21.342],[-65.436,-21.353],[-65.433,-21.353],[-65.433,-21.359],[-65.429,-21.361],[-65.431,-21.367],[-65.434,-21.369],[-65.433,-21.376],[-65.435,-21.382],[-65.433,-21.387],[-65.438,-21.396],[-65.437,-21.398],[-65.435,-21.397],[-65.434,-21.404],[-65.436,-21.41],[-65.435,-21.413],[-65.437,-21.427],[-65.408,-21.432],[-65.409,-21.439],[-65.408,-21.444],[-65.405,-21.448],[-65.405,-21.451],[-65.4,-21.453],[-65.398,-21.455],[-65.401,-21.466],[-65.401,-21.474],[-65.399,-21.477],[-65.398,-21.48],[-65.401,-21.483],[-65.406,-21.485],[-65.401,-21.49],[-65.402,-21.5],[-65.4,-21.506],[-65.388,-21.516],[-65.353,-21.501],[-65.328,-21.51],[-65.32,-21.517],[-65.312,-21.486],[-65.306,-21.483],[-65.301,-21.485],[-65.299,-21.488],[-65.285,-21.494],[-65.28,-21.491],[-65.275,-21.493],[-65.272,-21.49],[-65.265,-21.489],[-65.262,-21.486],[-65.262,-21.484],[-65.255,-21.481],[-65.25,-21.482],[-65.25,-21.484],[-65.247,-21.489],[-65.247,-21.496],[-65.245,-21.5],[-65.246,-21.507],[-65.252,-21.515],[-65.253,-21.519],[-65.252,-21.52],[-65.249,-21.52],[-65.248,-21.523],[-65.245,-21.523],[-65.247,-21.528],[-65.245,-21.53],[-65.248,-21.533],[-65.246,-21.541],[-65.25,-21.543],[-65.252,-21.546],[-65.248,-21.548],[-65.245,-21.553],[-65.247,-21.56],[-65.245,-21.57],[-65.253,-21.576],[-65.25,-21.581],[-65.254,-21.583],[-65.252,-21.589],[-65.255,-21.597],[-65.254,-21.601],[-65.259,-21.602],[-65.264,-21.61],[-65.263,-21.614],[-65.266,-21.621],[-65.262,-21.63],[-65.263,-21.637],[-65.267,-21.639],[-65.27,-21.644],[-65.276,-21.644],[-65.28,-21.646],[-65.279,-21.649],[-65.272,-21.653],[-65.273,-21.656],[-65.277,-21.657],[-65.277,-21.664],[-65.28,-21.666],[-65.284,-21.665],[-65.286,-21.67],[-65.29,-21.671],[-65.297,-21.676],[-65.3,-21.686],[-65.304,-21.689],[-65.302,-21.698],[-65.307,-21.705],[-65.307,-21.708],[-65.302,-21.709],[-65.3,-21.715],[-65.301,-21.72],[-65.3,-21.721],[-65.294,-21.723],[-65.293,-21.732],[-65.294,-21.733],[-65.302,-21.733],[-65.311,-21.731],[-65.314,-21.731],[-65.315,-21.734],[-65.313,-21.737],[-65.316,-21.739],[-65.315,-21.747],[-65.32,-21.751],[-65.321,-21.754],[-65.324,-21.756],[-65.323,-21.76],[-65.319,-21.764],[-65.32,-21.767],[-65.325,-21.769],[-65.33,-21.777],[-65.33,-21.78],[-65.328,-21.785],[-65.334,-21.789],[-65.334,-21.795],[-65.336,-21.801],[-65.336,-21.806],[-65.348,-21.812],[-65.349,-21.82],[-65.348,-21.826],[-65.354,-21.833],[-65.355,-21.838],[-65.357,-21.84],[-65.362,-21.838],[-65.365,-21.84],[-65.372,-21.84],[-65.374,-21.837],[-65.378,-21.836],[-65.382,-21.837],[-65.385,-21.842],[-65.39,-21.841],[-65.391,-21.848],[-65.39,-21.854],[-65.391,-21.858],[-65.389,-21.862],[-65.393,-21.864],[-65.393,-21.868],[-65.395,-21.874],[-65.398,-21.875],[-65.396,-21.877],[-65.397,-21.879],[-65.402,-21.882],[-65.408,-21.882],[-65.411,-21.883],[-65.414,-21.881],[-65.416,-21.882],[-65.415,-21.889],[-65.42,-21.896],[-65.417,-21.897],[-65.412,-21.906],[-65.409,-21.916],[-65.397,-21.923],[-65.393,-21.929],[-65.387,-21.933],[-65.383,-21.933],[-65.369,-21.944],[-65.366,-21.944],[-65.364,-21.946],[-65.356,-21.949],[-65.352,-21.954],[-65.336,-21.965],[-65.323,-21.969],[-65.314,-21.975],[-65.299,-21.978],[-65.276,-21.971],[-65.267,-21.97],[-65.262,-21.971],[-65.247,-21.979],[-65.242,-21.985],[-65.235,-21.991],[-65.217,-21.996],[-65.204,-22.006],[-65.201,-22.012],[-65.185,-22.013],[-65.181,-22.019],[-65.181,-22.024],[-65.192,-22.077],[-65.187,-22.085],[-65.474,-22.089],[-65.477,-22.093],[-65.485,-22.096],[-65.575,-22.076],[-65.579,-22.078],[-65.579,-22.081],[-65.581,-22.081],[-65.582,-22.085],[-65.583,-22.085],[-65.582,-22.088],[-65.584,-22.088],[-65.583,-22.09],[-65.585,-22.09],[-65.585,-22.091],[-65.582,-22.091],[-65.582,-22.094],[-65.585,-22.095],[-65.585,-22.097],[-65.586,-22.098],[-65.589,-22.099],[-65.591,-22.099],[-65.593,-22.096],[-65.598,-22.097],[-65.601,-22.096],[-65.603,-22.098],[-65.606,-22.095],[-65.613,-22.095],[-65.614,-22.098],[-65.62,-22.097],[-65.627,-22.103],[-65.633,-22.103],[-65.639,-22.107],[-65.651,-22.105],[-65.656,-22.111],[-65.676,-22.112],[-65.686,-22.11],[-65.694,-22.103],[-65.705,-22.099],[-65.709,-22.099],[-65.716,-22.097],[-65.725,-22.107],[-65.735,-22.109],[-65.748,-22.109],[-65.753,-22.106],[-65.756,-22.102],[-65.762,-22.101],[-65.776,-22.094],[-65.778,-22.089],[-65.781,-22.087],[-65.783,-22.087],[-65.786,-22.082],[-65.788,-22.082],[-65.794,-22.075],[-65.805,-22.075],[-65.925,-21.934],[-66.048,-21.919],[-66.043,-21.872],[-66.076,-21.835],[-66.194,-21.796],[-66.219,-21.784],[-66.221,-21.781],[-66.225,-21.788],[-66.239,-21.788],[-66.241,-21.789],[-66.243,-21.794],[-66.237,-21.818],[-66.242,-21.833],[-66.239,-21.84],[-66.239,-21.845],[-66.235,-21.851],[-66.24,-21.856],[-66.241,-21.865],[-66.244,-21.873],[-66.248,-21.877],[-66.247,-21.886],[-66.251,-21.89],[-66.249,-21.896],[-66.253,-21.901],[-66.26,-21.906],[-66.258,-21.916],[-66.264,-21.93],[-66.261,-21.934],[-66.263,-21.936],[-66.267,-21.935],[-66.27,-21.942],[-66.275,-21.944],[-66.273,-21.947],[-66.275,-21.951],[-66.273,-21.955],[-66.275,-21.961],[-66.274,-21.964],[-66.272,-21.966],[-66.275,-21.967],[-66.277,-21.97],[-66.278,-21.974],[-66.276,-21.978],[-66.283,-21.982],[-66.284,-21.985],[-66.283,-21.989],[-66.28,-21.993],[-66.279,-22.008],[-66.282,-22.015],[-66.278,-22.023],[-66.279,-22.025],[-66.283,-22.026],[-66.284,-22.03],[-66.29,-22.031],[-66.292,-22.034],[-66.291,-22.038],[-66.287,-22.039],[-66.286,-22.041],[-66.291,-22.049],[-66.291,-22.052],[-66.289,-22.051],[-66.287,-22.048],[-66.283,-22.05],[-66.293,-22.062],[-66.289,-22.067],[-66.285,-22.068],[-66.285,-22.07],[-66.291,-22.074],[-66.29,-22.08],[-66.288,-22.083],[-66.289,-22.087],[-66.296,-22.09],[-66.3,-22.089],[-66.308,-22.094],[-66.31,-22.091],[-66.313,-22.091],[-66.314,-22.088],[-66.317,-22.088],[-66.317,-22.084],[-66.32,-22.084],[-66.325,-22.088],[-66.323,-22.092],[-66.323,-22.096],[-66.328,-22.103],[-66.328,-22.109],[-66.332,-22.112],[-66.332,-22.119],[-66.337,-22.12],[-66.34,-22.117],[-66.343,-22.119],[-66.348,-22.12],[-66.349,-22.123],[-66.345,-22.128],[-66.357,-22.132],[-66.418,-22.146],[-66.623,-22.197],[-66.638,-22.225],[-66.652,-22.216],[-66.686,-22.21],[-66.739,-22.238],[-66.76,-22.325],[-66.762,-22.346],[-66.784,-22.402],[-66.785,-22.424],[-66.782,-22.438],[-66.802,-22.447],[-66.929,-22.492],[-66.973,-22.541],[-67.027,-22.541],[-67.014,-22.655],[-67.128,-22.722],[-67.181,-22.814],[-67.306,-22.843],[-67.359,-22.853],[-67.563,-22.898],[-67.588,-22.907],[-67.752,-22.885],[-67.799,-22.881],[-67.833,-22.85],[-67.883,-22.834],[-67.879,-22.8],[-67.891,-22.719],[-67.889,-22.702],[-67.886,-22.689],[-67.869,-22.691],[-67.868,-22.679],[-67.872,-22.672],[-67.878,-22.666],[-67.853,-22.557],[-67.878,-22.514],[-67.887,-22.508],[-67.893,-22.499],[-67.893,-22.482],[-67.899,-22.424],[-67.923,-22.392],[-67.951,-22.33],[-67.939,-22.312],[-67.938,-22.294],[-67.926,-22.276],[-67.923,-22.253],[-67.922,-22.242],[-67.934,-22.206],[-67.944,-22.185],[-67.955,-22.178],[-67.958,-22.151],[-67.954,-22.149],[-67.94,-22.117],[-67.939,-22.109],[-67.954,-22.087],[-67.964,-22.079],[-67.966,-22.071],[-67.965,-22.054],[-68.002,-22.039],[-68.007,-22.04],[-68.015,-22.024],[-68.072,-21.98],[-68.063,-21.853],[-68.06,-21.778],[-68.1,-21.716],[-68.118,-21.679],[-68.138,-21.657],[-68.181,-21.604],[-68.178,-21.304],[-68.295,-21.098],[-68.364,-21.002],[-68.416,-20.941],[-68.423,-20.941],[-68.436,-20.946],[-68.462,-20.946],[-68.478,-20.941],[-68.484,-20.947],[-68.503,-20.943],[-68.529,-20.915],[-68.543,-20.904],[-68.569,-20.895],[-68.554,-20.864],[-68.55,-20.849],[-68.546,-20.82],[-68.541,-20.801],[-68.545,-20.772],[-68.553,-20.748],[-68.555,-20.737],[-68.552,-20.728],[-68.532,-20.723],[-68.528,-20.717],[-68.526,-20.697],[-68.503,-20.676],[-68.502,-20.669],[-68.482,-20.665],[-68.45,-20.648],[-68.439,-20.644],[-68.439,-20.641],[-68.449,-20.624],[-68.52,-20.587],[-68.571,-20.576],[-68.593,-20.549],[-68.608,-20.546],[-68.666,-20.517],[-68.739,-20.457],[-68.742,-20.369],[-68.711,-20.366],[-68.659,-20.335],[-68.666,-20.306],[-68.692,-20.296],[-68.695,-20.279],[-68.715,-20.247],[-68.714,-20.195],[-68.692,-20.177],[-68.705,-20.159],[-68.702,-20.144],[-68.723,-20.135],[-68.742,-20.125],[-68.762,-20.134],[-68.774,-20.13],[-68.763,-20.079],[-68.693,-20.068],[-68.64,-20.049],[-68.566,-20.05],[-68.552,-20.021],[-68.522,-19.924],[-68.542,-19.89],[-68.528,-19.845],[-68.599,-19.828],[-68.621,-19.789],[-68.652,-19.772],[-68.667,-19.752],[-68.689,-19.748],[-68.684,-19.719],[-68.659,-19.709],[-68.623,-19.701],[-68.604,-19.666],[-68.599,-19.641],[-68.572,-19.605],[-68.557,-19.596],[-68.441,-19.44],[-68.426,-19.436],[-68.412,-19.44],[-68.413,-19.451],[-68.407,-19.462],[-68.405,-19.464],[-68.404,-19.471],[-68.398,-19.474],[-68.396,-19.48],[-68.381,-19.496],[-68.376,-19.501],[-68.365,-19.507],[-68.352,-19.52],[-68.346,-19.518],[-68.344,-19.521],[-68.339,-19.516],[-68.332,-19.516],[-68.322,-19.518],[-68.311,-19.525],[-68.294,-19.526],[-68.292,-19.524],[-68.291,-19.524],[-68.291,-19.527],[-68.288,-19.53],[-68.287,-19.535],[-68.296,-19.542],[-68.294,-19.546],[-68.285,-19.55],[-68.274,-19.552],[-68.262,-19.556],[-68.261,-19.559],[-68.256,-19.562],[-68.25,-19.563],[-68.245,-19.563],[-68.237,-19.566],[-68.234,-19.571],[-68.231,-19.573],[-68.233,-19.575],[-68.23,-19.579],[-68.225,-19.581],[-68.225,-19.579],[-68.221,-19.583],[-68.218,-19.582],[-68.216,-19.584],[-68.212,-19.583],[-68.212,-19.585],[-68.207,-19.583],[-68.207,-19.587],[-68.202,-19.59],[-68.198,-19.596],[-68.193,-19.598],[-68.178,-19.599],[-68.176,-19.6],[-68.166,-19.612],[-68.167,-19.614],[-68.156,-19.611],[-68.145,-19.604],[-68.13,-19.602],[-68.125,-19.6],[-68.125,-19.597],[-68.115,-19.596],[-68.114,-19.594],[-68.115,-19.59],[-68.11,-19.59],[-68.109,-19.588],[-68.107,-19.588],[-68.099,-19.592],[-68.095,-19.59],[-68.088,-19.576],[-68.078,-19.588],[-68.074,-19.591],[-68.06,-19.596],[-68.059,-19.601],[-68.054,-19.61],[-68.042,-19.618],[-68.032,-19.622],[-67.99,-19.687],[-67.971,-19.708],[-67.96,-19.726],[-67.959,-19.729],[-67.935,-19.734],[-67.914,-19.743],[-67.899,-19.757],[-67.876,-19.762],[-67.861,-19.773],[-67.846,-19.796],[-67.822,-19.81],[-67.803,-19.811],[-67.786,-19.808],[-67.759,-19.806],[-67.758,-19.809],[-67.76,-19.812],[-67.752,-19.813],[-67.75,-19.816],[-67.744,-19.823],[-67.738,-19.826],[-67.738,-19.83],[-67.734,-19.832],[-67.73,-19.828],[-67.72,-19.827],[-67.715,-19.812],[-67.678,-19.83],[-67.664,-19.839],[-67.646,-19.842],[-67.635,-19.846],[-67.615,-19.86],[-67.605,-19.864],[-67.599,-19.872],[-67.581,-19.875],[-67.573,-19.881],[-67.571,-19.887],[-67.577,-19.888],[-67.58,-19.891],[-67.593,-19.905],[-67.605,-19.904],[-67.615,-19.907],[-67.619,-19.905],[-67.622,-19.907],[-67.631,-19.907],[-67.632,-19.908],[-67.635,-19.907],[-67.642,-19.909],[-67.653,-19.909],[-67.657,-19.91],[-67.66,-19.909],[-67.66,-19.911],[-67.671,-19.905],[-67.675,-19.907],[-67.68,-19.906],[-67.683,-19.908],[-67.685,-19.908],[-67.686,-19.905],[-67.69,-19.906],[-67.694,-19.905],[-67.695,-19.907],[-67.695,-19.905],[-67.698,-19.905],[-67.701,-19.906],[-67.698,-19.906],[-67.702,-19.909],[-67.703,-19.907],[-67.702,-19.905],[-67.704,-19.905],[-67.704,-19.904],[-67.706,-19.906],[-67.704,-19.903],[-67.707,-19.902],[-67.708,-19.906],[-67.711,-19.906],[-67.71,-19.906],[-67.713,-19.909],[-67.726,-19.915],[-67.747,-19.933],[-67.749,-19.933],[-67.752,-19.928],[-67.755,-19.928],[-67.753,-19.924],[-67.749,-19.921],[-67.745,-19.912],[-67.748,-19.907],[-67.753,-19.902],[-67.756,-19.904],[-67.76,-19.905],[-67.761,-19.904],[-67.759,-19.9],[-67.755,-19.899],[-67.754,-19.896],[-67.755,-19.894],[-67.758,-19.897],[-67.757,-19.894],[-67.76,-19.894],[-67.761,-19.887],[-67.757,-19.883],[-67.758,-19.88],[-67.759,-19.877],[-67.761,-19.878],[-67.76,-19.877],[-67.762,-19.876],[-67.762,-19.873],[-67.764,-19.873],[-67.763,-19.872],[-67.763,-19.867],[-67.761,-19.865],[-67.765,-19.858],[-67.768,-19.86],[-67.769,-19.856],[-67.767,-19.855],[-67.769,-19.851],[-67.772,-19.851],[-67.777,-19.844],[-67.78,-19.844],[-67.78,-19.843],[-67.786,-19.841],[-67.79,-19.837],[-67.788,-19.836],[-67.792,-19.835],[-67.792,-19.834],[-67.795,-19.834],[-67.797,-19.831],[-67.799,-19.832],[-67.798,-19.834],[-67.803,-19.833],[-67.8,-19.833],[-67.798,-19.83],[-67.798,-19.824],[-67.801,-19.825],[-67.802,-19.823],[-67.8,-19.82],[-67.806,-19.825],[-67.809,-19.825],[-67.824,-19.822],[-67.828,-19.823],[-67.83,-19.83],[-67.829,-19.833],[-67.835,-19.834],[-67.835,-19.829],[-67.837,-19.826],[-67.832,-19.82],[-67.833,-19.818],[-67.84,-19.823],[-67.844,-19.82],[-67.847,-19.82],[-67.852,-19.819],[-67.864,-19.805],[-67.868,-19.804],[-67.87,-19.801],[-67.878,-19.798],[-67.882,-19.789],[-67.885,-19.79],[-67.886,-19.79],[-67.887,-19.787],[-67.896,-19.787],[-67.905,-19.784],[-67.91,-19.78],[-67.916,-19.784],[-67.917,-19.79],[-67.92,-19.796],[-67.924,-19.797],[-67.933,-19.811],[-67.949,-19.817],[-67.954,-19.824],[-67.963,-19.829],[-67.967,-19.828],[-67.969,-19.823],[-67.978,-19.816],[-67.978,-19.812],[-67.982,-19.808],[-68.0,-19.789],[-68.006,-19.786],[-68.019,-19.782],[-68.029,-19.78],[-68.048,-19.785],[-68.057,-19.782],[-68.069,-19.783],[-68.083,-19.788],[-68.091,-19.796],[-68.099,-19.799],[-68.103,-19.806],[-68.102,-19.808],[-68.104,-19.809],[-68.105,-19.808],[-68.105,-19.812],[-68.103,-19.811],[-68.101,-19.817],[-68.105,-19.819],[-68.109,-19.819],[-68.11,-19.817],[-68.11,-19.823],[-68.112,-19.825],[-68.114,-19.825],[-68.114,-19.827],[-68.109,-19.825],[-68.105,-19.828],[-68.105,-19.833],[-68.128,-19.839],[-68.134,-19.846],[-68.141,-19.85],[-68.146,-19.86],[-68.154,-19.865],[-68.161,-19.864],[-68.167,-19.867],[-68.166,-19.869],[-68.162,-19.87],[-68.161,-19.872],[-68.164,-19.872],[-68.168,-19.874],[-68.17,-19.871],[-68.171,-19.877],[-68.175,-19.883],[-68.179,-19.882],[-68.179,-19.879],[-68.183,-19.882],[-68.177,-19.893],[-68.179,-19.898],[-68.182,-19.901],[-68.182,-19.902],[-68.187,-19.902],[-68.191,-19.905],[-68.198,-19.905],[-68.203,-19.907],[-68.205,-19.918],[-68.213,-19.922],[-68.218,-19.928],[-68.221,-19.929],[-68.228,-19.928],[-68.229,-19.928],[-68.227,-19.929],[-68.228,-19.93],[-68.233,-19.93],[-68.231,-19.931],[-68.232,-19.932],[-68.231,-19.933],[-68.235,-19.94],[-68.233,-19.948],[-68.215,-19.964],[-68.21,-19.971],[-68.206,-19.981],[-68.204,-19.994],[-68.199,-19.994],[-68.197,-19.997],[-68.199,-20.001],[-68.195,-20.004],[-68.191,-20.014],[-68.192,-20.021],[-68.187,-20.033],[-68.189,-20.036],[-68.193,-20.037],[-68.196,-20.028],[-68.206,-20.019],[-68.207,-20.017],[-68.205,-20.013],[-68.202,-20.011],[-68.203,-20.006],[-68.199,-20.002],[-68.2,-19.995],[-68.204,-19.994],[-68.206,-20.007],[-68.212,-20.018],[-68.211,-20.02],[-68.214,-20.021],[-68.205,-20.029],[-68.203,-20.035],[-68.199,-20.04],[-68.199,-20.045],[-68.201,-20.046],[-68.201,-20.05],[-68.207,-20.051],[-68.209,-20.053],[-68.211,-20.068],[-68.198,-20.078],[-68.196,-20.084],[-68.2,-20.092],[-68.207,-20.096],[-68.214,-20.095],[-68.217,-20.093],[-68.221,-20.094],[-68.223,-20.097],[-68.222,-20.105],[-68.217,-20.113],[-68.201,-20.118],[-68.193,-20.124],[-68.187,-20.126],[-68.181,-20.126],[-68.164,-20.129],[-68.16,-20.132],[-68.159,-20.134],[-68.164,-20.137],[-68.18,-20.139],[-68.182,-20.141],[-68.187,-20.143],[-68.2,-20.153],[-68.212,-20.158],[-68.214,-20.158],[-68.216,-20.161],[-68.215,-20.164],[-68.219,-20.173],[-68.215,-20.179],[-68.217,-20.185],[-68.215,-20.188],[-68.219,-20.191],[-68.216,-20.199],[-68.218,-20.205],[-68.226,-20.217],[-68.224,-20.231],[-68.228,-20.236],[-68.228,-20.241],[-68.233,-20.252],[-68.233,-20.258],[-68.23,-20.266],[-68.233,-20.274],[-68.231,-20.279],[-68.232,-20.282],[-68.236,-20.288],[-68.262,-20.3],[-68.264,-20.304],[-68.263,-20.321],[-68.272,-20.327],[-68.277,-20.327],[-68.276,-20.329],[-68.275,-20.328],[-68.272,-20.33],[-68.269,-20.334],[-68.267,-20.341],[-68.262,-20.348],[-68.26,-20.349],[-68.267,-20.356],[-68.261,-20.356],[-68.262,-20.359],[-68.265,-20.36],[-68.259,-20.365],[-68.259,-20.368],[-68.263,-20.374],[-68.267,-20.373],[-68.267,-20.378],[-68.27,-20.376],[-68.272,-20.381],[-68.266,-20.386],[-68.264,-20.392],[-68.26,-20.393],[-68.258,-20.398],[-68.256,-20.399],[-68.257,-20.4],[-68.255,-20.401],[-68.257,-20.402],[-68.254,-20.403],[-68.249,-20.409],[-68.249,-20.413],[-68.253,-20.418],[-68.243,-20.426],[-68.242,-20.433],[-68.238,-20.437],[-68.241,-20.44],[-68.238,-20.445],[-68.24,-20.448],[-68.242,-20.459],[-68.246,-20.463],[-68.248,-20.463],[-68.244,-20.467],[-68.244,-20.473],[-68.234,-20.476],[-68.232,-20.479],[-68.232,-20.481],[-68.234,-20.483],[-68.233,-20.49],[-68.238,-20.498],[-68.234,-20.502],[-68.233,-20.513],[-68.226,-20.516],[-68.227,-20.517],[-68.224,-20.519],[-68.226,-20.523],[-68.225,-20.525],[-68.222,-20.527],[-68.217,-20.527],[-68.216,-20.532],[-68.213,-20.533],[-68.208,-20.538],[-68.197,-20.541],[-68.186,-20.542],[-68.171,-20.538],[-68.165,-20.539],[-68.159,-20.537],[-68.154,-20.538],[-68.153,-20.539],[-68.147,-20.537],[-68.142,-20.539],[-68.141,-20.538],[-68.139,-20.54],[-68.137,-20.537],[-68.134,-20.538],[-68.129,-20.537],[-68.127,-20.541],[-68.106,-20.548],[-68.101,-20.548],[-68.1,-20.551],[-68.094,-20.551],[-68.092,-20.554],[-68.09,-20.553],[-68.089,-20.555],[-68.087,-20.553],[-68.081,-20.554],[-68.078,-20.554],[-68.076,-20.555],[-68.067,-20.554],[-68.067,-20.555],[-68.065,-20.555],[-68.057,-20.552],[-68.056,-20.549],[-68.053,-20.55],[-68.038,-20.54],[-68.035,-20.533],[-68.031,-20.529],[-68.029,-20.523],[-68.025,-20.519],[-68.022,-20.507],[-68.023,-20.495],[-68.028,-20.486],[-68.028,-20.483],[-68.031,-20.483],[-68.032,-20.481],[-68.03,-20.48],[-68.03,-20.477],[-68.028,-20.477],[-68.031,-20.475],[-68.029,-20.474],[-68.032,-20.474],[-68.033,-20.473],[-68.032,-20.469],[-68.03,-20.466],[-68.028,-20.449],[-68.024,-20.441],[-68.025,-20.433],[-68.023,-20.428],[-68.02,-20.426],[-68.016,-20.424],[-68.009,-20.427],[-68.007,-20.423],[-68.008,-20.421],[-68.022,-20.42],[-68.027,-20.418],[-68.026,-20.412],[-68.028,-20.409],[-68.025,-20.406],[-68.013,-20.407],[-68.005,-20.412],[-68.0,-20.412],[-67.999,-20.414],[-67.997,-20.41],[-67.996,-20.412],[-67.99,-20.406],[-67.991,-20.401],[-67.991,-20.396],[-67.99,-20.393],[-67.991,-20.388],[-67.995,-20.381],[-67.999,-20.378],[-68.0,-20.375],[-68.002,-20.373],[-68.001,-20.368],[-68.0,-20.367],[-68.0,-20.365],[-67.992,-20.361],[-67.99,-20.359],[-67.991,-20.354],[-67.987,-20.341],[-67.991,-20.329],[-67.993,-20.312],[-67.992,-20.302],[-67.986,-20.299],[-67.985,-20.294],[-67.986,-20.284],[-67.983,-20.283],[-67.986,-20.277],[-67.985,-20.276],[-67.976,-20.281],[-67.976,-20.269],[-67.971,-20.269],[-67.979,-20.262],[-67.971,-20.257],[-67.976,-20.255],[-67.975,-20.251],[-67.977,-20.248],[-67.976,-20.242],[-67.973,-20.24],[-67.974,-20.238],[-67.969,-20.234],[-67.971,-20.233],[-67.971,-20.231],[-67.967,-20.23],[-67.967,-20.233],[-67.96,-20.234],[-67.955,-20.248],[-67.953,-20.249],[-67.948,-20.246],[-67.939,-20.237],[-67.938,-20.233],[-67.94,-20.226],[-67.938,-20.223],[-67.933,-20.226],[-67.933,-20.222],[-67.929,-20.221],[-67.924,-20.231],[-67.918,-20.238],[-67.912,-20.253],[-67.904,-20.263],[-67.9,-20.265],[-67.9,-20.267],[-67.901,-20.269],[-67.9,-20.273],[-67.901,-20.28],[-67.895,-20.289],[-67.896,-20.292],[-67.895,-20.297],[-67.889,-20.307],[-67.881,-20.305],[-67.878,-20.317],[-67.872,-20.321],[-67.869,-20.321],[-67.866,-20.323],[-67.862,-20.322],[-67.856,-20.323],[-67.85,-20.329],[-67.848,-20.335],[-67.839,-20.346],[-67.837,-20.353],[-67.839,-20.363],[-67.847,-20.377],[-67.851,-20.379],[-67.852,-20.392],[-67.855,-20.4],[-67.852,-20.407],[-67.854,-20.418],[-67.858,-20.423],[-67.861,-20.439],[-67.863,-20.445],[-67.87,-20.452],[-67.873,-20.46],[-67.873,-20.475],[-67.87,-20.48],[-67.873,-20.494],[-67.862,-20.514],[-67.859,-20.515],[-67.852,-20.513],[-67.846,-20.515],[-67.841,-20.514],[-67.836,-20.511],[-67.833,-20.515],[-67.827,-20.516],[-67.824,-20.514],[-67.823,-20.516],[-67.821,-20.513],[-67.82,-20.515],[-67.818,-20.514],[-67.816,-20.516],[-67.814,-20.512],[-67.809,-20.513],[-67.805,-20.512],[-67.807,-20.518],[-67.804,-20.521],[-67.804,-20.526],[-67.802,-20.525],[-67.802,-20.52],[-67.8,-20.519],[-67.798,-20.52],[-67.797,-20.514],[-67.795,-20.511],[-67.793,-20.511],[-67.792,-20.516],[-67.791,-20.518],[-67.788,-20.519],[-67.788,-20.523],[-67.789,-20.524],[-67.795,-20.527],[-67.799,-20.53],[-67.802,-20.529],[-67.805,-20.533],[-67.809,-20.533],[-67.811,-20.535],[-67.81,-20.537],[-67.806,-20.539],[-67.789,-20.534],[-67.787,-20.528],[-67.789,-20.528],[-67.789,-20.527],[-67.787,-20.521],[-67.786,-20.525],[-67.784,-20.525],[-67.784,-20.519],[-67.781,-20.519],[-67.781,-20.517],[-67.785,-20.516],[-67.782,-20.511],[-67.784,-20.506],[-67.782,-20.507],[-67.778,-20.513],[-67.774,-20.51],[-67.777,-20.502],[-67.777,-20.5],[-67.774,-20.495],[-67.769,-20.494],[-67.762,-20.483],[-67.76,-20.466],[-67.755,-20.456],[-67.755,-20.454],[-67.759,-20.45],[-67.759,-20.447],[-67.751,-20.441],[-67.747,-20.431],[-67.746,-20.431],[-67.748,-20.427],[-67.749,-20.418],[-67.747,-20.407],[-67.744,-20.401],[-67.736,-20.399],[-67.733,-20.395],[-67.731,-20.394],[-67.726,-20.385],[-67.701,-20.408],[-67.7,-20.412],[-67.701,-20.419],[-67.691,-20.434],[-67.653,-20.467],[-67.642,-20.478],[-67.624,-20.505],[-67.611,-20.515],[-67.604,-20.529],[-67.596,-20.536],[-67.583,-20.552],[-67.579,-20.556],[-67.571,-20.571],[-67.563,-20.595],[-67.556,-20.6],[-67.551,-20.61],[-67.545,-20.615],[-67.541,-20.622],[-67.536,-20.624],[-67.523,-20.637],[-67.503,-20.65],[-67.499,-20.649],[-67.491,-20.65],[-67.478,-20.662],[-67.472,-20.664],[-67.473,-20.665],[-67.479,-20.664],[-67.482,-20.665],[-67.484,-20.663],[-67.486,-20.664],[-67.483,-20.665],[-67.482,-20.668],[-67.469,-20.668],[-67.465,-20.67],[-67.46,-20.67],[-67.45,-20.678],[-67.448,-20.677],[-67.444,-20.68],[-67.439,-20.68],[-67.428,-20.688],[-67.419,-20.692],[-67.418,-20.694],[-67.412,-20.692],[-67.402,-20.694],[-67.395,-20.698],[-67.393,-20.7],[-67.394,-20.703],[-67.392,-20.701],[-67.386,-20.702],[-67.375,-20.707],[-67.377,-20.71],[-67.373,-20.709],[-67.368,-20.71],[-67.361,-20.708],[-67.359,-20.709],[-67.351,-20.707],[-67.349,-20.711],[-67.347,-20.71],[-67.344,-20.714],[-67.336,-20.72],[-67.329,-20.722],[-67.327,-20.719],[-67.325,-20.719],[-67.326,-20.718],[-67.324,-20.719],[-67.325,-20.718],[-67.32,-20.717],[-67.321,-20.716],[-67.319,-20.716],[-67.322,-20.714],[-67.321,-20.712],[-67.319,-20.714],[-67.321,-20.712],[-67.326,-20.707],[-67.321,-20.708],[-67.316,-20.711],[-67.312,-20.71],[-67.316,-20.705],[-67.315,-20.704],[-67.314,-20.705],[-67.315,-20.703],[-67.313,-20.702],[-67.309,-20.703],[-67.31,-20.699],[-67.306,-20.704],[-67.308,-20.7],[-67.311,-20.698],[-67.308,-20.698],[-67.306,-20.7],[-67.307,-20.697],[-67.305,-20.697],[-67.31,-20.689],[-67.305,-20.693],[-67.309,-20.689],[-67.303,-20.691],[-67.307,-20.688],[-67.306,-20.689],[-67.304,-20.687],[-67.307,-20.685],[-67.298,-20.688],[-67.302,-20.685],[-67.295,-20.686],[-67.295,-20.682],[-67.293,-20.682],[-67.295,-20.681],[-67.293,-20.68],[-67.291,-20.681],[-67.291,-20.678],[-67.289,-20.678],[-67.289,-20.676],[-67.287,-20.677],[-67.288,-20.674],[-67.287,-20.671],[-67.28,-20.667],[-67.283,-20.664],[-67.286,-20.665],[-67.285,-20.661],[-67.287,-20.66],[-67.299,-20.671],[-67.294,-20.662],[-67.293,-20.651],[-67.28,-20.644],[-67.274,-20.634],[-67.273,-20.637],[-67.277,-20.644],[-67.274,-20.641],[-67.272,-20.642],[-67.268,-20.636],[-67.267,-20.63],[-67.264,-20.625],[-67.256,-20.619],[-67.247,-20.617],[-67.24,-20.62],[-67.234,-20.619],[-67.228,-20.62],[-67.228,-20.622],[-67.233,-20.62],[-67.233,-20.629],[-67.229,-20.634],[-67.222,-20.635],[-67.218,-20.634],[-67.216,-20.632],[-67.211,-20.633],[-67.21,-20.638],[-67.208,-20.638],[-67.21,-20.646],[-67.207,-20.652],[-67.209,-20.648],[-67.209,-20.642],[-67.207,-20.638],[-67.205,-20.648],[-67.206,-20.64],[-67.204,-20.64],[-67.205,-20.637],[-67.204,-20.637],[-67.204,-20.631],[-67.201,-20.626],[-67.194,-20.625],[-67.154,-20.624],[-67.144,-20.629],[-67.139,-20.628],[-67.136,-20.63],[-67.134,-20.629],[-67.131,-20.631],[-67.125,-20.628],[-67.122,-20.631],[-67.122,-20.634],[-67.117,-20.635],[-67.119,-20.638],[-67.116,-20.641],[-67.114,-20.64],[-67.114,-20.638],[-67.11,-20.635],[-67.104,-20.634],[-67.102,-20.63],[-67.106,-20.628],[-67.106,-20.625],[-67.109,-20.624],[-67.113,-20.626],[-67.111,-20.621],[-67.115,-20.614],[-67.119,-20.611],[-67.122,-20.613],[-67.124,-20.612],[-67.122,-20.61],[-67.118,-20.608],[-67.128,-20.61],[-67.131,-20.606],[-67.126,-20.592],[-67.122,-20.587],[-67.123,-20.585],[-67.118,-20.578],[-67.114,-20.58],[-67.109,-20.586],[-67.104,-20.588],[-67.103,-20.584],[-67.1,-20.581],[-67.101,-20.576],[-67.104,-20.574],[-67.114,-20.574],[-67.117,-20.572],[-67.115,-20.562],[-67.11,-20.545],[-67.104,-20.536],[-67.104,-20.526],[-67.1,-20.514],[-67.1,-20.511],[-67.103,-20.507],[-67.101,-20.501],[-67.102,-20.497],[-67.104,-20.492],[-67.108,-20.489],[-67.106,-20.484],[-67.105,-20.482],[-67.099,-20.482],[-67.096,-20.485],[-67.091,-20.486],[-67.089,-20.487],[-67.09,-20.49],[-67.084,-20.495],[-67.079,-20.495],[-67.076,-20.493],[-67.071,-20.494],[-67.055,-20.507],[-67.055,-20.505],[-67.068,-20.496],[-67.075,-20.492],[-67.078,-20.488],[-67.076,-20.484],[-67.075,-20.482],[-67.071,-20.483],[-67.069,-20.48],[-67.06,-20.48],[-67.059,-20.478],[-67.054,-20.478],[-67.047,-20.463],[-67.04,-20.457],[-67.039,-20.452],[-67.03,-20.448],[-67.019,-20.435],[-67.018,-20.437],[-67.017,-20.435],[-67.014,-20.436],[-67.014,-20.434],[-67.012,-20.434],[-67.008,-20.432],[-67.007,-20.434],[-67.002,-20.434],[-66.998,-20.44],[-66.99,-20.443],[-66.989,-20.441],[-66.985,-20.442],[-66.99,-20.439],[-66.998,-20.432],[-66.996,-20.431],[-66.996,-20.427],[-66.992,-20.425],[-66.991,-20.427],[-66.989,-20.424],[-66.989,-20.423],[-66.992,-20.423],[-66.99,-20.42],[-66.984,-20.421],[-66.985,-20.418],[-66.987,-20.417],[-66.979,-20.415],[-66.978,-20.414],[-66.985,-20.414],[-66.982,-20.409],[-66.987,-20.408],[-66.99,-20.403],[-66.986,-20.397],[-66.982,-20.398],[-66.982,-20.395],[-66.98,-20.4],[-66.976,-20.399],[-66.974,-20.396],[-66.974,-20.392],[-66.97,-20.394],[-66.971,-20.397],[-66.969,-20.394],[-66.965,-20.394],[-66.965,-20.396],[-66.957,-20.4],[-66.954,-20.403],[-66.95,-20.402],[-66.941,-20.404],[-66.938,-20.402],[-66.93,-20.402],[-66.928,-20.398],[-66.926,-20.397],[-66.92,-20.398],[-66.913,-20.396],[-66.913,-20.394],[-66.91,-20.393],[-66.909,-20.392],[-66.917,-20.378],[-66.924,-20.361],[-66.962,-20.331],[-66.967,-20.328],[-66.981,-20.313],[-66.991,-20.293],[-66.999,-20.287],[-67.011,-20.267],[-67.011,-20.253],[-67.013,-20.245],[-67.019,-20.238],[-67.027,-20.231],[-67.035,-20.228],[-67.046,-20.228],[-67.055,-20.225],[-67.066,-20.225],[-67.085,-20.218],[-67.099,-20.209],[-67.104,-20.204],[-67.106,-20.199],[-67.112,-20.194],[-67.115,-20.187],[-67.12,-20.185],[-67.125,-20.18],[-67.135,-20.175],[-67.143,-20.165],[-67.155,-20.156],[-67.16,-20.148],[-67.162,-20.141],[-67.168,-20.134],[-67.168,-20.13],[-67.162,-20.11],[-67.158,-20.103],[-67.16,-20.096],[-67.153,-20.079],[-67.154,-20.073],[-67.15,-20.069],[-67.151,-20.067],[-67.139,-20.053],[-67.141,-20.05],[-67.14,-20.046],[-67.151,-20.037],[-67.152,-20.026],[-67.155,-20.024],[-67.153,-20.021],[-67.152,-20.015],[-67.158,-20.01],[-67.158,-20.003],[-67.16,-19.998],[-67.165,-19.997],[-67.175,-20.003],[-67.179,-20.003],[-67.183,-20.006],[-67.186,-20.005],[-67.186,-20.002],[-67.189,-20.002],[-67.188,-19.999],[-67.191,-19.997],[-67.184,-19.994],[-67.18,-19.989],[-67.18,-19.987],[-67.176,-19.984],[-67.179,-19.985],[-67.184,-19.99],[-67.187,-19.99],[-67.183,-19.984],[-67.177,-19.979],[-67.18,-19.978],[-67.181,-19.975],[-67.185,-19.976],[-67.184,-19.974],[-67.18,-19.973],[-67.186,-19.972],[-67.182,-19.967],[-67.18,-19.967],[-67.176,-19.964],[-67.176,-19.959],[-67.179,-19.956],[-67.178,-19.952],[-67.175,-19.951],[-67.176,-19.944],[-67.174,-19.94],[-67.175,-19.938],[-67.174,-19.934],[-67.179,-19.925],[-67.178,-19.921],[-67.182,-19.916],[-67.182,-19.907],[-67.189,-19.897],[-67.189,-19.893],[-67.191,-19.89],[-67.192,-19.885],[-67.194,-19.882],[-67.193,-19.878],[-67.194,-19.871],[-67.2,-19.862],[-67.204,-19.861],[-67.205,-19.859],[-67.211,-19.859],[-67.214,-19.856],[-67.215,-19.852],[-67.22,-19.851],[-67.222,-19.844],[-67.219,-19.833],[-67.224,-19.823],[-67.224,-19.816],[-67.23,-19.803],[-67.237,-19.795],[-67.244,-19.789],[-67.258,-19.783],[-67.264,-19.779],[-67.268,-19.778],[-67.275,-19.779],[-67.277,-19.776],[-67.277,-19.769],[-67.285,-19.764],[-67.291,-19.765],[-67.274,-19.749],[-67.265,-19.726],[-67.257,-19.716],[-67.258,-19.707],[-67.257,-19.699],[-67.243,-19.691],[-67.232,-19.691],[-67.226,-19.69],[-67.214,-19.682],[-67.214,-19.677],[-67.213,-19.678],[-67.212,-19.674],[-67.21,-19.675],[-67.206,-19.67],[-67.207,-19.658],[-67.212,-19.649],[-67.213,-19.643],[-67.21,-19.632],[-67.207,-19.629],[-67.209,-19.625],[-67.208,-19.617],[-67.204,-19.617],[-67.203,-19.615],[-67.209,-19.601],[-67.232,-19.584],[-67.23,-19.582],[-67.232,-19.578],[-67.23,-19.573],[-67.231,-19.567],[-67.225,-19.566],[-67.218,-19.559],[-67.219,-19.554],[-67.223,-19.55],[-67.23,-19.536],[-67.226,-19.533],[-67.231,-19.524],[-67.229,-19.514],[-67.232,-19.512],[-67.233,-19.509],[-67.237,-19.507],[-67.237,-19.504],[-67.235,-19.504],[-67.232,-19.498],[-67.228,-19.496],[-67.225,-19.491],[-67.226,-19.484],[-67.229,-19.482],[-67.235,-19.481],[-67.244,-19.472],[-67.256,-19.464],[-67.26,-19.455],[-67.259,-19.449],[-67.262,-19.449],[-67.265,-19.441],[-67.27,-19.435],[-67.268,-19.429],[-67.256,-19.431],[-67.251,-19.431],[-67.242,-19.435],[-67.234,-19.436],[-67.224,-19.443],[-67.218,-19.441],[-67.211,-19.446],[-67.203,-19.447],[-67.193,-19.45],[-67.181,-19.445],[-67.173,-19.443],[-67.172,-19.442],[-67.162,-19.439],[-67.143,-19.42],[-67.109,-19.411],[-67.101,-19.395],[-67.089,-19.376],[-67.085,-19.358],[-67.081,-19.356],[-67.075,-19.36],[-67.067,-19.373],[-67.064,-19.374],[-67.059,-19.374],[-67.059,-19.371],[-67.055,-19.37],[-67.051,-19.378],[-67.044,-19.381],[-67.042,-19.381],[-67.035,-19.374],[-67.024,-19.369],[-67.019,-19.369],[-67.013,-19.371],[-67.004,-19.379],[-66.999,-19.38],[-66.995,-19.38],[-66.986,-19.373],[-66.98,-19.372],[-66.96,-19.368],[-66.952,-19.37],[-66.948,-19.373],[-66.948,-19.377],[-66.94,-19.378],[-66.937,-19.382],[-66.927,-19.389],[-66.923,-19.393],[-66.914,-19.398],[-66.901,-19.408],[-66.892,-19.41],[-66.886,-19.413],[-66.882,-19.414],[-66.881,-19.422],[-66.877,-19.424],[-66.877,-19.427],[-66.873,-19.43],[-66.871,-19.436],[-66.864,-19.439],[-66.857,-19.447],[-66.849,-19.448],[-66.845,-19.455],[-66.823,-19.455],[-66.818,-19.451],[-66.815,-19.451],[-66.814,-19.449],[-66.807,-19.45],[-66.802,-19.447],[-66.802,-19.443],[-66.797,-19.442],[-66.793,-19.436],[-66.789,-19.436],[-66.788,-19.434],[-66.77,-19.43],[-66.762,-19.43],[-66.755,-19.427],[-66.752,-19.427],[-66.753,-19.431],[-66.75,-19.437],[-66.745,-19.435],[-66.741,-19.437],[-66.735,-19.429],[-66.732,-19.43],[-66.726,-19.437],[-66.717,-19.441],[-66.709,-19.446],[-66.7,-19.448],[-66.68,-19.444],[-66.669,-19.434],[-66.662,-19.43],[-66.659,-19.43],[-66.658,-19.433],[-66.639,-19.427],[-66.621,-19.426],[-66.603,-19.428],[-66.591,-19.426],[-66.584,-19.421],[-66.576,-19.401],[-66.564,-19.399],[-66.557,-19.396],[-66.546,-19.386],[-66.502,-19.36],[-66.46,-19.381],[-66.429,-19.406],[-66.39,-19.458],[-66.357,-19.454],[-66.336,-19.415],[-66.304,-19.371],[-66.284,-19.329],[-66.277,-19.317],[-66.271,-19.314],[-66.272,-19.303],[-66.27,-19.299],[-66.262,-19.302],[-66.257,-19.3],[-66.246,-19.293],[-66.229,-19.286],[-66.223,-19.274],[-66.221,-19.262],[-66.217,-19.257],[-66.202,-19.253],[-66.189,-19.242],[-66.179,-19.242],[-66.172,-19.238],[-66.165,-19.236],[-66.161,-19.234],[-66.153,-19.234],[-66.151,-19.239],[-66.146,-19.239],[-66.139,-19.245],[-66.13,-19.246],[-66.13,-19.243],[-66.125,-19.237],[-66.129,-19.223],[-66.129,-19.219],[-66.126,-19.216],[-66.124,-19.208],[-66.119,-19.197],[-66.114,-19.19],[-66.104,-19.181],[-66.101,-19.174],[-66.101,-19.172],[-66.104,-19.171],[-66.108,-19.163],[-66.113,-19.157],[-66.113,-19.15],[-66.103,-19.14],[-66.099,-19.129],[-66.103,-19.121],[-66.093,-19.106],[-66.091,-19.104],[-66.087,-19.103],[-66.086,-19.1],[-66.087,-19.097],[-66.091,-19.092],[-66.093,-19.085],[-66.102,-19.086],[-66.106,-19.085],[-66.106,-19.076],[-66.115,-19.07],[-66.12,-19.062],[-66.125,-19.059],[-66.13,-19.054],[-66.135,-19.054],[-66.153,-19.031],[-66.172,-19.02],[-66.176,-19.021],[-66.179,-18.991],[-66.181,-18.987],[-66.184,-18.985],[-66.184,-18.982],[-66.188,-18.983],[-66.193,-18.987],[-66.198,-18.987],[-66.203,-18.991],[-66.212,-18.995],[-66.215,-18.994],[-66.221,-18.996],[-66.225,-18.994],[-66.228,-18.995],[-66.242,-19.005],[-66.248,-19.008],[-66.269,-19.009],[-66.282,-19.015],[-66.295,-18.996],[-66.302,-18.991],[-66.298,-18.971],[-66.302,-18.948],[-66.302,-18.933],[-66.313,-18.922],[-66.311,-18.91],[-66.316,-18.899],[-66.32,-18.896],[-66.322,-18.885],[-66.331,-18.867],[-66.33,-18.863],[-66.333,-18.852],[-66.343,-18.83],[-66.342,-18.823],[-66.346,-18.81],[-66.351,-18.804],[-66.352,-18.792],[-66.357,-18.781],[-66.364,-18.765],[-66.374,-18.752],[-66.377,-18.741],[-66.392,-18.717],[-66.398,-18.713],[-66.41,-18.712],[-66.413,-18.708],[-66.423,-18.71],[-66.423,-18.708],[-66.428,-18.704],[-66.43,-18.707],[-66.437,-18.709],[-66.442,-18.702],[-66.446,-18.704],[-66.448,-18.704],[-66.456,-18.707],[-66.46,-18.707],[-66.471,-18.719],[-66.475,-18.732],[-66.478,-18.752],[-66.477,-18.761],[-66.483,-18.77],[-66.5,-18.787],[-66.503,-18.788],[-66.522,-18.782],[-66.529,-18.778],[-66.532,-18.774],[-66.537,-18.749],[-66.538,-18.737],[-66.537,-18.721],[-66.556,-18.719],[-66.562,-18.717],[-66.565,-18.718],[-66.576,-18.714],[-66.576,-18.707],[-66.577,-18.706],[-66.58,-18.707],[-66.581,-18.703],[-66.589,-18.696],[-66.598,-18.698],[-66.602,-18.694],[-66.595,-18.687],[-66.596,-18.684],[-66.595,-18.683],[-66.595,-18.679],[-66.596,-18.674],[-66.601,-18.666],[-66.605,-18.667],[-66.605,-18.663],[-66.612,-18.66],[-66.607,-18.651],[-66.618,-18.646],[-66.629,-18.649],[-66.632,-18.649],[-66.636,-18.646],[-66.644,-18.63],[-66.647,-18.617],[-66.645,-18.613],[-66.641,-18.612],[-66.639,-18.599],[-66.642,-18.59],[-66.65,-18.578],[-66.651,-18.573],[-66.657,-18.569],[-66.658,-18.567],[-66.657,-18.553],[-66.658,-18.548],[-66.663,-18.541],[-66.664,-18.535],[-66.663,-18.533],[-66.666,-18.521],[-66.672,-18.515],[-66.676,-18.505],[-66.681,-18.501],[-66.681,-18.493],[-66.684,-18.474],[-66.682,-18.472],[-66.687,-18.462],[-66.698,-18.436],[-66.7,-18.419],[-66.697,-18.408],[-66.699,-18.403],[-66.714,-18.378],[-66.715,-18.362],[-66.729,-18.34],[-66.708,-18.329],[-66.703,-18.324],[-66.679,-18.316],[-66.666,-18.307],[-66.661,-18.296],[-66.644,-18.294],[-66.639,-18.288],[-66.635,-18.287],[-66.627,-18.287],[-66.614,-18.279],[-66.587,-18.282],[-66.581,-18.279],[-66.574,-18.278],[-66.569,-18.279],[-66.566,-18.277],[-66.562,-18.277],[-66.559,-18.275],[-66.554,-18.277],[-66.55,-18.274],[-66.548,-18.271],[-66.546,-18.272],[-66.544,-18.272],[-66.544,-18.266],[-66.543,-18.268],[-66.54,-18.269],[-66.538,-18.266],[-66.535,-18.267],[-66.534,-18.263],[-66.53,-18.261],[-66.528,-18.249],[-66.531,-18.247],[-66.541,-18.247],[-66.545,-18.244],[-66.55,-18.243],[-66.551,-18.245],[-66.553,-18.243],[-66.559,-18.244],[-66.562,-18.248],[-66.567,-18.248],[-66.569,-18.25],[-66.578,-18.247],[-66.585,-18.246],[-66.589,-18.241],[-66.598,-18.236],[-66.605,-18.238],[-66.616,-18.237],[-66.622,-18.238],[-66.632,-18.237],[-66.64,-18.241],[-66.644,-18.241],[-66.652,-18.239],[-66.656,-18.236],[-66.668,-18.238],[-66.676,-18.233],[-66.689,-18.233],[-66.696,-18.235],[-66.722,-18.245],[-66.725,-18.245],[-66.726,-18.242],[-66.73,-18.24],[-66.746,-18.241],[-66.749,-18.233],[-66.758,-18.227],[-66.764,-18.216],[-66.763,-18.209],[-66.758,-18.206],[-66.76,-18.17],[-66.768,-18.166],[-66.773,-18.16],[-66.779,-18.15],[-66.785,-18.136],[-66.761,-18.136],[-66.758,-18.135],[-66.725,-18.116],[-66.712,-18.117],[-66.705,-18.12],[-66.696,-18.121],[-66.69,-18.12],[-66.684,-18.116],[-66.684,-18.114],[-66.686,-18.114],[-66.685,-18.112],[-66.681,-18.111],[-66.68,-18.113],[-66.678,-18.113],[-66.676,-18.109],[-66.671,-18.111],[-66.66,-18.118],[-66.637,-18.119],[-66.631,-18.116],[-66.626,-18.113],[-66.62,-18.106],[-66.619,-18.097],[-66.614,-18.097],[-66.613,-18.093],[-66.608,-18.086],[-66.601,-18.082],[-66.595,-18.084],[-66.577,-18.083],[-66.565,-18.076],[-66.548,-18.08],[-66.546,-18.083],[-66.54,-18.082],[-66.537,-18.084],[-66.536,-18.083],[-66.535,-18.085],[-66.531,-18.085],[-66.527,-18.089],[-66.523,-18.09],[-66.524,-18.082],[-66.53,-18.069],[-66.532,-18.066],[-66.533,-18.058],[-66.518,-18.047],[-66.512,-18.036],[-66.493,-18.022],[-66.485,-18.014],[-66.474,-18.007],[-66.472,-18.004],[-66.473,-18.001],[-66.461,-17.993],[-66.446,-17.981],[-66.445,-17.979],[-66.431,-17.973],[-66.419,-17.976],[-66.413,-17.971],[-66.395,-17.963],[-66.388,-17.964],[-66.381,-17.96],[-66.372,-17.958],[-66.372,-17.957],[-66.359,-17.957],[-66.351,-17.96],[-66.344,-17.96],[-66.343,-17.957],[-66.338,-17.954],[-66.327,-17.953],[-66.32,-17.949],[-66.309,-17.962],[-66.287,-17.963],[-66.281,-17.966],[-66.278,-17.964],[-66.272,-17.954],[-66.267,-17.951],[-66.266,-17.946],[-66.261,-17.939],[-66.252,-17.934],[-66.25,-17.937],[-66.247,-17.953],[-66.237,-17.949],[-66.226,-17.953],[-66.223,-17.949],[-66.222,-17.942],[-66.219,-17.941],[-66.219,-17.938],[-66.216,-17.935],[-66.211,-17.935],[-66.21,-17.932],[-66.203,-17.931],[-66.197,-17.926],[-66.19,-17.931],[-66.18,-17.933],[-66.172,-17.928],[-66.165,-17.926],[-66.166,-17.915],[-66.162,-17.912],[-66.164,-17.907],[-66.159,-17.903],[-66.157,-17.903],[-66.159,-17.899],[-66.152,-17.891],[-66.146,-17.884],[-66.134,-17.878],[-66.116,-17.858],[-66.116,-17.854],[-66.118,-17.85],[-66.116,-17.842],[-66.117,-17.84],[-66.116,-17.837],[-66.114,-17.834],[-66.112,-17.827],[-66.11,-17.827],[-66.108,-17.819],[-66.104,-17.816],[-66.1,-17.807],[-66.092,-17.808],[-66.083,-17.814],[-66.081,-17.819],[-66.078,-17.819],[-66.073,-17.822],[-66.069,-17.822],[-66.062,-17.827],[-66.059,-17.827],[-66.053,-17.835],[-66.044,-17.839],[-66.041,-17.846],[-66.036,-17.851],[-66.035,-17.856],[-66.025,-17.864],[-66.026,-17.868],[-66.023,-17.874],[-66.017,-17.875],[-66.017,-17.886],[-66.013,-17.889],[-66.01,-17.898],[-66.007,-17.9],[-66.002,-17.911],[-65.993,-17.918],[-65.989,-17.935],[-65.984,-17.939],[-65.975,-17.942],[-65.968,-17.952],[-65.964,-17.953],[-65.961,-17.953],[-65.96,-17.947],[-65.956,-17.947],[-65.95,-17.949],[-65.949,-17.955],[-65.943,-17.956],[-65.943,-17.96],[-65.941,-17.962],[-65.943,-17.977],[-65.941,-17.981],[-65.934,-17.984],[-65.934,-17.992],[-65.926,-17.994],[-65.914,-17.992],[-65.907,-17.987],[-65.895,-17.987],[-65.892,-17.984],[-65.888,-17.983],[-65.888,-17.98],[-65.875,-17.978],[-65.871,-17.976],[-65.868,-17.971],[-65.864,-17.971],[-65.858,-17.975],[-65.853,-17.974],[-65.851,-17.976],[-65.849,-17.974],[-65.845,-17.974],[-65.843,-17.98],[-65.837,-17.985],[-65.836,-17.987],[-65.83,-17.988],[-65.827,-17.997],[-65.816,-18.002],[-65.812,-18.008],[-65.806,-18.01],[-65.804,-18.009],[-65.801,-18.009],[-65.798,-18.013],[-65.791,-18.014],[-65.788,-18.017],[-65.787,-18.02],[-65.783,-18.021],[-65.781,-18.024],[-65.783,-18.027],[-65.783,-18.032],[-65.772,-18.037],[-65.768,-18.036],[-65.764,-18.041],[-65.756,-18.043],[-65.752,-18.049],[-65.744,-18.05],[-65.741,-18.054],[-65.741,-18.059],[-65.733,-18.061],[-65.73,-18.061],[-65.728,-18.067],[-65.724,-18.068],[-65.715,-18.076],[-65.709,-18.078],[-65.704,-18.089],[-65.698,-18.094],[-65.693,-18.094],[-65.688,-18.099],[-65.684,-18.108],[-65.684,-18.113],[-65.681,-18.117],[-65.676,-18.12],[-65.671,-18.12],[-65.669,-18.126],[-65.665,-18.126],[-65.661,-18.132],[-65.654,-18.133],[-65.651,-18.139],[-65.646,-18.139],[-65.641,-18.137],[-65.638,-18.137],[-65.639,-18.142],[-65.634,-18.146],[-65.632,-18.152],[-65.623,-18.157],[-65.617,-18.164],[-65.614,-18.166],[-65.613,-18.17],[-65.604,-18.176],[-65.603,-18.185],[-65.6,-18.188],[-65.597,-18.204],[-65.594,-18.204],[-65.594,-18.206],[-65.592,-18.207],[-65.585,-18.208],[-65.584,-18.214],[-65.579,-18.216],[-65.575,-18.221],[-65.572,-18.222],[-65.565,-18.234],[-65.561,-18.234],[-65.554,-18.238],[-65.549,-18.238],[-65.544,-18.246],[-65.539,-18.245],[-65.536,-18.247],[-65.534,-18.242],[-65.527,-18.245],[-65.522,-18.253],[-65.515,-18.252],[-65.51,-18.255],[-65.502,-18.257],[-65.501,-18.269],[-65.493,-18.278],[-65.488,-18.292],[-65.484,-18.296],[-65.479,-18.293],[-65.477,-18.294],[-65.48,-18.298],[-65.479,-18.302],[-65.473,-18.305],[-65.476,-18.31],[-65.475,-18.315],[-65.471,-18.325],[-65.463,-18.334],[-65.464,-18.341],[-65.458,-18.345],[-65.455,-18.35],[-65.449,-18.354],[-65.447,-18.358],[-65.441,-18.36],[-65.439,-18.365],[-65.429,-18.369],[-65.422,-18.363],[-65.42,-18.362],[-65.404,-18.367],[-65.396,-18.373],[-65.393,-18.377],[-65.388,-18.38],[-65.382,-18.386],[-65.379,-18.388],[-65.374,-18.394],[-65.365,-18.398],[-65.364,-18.4],[-65.351,-18.408],[-65.346,-18.418]]]]}},{"type":"Feature","properties":{"shapeName":"Santa Cruz"},"geometry":{"type":"Polygon","coordinates":[[[-64.73,-15.802],[-64.487,-15.825],[-63.381,-15.884],[-63.382,-15.881],[-63.39,-15.875],[-63.387,-15.868],[-63.384,-15.866],[-63.389,-15.863],[-63.386,-15.861],[-63.387,-15.857],[-63.388,-15.859],[-63.39,-15.856],[-63.394,-15.855],[-63.411,-15.858],[-63.408,-15.848],[-63.399,-15.851],[-63.4,-15.847],[-63.405,-15.843],[-63.41,-15.842],[-63.412,-15.844],[-63.415,-15.852],[-63.416,-15.853],[-63.429,-15.845],[-63.429,-15.841],[-63.421,-15.838],[-63.422,-15.836],[-63.425,-15.835],[-63.43,-15.832],[-63.429,-15.826],[-63.44,-15.828],[-63.444,-15.825],[-63.442,-15.82],[-63.434,-15.82],[-63.435,-15.817],[-63.438,-15.817],[-63.441,-15.814],[-63.44,-15.809],[-63.433,-15.809],[-63.431,-15.808],[-63.439,-15.801],[-63.44,-15.789],[-63.436,-15.788],[-63.433,-15.794],[-63.429,-15.792],[-63.43,-15.788],[-63.438,-15.784],[-63.438,-15.78],[-63.441,-15.782],[-63.445,-15.778],[-63.442,-15.776],[-63.435,-15.779],[-63.435,-15.775],[-63.44,-15.768],[-63.437,-15.765],[-63.431,-15.765],[-63.43,-15.763],[-63.432,-15.76],[-63.437,-15.76],[-63.442,-15.764],[-63.442,-15.761],[-63.44,-15.758],[-63.432,-15.755],[-63.429,-15.749],[-63.441,-15.748],[-63.434,-15.743],[-63.443,-15.737],[-63.446,-15.742],[-63.458,-15.74],[-63.455,-15.733],[-63.461,-15.732],[-63.462,-15.729],[-63.47,-15.735],[-63.471,-15.735],[-63.472,-15.719],[-63.475,-15.716],[-63.482,-15.721],[-63.483,-15.718],[-63.475,-15.712],[-63.474,-15.71],[-63.475,-15.706],[-63.482,-15.7],[-63.482,-15.702],[-63.487,-15.706],[-63.491,-15.707],[-63.492,-15.702],[-63.489,-15.699],[-63.497,-15.695],[-63.492,-15.688],[-63.501,-15.687],[-63.501,-15.684],[-63.504,-15.681],[-63.508,-15.683],[-63.513,-15.675],[-63.512,-15.666],[-63.516,-15.662],[-63.524,-15.662],[-63.523,-15.658],[-63.525,-15.655],[-63.527,-15.658],[-63.538,-15.665],[-63.539,-15.659],[-63.541,-15.655],[-63.544,-15.652],[-63.549,-15.651],[-63.553,-15.655],[-63.552,-15.66],[-63.566,-15.659],[-63.568,-15.663],[-63.567,-15.667],[-63.574,-15.665],[-63.58,-15.661],[-63.573,-15.653],[-63.585,-15.647],[-63.586,-15.637],[-63.582,-15.636],[-63.583,-15.634],[-63.592,-15.632],[-63.598,-15.629],[-63.599,-15.632],[-63.597,-15.635],[-63.598,-15.638],[-63.617,-15.632],[-63.621,-15.633],[-63.622,-15.637],[-63.624,-15.638],[-63.632,-15.632],[-63.631,-15.628],[-63.632,-15.626],[-63.634,-15.625],[-63.639,-15.627],[-63.642,-15.625],[-63.642,-15.622],[-63.639,-15.62],[-63.632,-15.619],[-63.635,-15.614],[-63.634,-15.609],[-63.647,-15.609],[-63.647,-15.605],[-63.644,-15.602],[-63.648,-15.597],[-63.643,-15.594],[-63.657,-15.586],[-63.658,-15.584],[-63.655,-15.583],[-63.653,-15.585],[-63.652,-15.584],[-63.657,-15.579],[-63.659,-15.578],[-63.664,-15.581],[-63.668,-15.582],[-63.67,-15.573],[-63.671,-15.571],[-63.677,-15.577],[-63.678,-15.582],[-63.681,-15.575],[-63.686,-15.574],[-63.69,-15.576],[-63.69,-15.582],[-63.693,-15.581],[-63.693,-15.575],[-63.69,-15.569],[-63.685,-15.565],[-63.693,-15.554],[-63.689,-15.541],[-63.69,-15.534],[-63.686,-15.533],[-63.682,-15.537],[-63.681,-15.536],[-63.683,-15.529],[-63.691,-15.523],[-63.688,-15.52],[-63.679,-15.518],[-63.678,-15.516],[-63.69,-15.509],[-63.68,-15.5],[-63.68,-15.497],[-63.693,-15.489],[-63.695,-15.491],[-63.695,-15.495],[-63.696,-15.496],[-63.697,-15.485],[-63.7,-15.483],[-63.707,-15.489],[-63.712,-15.49],[-63.713,-15.484],[-63.712,-15.481],[-63.717,-15.475],[-63.718,-15.47],[-63.725,-15.466],[-63.723,-15.464],[-63.722,-15.461],[-63.727,-15.46],[-63.728,-15.455],[-63.731,-15.453],[-63.737,-15.456],[-63.735,-15.46],[-63.736,-15.464],[-63.733,-15.469],[-63.743,-15.465],[-63.744,-15.461],[-63.742,-15.456],[-63.743,-15.455],[-63.746,-15.458],[-63.749,-15.466],[-63.749,-15.471],[-63.751,-15.473],[-63.753,-15.469],[-63.753,-15.461],[-63.755,-15.456],[-63.761,-15.451],[-63.766,-15.453],[-63.766,-15.449],[-63.763,-15.442],[-63.765,-15.438],[-63.777,-15.438],[-63.781,-15.436],[-63.784,-15.438],[-63.783,-15.439],[-63.788,-15.436],[-63.794,-15.428],[-63.794,-15.423],[-63.798,-15.42],[-63.794,-15.418],[-63.79,-15.413],[-63.779,-15.407],[-63.78,-15.405],[-63.784,-15.404],[-63.787,-15.406],[-63.789,-15.405],[-63.789,-15.404],[-63.785,-15.4],[-63.775,-15.403],[-63.776,-15.396],[-63.778,-15.391],[-63.781,-15.389],[-63.781,-15.391],[-63.783,-15.391],[-63.786,-15.386],[-63.792,-15.385],[-63.791,-15.381],[-63.801,-15.375],[-63.797,-15.368],[-63.805,-15.368],[-63.825,-15.36],[-63.825,-15.358],[-63.817,-15.355],[-63.819,-15.353],[-63.822,-15.353],[-63.826,-15.352],[-63.832,-15.353],[-63.834,-15.349],[-63.834,-15.345],[-63.838,-15.343],[-63.838,-15.341],[-63.832,-15.339],[-63.837,-15.332],[-63.832,-15.329],[-63.832,-15.327],[-63.835,-15.325],[-63.842,-15.326],[-63.842,-15.319],[-63.847,-15.315],[-63.856,-15.302],[-63.852,-15.293],[-63.855,-15.285],[-63.853,-15.281],[-63.856,-15.277],[-63.853,-15.269],[-63.856,-15.269],[-63.863,-15.272],[-63.864,-15.271],[-63.861,-15.265],[-63.862,-15.262],[-63.864,-15.261],[-63.87,-15.265],[-63.871,-15.264],[-63.867,-15.255],[-63.863,-15.256],[-63.866,-15.249],[-63.861,-15.244],[-63.861,-15.242],[-63.867,-15.236],[-63.859,-15.227],[-63.876,-15.219],[-63.883,-15.22],[-63.884,-15.218],[-63.884,-15.214],[-63.889,-15.206],[-63.892,-15.211],[-63.895,-15.21],[-63.895,-15.206],[-63.891,-15.202],[-63.892,-15.196],[-63.885,-15.199],[-63.883,-15.197],[-63.884,-15.192],[-63.89,-15.191],[-63.887,-15.188],[-63.887,-15.185],[-63.893,-15.175],[-63.895,-15.174],[-63.898,-15.176],[-63.9,-15.176],[-63.901,-15.166],[-63.906,-15.169],[-63.908,-15.162],[-63.912,-15.166],[-63.915,-15.167],[-63.917,-15.166],[-63.918,-15.161],[-63.923,-15.159],[-63.926,-15.164],[-63.929,-15.165],[-63.935,-15.169],[-63.94,-15.159],[-63.944,-15.16],[-63.938,-15.15],[-63.94,-15.147],[-63.939,-15.143],[-63.943,-15.141],[-63.94,-15.137],[-63.945,-15.132],[-63.94,-15.127],[-63.941,-15.122],[-63.945,-15.116],[-63.942,-15.11],[-63.945,-15.103],[-63.948,-15.103],[-63.952,-15.102],[-63.947,-15.093],[-63.958,-15.083],[-63.958,-15.08],[-63.954,-15.081],[-63.952,-15.079],[-63.954,-15.075],[-63.956,-15.073],[-63.957,-15.069],[-63.964,-15.069],[-63.961,-15.062],[-63.942,-15.054],[-63.931,-15.04],[-63.918,-15.033],[-63.924,-15.026],[-63.93,-15.027],[-63.934,-15.021],[-63.939,-15.02],[-63.941,-15.014],[-63.94,-15.013],[-63.931,-15.009],[-63.931,-15.003],[-63.924,-15.002],[-63.922,-15.001],[-63.924,-14.993],[-63.921,-14.989],[-63.925,-14.983],[-63.923,-14.968],[-63.929,-14.958],[-63.934,-14.955],[-63.929,-14.95],[-63.929,-14.948],[-63.932,-14.947],[-63.933,-14.941],[-63.936,-14.939],[-63.933,-14.937],[-63.935,-14.933],[-63.939,-14.934],[-63.944,-14.928],[-63.939,-14.92],[-63.939,-14.915],[-63.939,-14.914],[-63.942,-14.915],[-63.94,-14.91],[-63.946,-14.905],[-63.942,-14.898],[-63.939,-14.896],[-63.942,-14.887],[-63.947,-14.881],[-63.947,-14.877],[-63.944,-14.873],[-63.945,-14.871],[-63.945,-14.866],[-63.942,-14.859],[-63.944,-14.853],[-63.94,-14.853],[-63.937,-14.846],[-63.938,-14.841],[-63.94,-14.84],[-63.94,-14.837],[-63.937,-14.833],[-63.938,-14.831],[-63.937,-14.827],[-63.935,-14.826],[-63.933,-14.822],[-63.931,-14.815],[-63.931,-14.807],[-63.927,-14.803],[-63.931,-14.8],[-63.933,-14.795],[-63.93,-14.792],[-63.93,-14.787],[-63.926,-14.781],[-63.926,-14.772],[-63.932,-14.767],[-63.943,-14.763],[-63.944,-14.759],[-63.953,-14.756],[-63.956,-14.759],[-63.959,-14.758],[-63.963,-14.752],[-63.968,-14.748],[-63.969,-14.744],[-63.967,-14.741],[-63.974,-14.74],[-63.978,-14.736],[-63.974,-14.732],[-63.975,-14.728],[-63.561,-14.296],[-63.091,-14.12],[-62.705,-13.976],[-62.139,-13.762],[-61.528,-13.53],[-61.518,-13.533],[-61.514,-13.544],[-61.51,-13.547],[-61.507,-13.549],[-61.491,-13.548],[-61.477,-13.554],[-61.47,-13.555],[-61.449,-13.547],[-61.439,-13.547],[-61.41,-13.538],[-61.404,-13.538],[-61.404,-13.526],[-61.399,-13.522],[-61.391,-13.52],[-61.381,-13.519],[-61.353,-13.521],[-61.341,-13.517],[-61.341,-13.51],[-61.339,-13.507],[-61.335,-13.504],[-61.312,-13.503],[-61.305,-13.507],[-61.302,-13.507],[-61.3,-13.504],[-61.3,-13.5],[-61.293,-13.497],[-61.289,-13.497],[-61.285,-13.502],[-61.279,-13.505],[-61.275,-13.505],[-61.269,-13.499],[-61.261,-13.494],[-61.243,-13.5],[-61.242,-13.504],[-61.245,-13.512],[-61.245,-13.514],[-61.238,-13.517],[-61.235,-13.526],[-61.225,-13.53],[-61.221,-13.53],[-61.209,-13.525],[-61.2,-13.533],[-61.194,-13.536],[-61.184,-13.527],[-61.184,-13.524],[-61.19,-13.52],[-61.191,-13.516],[-61.187,-13.512],[-61.186,-13.507],[-61.183,-13.506],[-61.182,-13.509],[-61.183,-13.513],[-61.182,-13.515],[-61.179,-13.515],[-61.172,-13.511],[-61.158,-13.517],[-61.154,-13.521],[-61.153,-13.528],[-61.15,-13.531],[-61.145,-13.53],[-61.147,-13.518],[-61.146,-13.514],[-61.143,-13.512],[-61.139,-13.514],[-61.141,-13.523],[-61.141,-13.527],[-61.14,-13.528],[-61.137,-13.529],[-61.131,-13.521],[-61.124,-13.52],[-61.114,-13.528],[-61.106,-13.531],[-61.102,-13.524],[-61.106,-13.521],[-61.106,-13.516],[-61.099,-13.51],[-61.092,-13.493],[-61.089,-13.494],[-61.088,-13.5],[-61.082,-13.499],[-61.066,-13.5],[-61.063,-13.502],[-61.06,-13.51],[-61.054,-13.512],[-61.042,-13.508],[-61.039,-13.504],[-61.039,-13.5],[-61.042,-13.497],[-61.054,-13.49],[-61.055,-13.485],[-61.054,-13.481],[-61.045,-13.476],[-61.024,-13.48],[-61.012,-13.485],[-60.993,-13.49],[-60.99,-13.494],[-60.989,-13.502],[-60.991,-13.504],[-60.993,-13.505],[-60.998,-13.502],[-61.006,-13.502],[-61.011,-13.509],[-61.01,-13.516],[-61.0,-13.527],[-61.0,-13.531],[-61.002,-13.533],[-61.007,-13.526],[-61.012,-13.526],[-61.013,-13.53],[-61.009,-13.537],[-61.007,-13.544],[-61.008,-13.549],[-61.007,-13.551],[-61.002,-13.552],[-60.996,-13.548],[-60.988,-13.546],[-60.986,-13.544],[-60.988,-13.539],[-60.987,-13.537],[-60.979,-13.539],[-60.972,-13.535],[-60.965,-13.537],[-60.961,-13.549],[-60.957,-13.551],[-60.947,-13.551],[-60.942,-13.545],[-60.933,-13.539],[-60.93,-13.538],[-60.919,-13.543],[-60.918,-13.548],[-60.924,-13.553],[-60.925,-13.556],[-60.925,-13.56],[-60.923,-13.566],[-60.91,-13.584],[-60.903,-13.59],[-60.89,-13.598],[-60.88,-13.617],[-60.878,-13.619],[-60.861,-13.625],[-60.85,-13.632],[-60.847,-13.632],[-60.842,-13.627],[-60.838,-13.626],[-60.823,-13.63],[-60.816,-13.637],[-60.816,-13.641],[-60.813,-13.646],[-60.813,-13.65],[-60.81,-13.654],[-60.802,-13.656],[-60.788,-13.655],[-60.782,-13.658],[-60.774,-13.66],[-60.77,-13.667],[-60.771,-13.679],[-60.763,-13.686],[-60.756,-13.687],[-60.74,-13.683],[-60.72,-13.691],[-60.709,-13.69],[-60.707,-13.691],[-60.705,-13.701],[-60.696,-13.714],[-60.694,-13.713],[-60.694,-13.711],[-60.696,-13.701],[-60.696,-13.698],[-60.69,-13.696],[-60.688,-13.698],[-60.686,-13.71],[-60.683,-13.715],[-60.678,-13.72],[-60.671,-13.722],[-60.656,-13.735],[-60.655,-13.735],[-60.656,-13.731],[-60.655,-13.728],[-60.652,-13.728],[-60.65,-13.734],[-60.646,-13.736],[-60.643,-13.733],[-60.64,-13.725],[-60.63,-13.725],[-60.626,-13.719],[-60.621,-13.717],[-60.619,-13.724],[-60.612,-13.725],[-60.609,-13.727],[-60.612,-13.738],[-60.61,-13.739],[-60.608,-13.736],[-60.606,-13.736],[-60.606,-13.748],[-60.598,-13.747],[-60.592,-13.743],[-60.589,-13.743],[-60.587,-13.748],[-60.576,-13.746],[-60.576,-13.751],[-60.579,-13.757],[-60.576,-13.759],[-60.569,-13.758],[-60.567,-13.759],[-60.567,-13.762],[-60.571,-13.766],[-60.571,-13.769],[-60.559,-13.771],[-60.551,-13.782],[-60.548,-13.783],[-60.546,-13.782],[-60.549,-13.773],[-60.546,-13.769],[-60.532,-13.773],[-60.525,-13.77],[-60.521,-13.771],[-60.518,-13.774],[-60.519,-13.78],[-60.521,-13.785],[-60.528,-13.791],[-60.528,-13.795],[-60.521,-13.796],[-60.51,-13.793],[-60.504,-13.797],[-60.503,-13.796],[-60.504,-13.793],[-60.5,-13.79],[-60.486,-13.795],[-60.466,-13.797],[-60.461,-13.799],[-60.459,-13.804],[-60.462,-13.812],[-60.462,-13.824],[-60.467,-13.83],[-60.47,-13.83],[-60.474,-13.833],[-60.472,-13.835],[-60.468,-13.836],[-60.467,-13.838],[-60.468,-13.844],[-60.471,-13.847],[-60.472,-13.852],[-60.47,-13.854],[-60.459,-13.854],[-60.451,-13.857],[-60.45,-13.868],[-60.454,-13.882],[-60.452,-13.885],[-60.447,-13.885],[-60.444,-13.89],[-60.442,-13.905],[-60.445,-13.915],[-60.442,-13.934],[-60.437,-13.943],[-60.428,-13.967],[-60.411,-13.984],[-60.407,-13.99],[-60.406,-14.009],[-60.412,-14.027],[-60.427,-14.047],[-60.428,-14.053],[-60.433,-14.063],[-60.448,-14.08],[-60.467,-14.096],[-60.472,-14.11],[-60.47,-14.131],[-60.472,-14.134],[-60.472,-14.146],[-60.475,-14.157],[-60.482,-14.174],[-60.482,-14.182],[-60.481,-14.184],[-60.472,-14.185],[-60.467,-14.187],[-60.465,-14.197],[-60.463,-14.218],[-60.461,-14.228],[-60.459,-14.231],[-60.453,-14.235],[-60.451,-14.238],[-60.451,-14.243],[-60.46,-14.253],[-60.46,-14.264],[-60.455,-14.274],[-60.453,-14.281],[-60.449,-14.291],[-60.447,-14.305],[-60.443,-14.316],[-60.431,-14.323],[-60.425,-14.325],[-60.42,-14.328],[-60.411,-14.346],[-60.403,-14.35],[-60.398,-14.355],[-60.394,-14.356],[-60.391,-14.366],[-60.385,-14.366],[-60.382,-14.368],[-60.381,-14.389],[-60.381,-14.39],[-60.394,-14.394],[-60.396,-14.397],[-60.4,-14.405],[-60.4,-14.412],[-60.386,-14.439],[-60.378,-14.449],[-60.357,-14.485],[-60.347,-14.499],[-60.347,-14.504],[-60.34,-14.509],[-60.339,-14.512],[-60.342,-14.515],[-60.343,-14.522],[-60.338,-14.526],[-60.337,-14.529],[-60.343,-14.529],[-60.344,-14.531],[-60.338,-14.535],[-60.335,-14.548],[-60.33,-14.562],[-60.33,-14.571],[-60.327,-14.581],[-60.329,-14.588],[-60.328,-14.596],[-60.322,-14.61],[-60.312,-14.615],[-60.303,-14.616],[-60.293,-14.623],[-60.283,-14.623],[-60.273,-14.62],[-60.272,-14.623],[-60.268,-14.689],[-60.267,-14.741],[-60.263,-14.772],[-60.256,-14.88],[-60.252,-14.994],[-60.25,-14.998],[-60.244,-15.095],[-60.575,-15.096],[-60.488,-15.192],[-60.238,-15.474],[-60.18,-15.998],[-60.173,-16.263],[-59.815,-16.272],[-59.537,-16.276],[-59.496,-16.279],[-59.184,-16.292],[-59.136,-16.295],[-59.002,-16.3],[-59.001,-16.299],[-58.431,-16.322],[-58.425,-16.318],[-58.401,-16.305],[-58.396,-16.299],[-58.392,-16.287],[-58.391,-16.277],[-58.392,-16.271],[-58.389,-16.263],[-58.382,-16.267],[-58.366,-16.274],[-58.353,-16.271],[-58.347,-16.274],[-58.339,-16.274],[-58.329,-16.271],[-58.325,-16.267],[-58.322,-16.266],[-58.317,-16.293],[-58.304,-16.31],[-58.304,-16.33],[-58.307,-16.339],[-58.31,-16.361],[-58.308,-16.372],[-58.316,-16.373],[-58.32,-16.378],[-58.328,-16.38],[-58.335,-16.391],[-58.34,-16.387],[-58.346,-16.39],[-58.348,-16.395],[-58.345,-16.397],[-58.345,-16.4],[-58.352,-16.412],[-58.353,-16.419],[-58.356,-16.427],[-58.354,-16.435],[-58.355,-16.44],[-58.348,-16.457],[-58.343,-16.462],[-58.334,-16.484],[-58.338,-16.516],[-58.395,-16.565],[-58.402,-16.569],[-58.422,-16.575],[-58.428,-16.587],[-58.435,-16.595],[-58.459,-16.653],[-58.461,-16.668],[-58.467,-16.695],[-58.469,-16.712],[-58.467,-16.714],[-58.47,-16.732],[-58.471,-16.75],[-58.467,-16.754],[-58.468,-16.757],[-58.466,-16.759],[-58.467,-16.771],[-58.469,-16.775],[-58.466,-16.777],[-58.467,-16.781],[-58.465,-16.783],[-58.461,-16.785],[-58.459,-16.789],[-58.461,-16.79],[-58.46,-16.794],[-58.461,-16.796],[-58.47,-16.793],[-58.473,-16.795],[-58.474,-16.807],[-58.478,-16.813],[-58.477,-16.815],[-58.479,-16.823],[-58.477,-16.831],[-58.47,-16.834],[-58.462,-16.841],[-58.469,-16.851],[-58.467,-16.852],[-58.462,-16.851],[-58.461,-16.854],[-58.469,-16.859],[-58.461,-16.862],[-58.46,-16.864],[-58.468,-16.866],[-58.468,-16.872],[-58.464,-16.878],[-58.469,-16.885],[-58.464,-16.891],[-58.471,-16.898],[-58.469,-16.899],[-58.463,-16.899],[-58.461,-16.902],[-58.466,-16.912],[-58.477,-16.914],[-58.477,-16.916],[-58.472,-16.922],[-58.476,-16.938],[-58.471,-16.94],[-58.469,-16.943],[-58.46,-16.939],[-58.458,-16.94],[-58.458,-16.946],[-58.462,-16.951],[-58.462,-16.958],[-58.463,-16.962],[-58.456,-16.969],[-58.449,-16.968],[-58.447,-16.969],[-58.449,-16.976],[-58.445,-16.985],[-58.438,-16.986],[-58.431,-16.992],[-58.425,-16.988],[-58.423,-16.989],[-58.427,-17.002],[-58.433,-17.005],[-58.435,-17.008],[-58.432,-17.023],[-58.435,-17.028],[-58.431,-17.03],[-58.421,-17.029],[-58.418,-17.033],[-58.417,-17.038],[-58.422,-17.038],[-58.431,-17.036],[-58.434,-17.038],[-58.434,-17.041],[-58.431,-17.048],[-58.422,-17.051],[-58.426,-17.055],[-58.431,-17.058],[-58.432,-17.06],[-58.431,-17.066],[-58.399,-17.084],[-58.4,-17.151],[-58.397,-17.186],[-58.367,-17.201],[-58.354,-17.214],[-58.347,-17.232],[-58.335,-17.239],[-58.321,-17.254],[-58.32,-17.257],[-58.322,-17.262],[-58.32,-17.266],[-58.316,-17.268],[-58.308,-17.267],[-58.304,-17.27],[-58.304,-17.279],[-58.302,-17.281],[-58.297,-17.283],[-58.293,-17.288],[-58.293,-17.29],[-58.297,-17.292],[-58.3,-17.299],[-58.296,-17.302],[-58.291,-17.303],[-58.286,-17.299],[-58.278,-17.3],[-58.277,-17.305],[-58.28,-17.319],[-58.278,-17.321],[-58.277,-17.325],[-58.267,-17.328],[-58.264,-17.331],[-58.263,-17.334],[-58.265,-17.345],[-58.258,-17.347],[-58.255,-17.354],[-58.251,-17.355],[-58.248,-17.353],[-58.246,-17.355],[-58.241,-17.35],[-58.234,-17.352],[-58.229,-17.348],[-58.226,-17.351],[-58.229,-17.357],[-58.219,-17.361],[-58.209,-17.355],[-58.203,-17.354],[-58.197,-17.36],[-58.196,-17.367],[-58.194,-17.371],[-58.194,-17.374],[-58.201,-17.383],[-58.201,-17.388],[-58.2,-17.39],[-58.193,-17.393],[-58.181,-17.392],[-58.169,-17.39],[-58.16,-17.385],[-58.157,-17.385],[-58.153,-17.389],[-58.156,-17.402],[-58.151,-17.41],[-58.141,-17.416],[-58.128,-17.412],[-58.123,-17.414],[-58.12,-17.425],[-58.122,-17.446],[-58.12,-17.45],[-58.106,-17.454],[-58.093,-17.463],[-58.075,-17.456],[-58.07,-17.451],[-58.068,-17.452],[-58.067,-17.454],[-58.056,-17.458],[-58.051,-17.463],[-58.047,-17.475],[-58.044,-17.486],[-58.044,-17.492],[-58.03,-17.497],[-58.023,-17.495],[-58.017,-17.5],[-58.014,-17.499],[-58.012,-17.499],[-58.007,-17.506],[-58.001,-17.505],[-58.0,-17.506],[-58.0,-17.513],[-57.997,-17.515],[-57.981,-17.51],[-57.972,-17.506],[-57.97,-17.506],[-57.97,-17.515],[-57.888,-17.453],[-57.818,-17.504],[-57.751,-17.551],[-57.738,-17.561],[-57.737,-17.565],[-57.738,-17.569],[-57.745,-17.575],[-57.751,-17.579],[-57.753,-17.582],[-57.759,-17.585],[-57.759,-17.586],[-57.758,-17.589],[-57.759,-17.591],[-57.784,-17.608],[-57.784,-17.611],[-57.781,-17.616],[-57.775,-17.612],[-57.773,-17.613],[-57.772,-17.615],[-57.774,-17.626],[-57.782,-17.635],[-57.784,-17.639],[-57.781,-17.646],[-57.777,-17.65],[-57.775,-17.658],[-57.762,-17.662],[-57.759,-17.668],[-57.752,-17.691],[-57.748,-17.695],[-57.741,-17.695],[-57.732,-17.719],[-57.727,-17.722],[-57.721,-17.721],[-57.711,-17.731],[-57.713,-17.776],[-57.685,-17.811],[-57.684,-17.831],[-57.723,-17.83],[-57.601,-18.044],[-57.58,-18.12],[-57.508,-18.199],[-57.504,-18.199],[-57.504,-18.196],[-57.499,-18.196],[-57.493,-18.201],[-57.481,-18.2],[-57.479,-18.202],[-57.479,-18.207],[-57.476,-18.212],[-57.472,-18.215],[-57.47,-18.22],[-57.465,-18.224],[-57.458,-18.227],[-57.454,-18.231],[-57.457,-18.236],[-57.503,-18.238],[-57.56,-18.242],[-57.667,-18.581],[-57.767,-18.901],[-57.745,-18.901],[-57.719,-18.898],[-57.72,-18.978],[-57.716,-18.977],[-57.711,-18.979],[-57.703,-18.988],[-57.702,-18.993],[-57.697,-18.998],[-57.7,-19.006],[-57.691,-19.011],[-57.697,-19.011],[-57.702,-19.017],[-57.705,-19.024],[-57.708,-19.026],[-57.711,-19.035],[-57.784,-19.035],[-57.862,-19.202],[-58.009,-19.504],[-58.131,-19.758],[-58.001,-19.863],[-57.859,-19.972],[-57.868,-19.991],[-57.892,-20.022],[-57.903,-20.043],[-57.907,-20.043],[-57.92,-20.03],[-57.935,-20.02],[-57.946,-20.019],[-57.957,-20.023],[-57.963,-20.027],[-57.967,-20.033],[-57.97,-20.044],[-57.973,-20.052],[-57.983,-20.058],[-57.986,-20.059],[-57.997,-20.057],[-58.018,-20.058],[-58.025,-20.059],[-58.03,-20.062],[-58.037,-20.07],[-58.039,-20.077],[-58.041,-20.092],[-58.043,-20.098],[-58.051,-20.107],[-58.055,-20.108],[-58.072,-20.105],[-58.094,-20.109],[-58.107,-20.128],[-58.115,-20.144],[-58.124,-20.149],[-58.134,-20.152],[-58.152,-20.153],[-58.17,-20.166],[-58.167,-20.153],[-58.159,-20.145],[-58.145,-20.14],[-58.143,-20.136],[-58.142,-20.128],[-58.138,-20.124],[-58.137,-20.119],[-58.145,-20.098],[-58.154,-20.085],[-58.153,-20.075],[-58.158,-20.075],[-58.16,-20.077],[-58.162,-20.077],[-58.16,-20.073],[-58.165,-20.065],[-58.163,-20.057],[-58.167,-20.051],[-58.162,-20.049],[-58.157,-20.044],[-58.168,-20.036],[-58.175,-20.028],[-58.174,-20.022],[-58.177,-20.014],[-58.176,-20.005],[-58.185,-19.971],[-58.192,-19.962],[-58.201,-19.962],[-58.213,-19.954],[-58.213,-19.951],[-58.202,-19.938],[-58.196,-19.928],[-58.2,-19.905],[-58.205,-19.898],[-58.205,-19.884],[-58.204,-19.881],[-58.202,-19.865],[-58.198,-19.862],[-58.192,-19.853],[-58.178,-19.845],[-58.174,-19.835],[-58.168,-19.831],[-58.165,-19.827],[-58.235,-19.775],[-58.501,-19.65],[-58.641,-19.586],[-58.744,-19.536],[-58.823,-19.497],[-58.955,-19.427],[-59.0,-19.402],[-59.1,-19.349],[-59.114,-19.344],[-59.25,-19.341],[-59.646,-19.312],[-59.884,-19.3],[-59.933,-19.299],[-59.977,-19.295],[-60.601,-19.456],[-60.742,-19.478],[-61.162,-19.545],[-61.735,-19.634],[-61.833,-19.874],[-61.922,-20.089],[-61.998,-20.192],[-62.179,-20.443],[-62.693,-20.442],[-63.022,-20.444],[-63.249,-20.461],[-63.358,-20.46],[-63.36,-20.448],[-63.358,-20.445],[-63.361,-20.436],[-63.357,-20.433],[-63.352,-20.423],[-63.352,-20.418],[-63.356,-20.414],[-63.355,-20.405],[-63.357,-20.401],[-63.356,-20.4],[-63.357,-20.393],[-63.368,-20.396],[-63.371,-20.395],[-63.39,-20.4],[-63.4,-20.399],[-63.399,-20.403],[-63.404,-20.407],[-63.403,-20.411],[-63.405,-20.418],[-63.409,-20.421],[-63.406,-20.423],[-63.407,-20.425],[-63.412,-20.428],[-63.415,-20.438],[-63.421,-20.44],[-63.439,-20.437],[-63.444,-20.442],[-63.46,-20.449],[-63.464,-20.454],[-63.473,-20.453],[-63.483,-20.458],[-63.49,-20.456],[-63.497,-20.458],[-63.503,-20.456],[-63.51,-20.457],[-63.514,-20.459],[-63.512,-20.461],[-63.513,-20.463],[-63.519,-20.46],[-63.524,-20.46],[-63.529,-20.457],[-63.534,-20.457],[-63.537,-20.452],[-63.541,-20.454],[-63.548,-20.451],[-63.558,-20.452],[-63.56,-20.45],[-63.571,-20.449],[-63.574,-20.447],[-63.581,-20.448],[-63.582,-20.445],[-63.584,-20.445],[-63.584,-20.442],[-63.587,-20.443],[-63.587,-20.445],[-63.59,-20.444],[-63.588,-20.447],[-63.59,-20.446],[-63.593,-20.448],[-63.597,-20.454],[-63.599,-20.453],[-63.603,-20.455],[-63.604,-20.457],[-63.613,-20.462],[-63.622,-20.465],[-63.636,-20.464],[-63.648,-20.466],[-63.655,-20.473],[-63.667,-20.473],[-63.684,-20.465],[-63.692,-20.436],[-63.691,-20.429],[-63.693,-20.424],[-63.696,-20.398],[-63.693,-20.382],[-63.693,-20.379],[-63.692,-20.378],[-63.694,-20.37],[-63.693,-20.368],[-63.692,-20.345],[-63.695,-20.331],[-63.697,-20.33],[-63.696,-20.327],[-63.697,-20.325],[-63.696,-20.321],[-63.698,-20.307],[-63.696,-20.299],[-63.699,-20.296],[-63.701,-20.282],[-63.694,-20.277],[-63.697,-20.277],[-63.697,-20.274],[-63.702,-20.269],[-63.7,-20.265],[-63.705,-20.26],[-63.702,-20.257],[-63.706,-20.257],[-63.708,-20.254],[-63.702,-20.247],[-63.698,-20.244],[-63.698,-20.24],[-63.695,-20.24],[-63.694,-20.237],[-63.695,-20.235],[-63.694,-20.234],[-63.692,-20.229],[-63.687,-20.226],[-63.688,-20.22],[-63.686,-20.219],[-63.684,-20.216],[-63.681,-20.208],[-63.685,-20.205],[-63.685,-20.199],[-63.689,-20.198],[-63.691,-20.196],[-63.687,-20.189],[-63.692,-20.19],[-63.698,-20.187],[-63.696,-20.173],[-63.697,-20.162],[-63.692,-20.157],[-63.692,-20.149],[-63.699,-20.147],[-63.699,-20.14],[-63.702,-20.135],[-63.702,-20.131],[-63.705,-20.129],[-63.706,-20.126],[-63.716,-20.125],[-63.723,-20.119],[-63.723,-20.117],[-63.726,-20.116],[-63.723,-20.107],[-63.727,-20.105],[-63.727,-20.101],[-63.725,-20.095],[-63.728,-20.071],[-63.726,-20.066],[-63.729,-20.058],[-63.728,-20.047],[-63.729,-20.041],[-63.732,-20.039],[-63.732,-20.027],[-63.728,-20.021],[-63.73,-20.013],[-63.729,-20.007],[-63.729,-20.004],[-63.727,-20.0],[-63.728,-19.995],[-63.727,-19.992],[-63.728,-19.989],[-63.722,-19.969],[-63.722,-19.961],[-63.716,-19.952],[-63.715,-19.935],[-63.718,-19.921],[-63.716,-19.916],[-63.72,-19.908],[-63.717,-19.887],[-63.713,-19.879],[-63.713,-19.873],[-63.71,-19.867],[-63.709,-19.861],[-63.712,-19.834],[-63.716,-19.827],[-63.72,-19.81],[-63.72,-19.799],[-63.716,-19.792],[-63.72,-19.778],[-63.719,-19.762],[-63.722,-19.754],[-63.718,-19.743],[-63.718,-19.733],[-63.72,-19.729],[-63.718,-19.724],[-63.719,-19.715],[-63.717,-19.7],[-63.714,-19.691],[-63.714,-19.685],[-63.712,-19.674],[-63.701,-19.655],[-63.701,-19.645],[-63.707,-19.637],[-63.705,-19.625],[-63.705,-19.614],[-63.7,-19.609],[-63.698,-19.602],[-63.694,-19.603],[-63.694,-19.595],[-63.692,-19.594],[-63.698,-19.589],[-63.702,-19.587],[-63.705,-19.577],[-63.71,-19.573],[-63.712,-19.556],[-63.71,-19.553],[-63.714,-19.55],[-63.712,-19.548],[-63.712,-19.545],[-63.709,-19.546],[-63.708,-19.543],[-63.711,-19.536],[-63.709,-19.534],[-63.707,-19.528],[-63.71,-19.513],[-63.708,-19.509],[-63.702,-19.506],[-63.705,-19.503],[-63.706,-19.494],[-63.703,-19.487],[-63.703,-19.484],[-63.708,-19.474],[-63.706,-19.469],[-63.718,-19.44],[-63.715,-19.428],[-63.715,-19.423],[-63.718,-19.422],[-63.721,-19.417],[-63.717,-19.407],[-63.717,-19.402],[-63.718,-19.398],[-63.724,-19.393],[-63.717,-19.381],[-63.713,-19.376],[-63.719,-19.37],[-63.72,-19.366],[-63.725,-19.364],[-63.729,-19.349],[-63.723,-19.344],[-63.725,-19.34],[-63.721,-19.335],[-63.721,-19.322],[-63.718,-19.317],[-63.72,-19.312],[-63.719,-19.279],[-63.714,-19.272],[-63.718,-19.261],[-63.723,-19.252],[-63.723,-19.243],[-63.728,-19.227],[-63.738,-19.216],[-63.739,-19.209],[-63.736,-19.203],[-63.745,-19.185],[-63.744,-19.181],[-63.746,-19.175],[-63.744,-19.159],[-63.74,-19.148],[-63.736,-19.146],[-63.734,-19.132],[-63.732,-19.13],[-63.731,-19.126],[-63.728,-19.122],[-63.723,-19.119],[-63.72,-19.116],[-63.721,-19.114],[-63.719,-19.113],[-63.72,-19.11],[-63.719,-19.106],[-63.72,-19.1],[-63.719,-19.097],[-63.717,-19.097],[-63.715,-19.091],[-63.715,-19.085],[-63.711,-19.077],[-63.711,-19.073],[-63.714,-19.071],[-63.711,-19.069],[-63.711,-19.066],[-63.709,-19.065],[-63.708,-19.054],[-63.709,-19.052],[-63.707,-19.05],[-63.708,-19.045],[-63.705,-19.043],[-63.716,-19.045],[-63.722,-19.048],[-63.723,-19.046],[-63.721,-19.041],[-63.722,-19.038],[-63.731,-19.03],[-63.737,-19.032],[-63.736,-19.039],[-63.743,-19.042],[-63.755,-19.036],[-63.761,-19.036],[-63.769,-19.032],[-63.78,-19.037],[-63.781,-19.039],[-63.778,-19.047],[-63.779,-19.049],[-63.795,-19.043],[-63.809,-19.055],[-63.814,-19.046],[-63.823,-19.049],[-63.831,-19.049],[-63.833,-19.051],[-63.839,-19.05],[-63.842,-19.041],[-63.845,-19.04],[-63.848,-19.037],[-63.856,-19.037],[-63.862,-19.035],[-63.866,-19.038],[-63.872,-19.037],[-63.884,-19.029],[-63.89,-19.03],[-63.891,-19.034],[-63.895,-19.036],[-63.902,-19.032],[-63.904,-19.037],[-63.898,-19.042],[-63.897,-19.046],[-63.899,-19.047],[-63.905,-19.046],[-63.908,-19.048],[-63.911,-19.064],[-63.91,-19.084],[-63.911,-19.088],[-63.904,-19.096],[-63.906,-19.099],[-63.909,-19.099],[-63.91,-19.101],[-63.91,-19.103],[-63.906,-19.107],[-63.905,-19.111],[-63.908,-19.114],[-63.907,-19.118],[-63.91,-19.121],[-63.912,-19.127],[-63.914,-19.129],[-63.909,-19.133],[-63.913,-19.153],[-63.908,-19.156],[-63.907,-19.16],[-63.92,-19.17],[-63.925,-19.176],[-63.92,-19.179],[-63.919,-19.183],[-63.925,-19.184],[-63.93,-19.182],[-63.931,-19.178],[-63.934,-19.177],[-63.942,-19.178],[-63.945,-19.183],[-63.95,-19.176],[-63.953,-19.175],[-63.955,-19.177],[-63.961,-19.173],[-63.968,-19.179],[-63.972,-19.181],[-63.978,-19.179],[-63.995,-19.182],[-64.001,-19.18],[-64.004,-19.18],[-64.008,-19.176],[-64.009,-19.18],[-64.012,-19.179],[-64.017,-19.174],[-64.019,-19.167],[-64.024,-19.164],[-64.022,-19.16],[-64.023,-19.155],[-64.022,-19.153],[-64.024,-19.15],[-64.028,-19.15],[-64.03,-19.149],[-64.032,-19.132],[-64.039,-19.131],[-64.042,-19.128],[-64.041,-19.121],[-64.044,-19.118],[-64.041,-19.116],[-64.037,-19.117],[-64.032,-19.113],[-64.041,-19.106],[-64.041,-19.104],[-64.036,-19.101],[-64.036,-19.1],[-64.04,-19.098],[-64.043,-19.099],[-64.045,-19.097],[-64.045,-19.093],[-64.043,-19.088],[-64.044,-19.084],[-64.042,-19.079],[-64.05,-19.065],[-64.046,-19.058],[-64.052,-19.052],[-64.058,-19.049],[-64.055,-19.046],[-64.058,-19.042],[-64.053,-19.04],[-64.053,-19.038],[-64.058,-19.03],[-64.066,-19.027],[-64.063,-19.017],[-64.068,-19.005],[-64.078,-19.001],[-64.082,-18.996],[-64.09,-19.001],[-64.092,-18.995],[-64.09,-18.992],[-64.098,-18.99],[-64.1,-18.986],[-64.101,-18.976],[-64.103,-18.973],[-64.106,-18.973],[-64.111,-18.971],[-64.12,-18.972],[-64.123,-18.969],[-64.13,-18.964],[-64.141,-18.969],[-64.145,-18.967],[-64.153,-18.97],[-64.158,-18.967],[-64.159,-18.969],[-64.164,-18.969],[-64.172,-18.966],[-64.176,-18.958],[-64.185,-18.961],[-64.188,-18.952],[-64.192,-18.952],[-64.196,-18.948],[-64.194,-18.944],[-64.196,-18.939],[-64.197,-18.938],[-64.2,-18.939],[-64.202,-18.937],[-64.197,-18.927],[-64.197,-18.924],[-64.202,-18.917],[-64.2,-18.913],[-64.2,-18.908],[-64.206,-18.9],[-64.212,-18.896],[-64.214,-18.893],[-64.213,-18.882],[-64.217,-18.88],[-64.223,-18.878],[-64.223,-18.874],[-64.224,-18.869],[-64.229,-18.865],[-64.233,-18.859],[-64.239,-18.86],[-64.248,-18.845],[-64.253,-18.843],[-64.258,-18.837],[-64.264,-18.836],[-64.268,-18.838],[-64.277,-18.837],[-64.284,-18.828],[-64.29,-18.823],[-64.289,-18.819],[-64.283,-18.813],[-64.287,-18.786],[-64.292,-18.779],[-64.298,-18.766],[-64.303,-18.764],[-64.316,-18.761],[-64.318,-18.757],[-64.316,-18.754],[-64.311,-18.752],[-64.309,-18.75],[-64.318,-18.739],[-64.32,-18.727],[-64.312,-18.715],[-64.31,-18.702],[-64.31,-18.686],[-64.313,-18.677],[-64.311,-18.67],[-64.315,-18.668],[-64.325,-18.67],[-64.329,-18.665],[-64.325,-18.66],[-64.325,-18.657],[-64.319,-18.654],[-64.32,-18.651],[-64.318,-18.642],[-64.313,-18.646],[-64.31,-18.646],[-64.311,-18.642],[-64.315,-18.638],[-64.314,-18.635],[-64.317,-18.631],[-64.315,-18.626],[-64.31,-18.624],[-64.305,-18.624],[-64.305,-18.618],[-64.304,-18.616],[-64.298,-18.616],[-64.296,-18.611],[-64.294,-18.613],[-64.293,-18.616],[-64.291,-18.616],[-64.289,-18.613],[-64.288,-18.606],[-64.281,-18.6],[-64.28,-18.596],[-64.284,-18.595],[-64.286,-18.59],[-64.291,-18.588],[-64.292,-18.584],[-64.288,-18.581],[-64.287,-18.578],[-64.289,-18.569],[-64.297,-18.565],[-64.293,-18.56],[-64.296,-18.56],[-64.299,-18.558],[-64.298,-18.557],[-64.294,-18.556],[-64.291,-18.551],[-64.288,-18.556],[-64.285,-18.555],[-64.291,-18.544],[-64.288,-18.54],[-64.288,-18.538],[-64.292,-18.534],[-64.301,-18.533],[-64.298,-18.52],[-64.3,-18.518],[-64.303,-18.519],[-64.304,-18.518],[-64.304,-18.51],[-64.306,-18.505],[-64.303,-18.5],[-64.306,-18.496],[-64.307,-18.495],[-64.31,-18.497],[-64.318,-18.495],[-64.323,-18.499],[-64.325,-18.497],[-64.328,-18.489],[-64.335,-18.485],[-64.334,-18.478],[-64.335,-18.476],[-64.344,-18.474],[-64.35,-18.475],[-64.358,-18.468],[-64.362,-18.47],[-64.364,-18.464],[-64.37,-18.463],[-64.373,-18.46],[-64.381,-18.457],[-64.382,-18.453],[-64.392,-18.45],[-64.403,-18.451],[-64.405,-18.448],[-64.406,-18.445],[-64.411,-18.443],[-64.412,-18.437],[-64.417,-18.433],[-64.417,-18.431],[-64.419,-18.43],[-64.421,-18.423],[-64.428,-18.418],[-64.428,-18.414],[-64.427,-18.409],[-64.43,-18.405],[-64.433,-18.404],[-64.434,-18.4],[-64.429,-18.392],[-64.431,-18.385],[-64.429,-18.38],[-64.43,-18.376],[-64.432,-18.373],[-64.436,-18.372],[-64.44,-18.369],[-64.446,-18.375],[-64.448,-18.374],[-64.445,-18.366],[-64.44,-18.365],[-64.44,-18.359],[-64.444,-18.358],[-64.445,-18.356],[-64.441,-18.353],[-64.44,-18.348],[-64.437,-18.344],[-64.437,-18.341],[-64.434,-18.339],[-64.434,-18.336],[-64.439,-18.329],[-64.445,-18.328],[-64.446,-18.325],[-64.451,-18.327],[-64.453,-18.323],[-64.459,-18.325],[-64.461,-18.319],[-64.463,-18.321],[-64.461,-18.323],[-64.463,-18.324],[-64.471,-18.312],[-64.467,-18.31],[-64.464,-18.306],[-64.464,-18.305],[-64.471,-18.304],[-64.473,-18.301],[-64.473,-18.295],[-64.484,-18.295],[-64.485,-18.294],[-64.484,-18.284],[-64.48,-18.279],[-64.483,-18.272],[-64.485,-18.271],[-64.489,-18.273],[-64.489,-18.27],[-64.486,-18.269],[-64.482,-18.261],[-64.485,-18.261],[-64.489,-18.256],[-64.491,-18.24],[-64.494,-18.237],[-64.492,-18.234],[-64.497,-18.236],[-64.5,-18.232],[-64.497,-18.227],[-64.501,-18.225],[-64.502,-18.222],[-64.499,-18.216],[-64.497,-18.215],[-64.497,-18.213],[-64.504,-18.205],[-64.509,-18.203],[-64.51,-18.199],[-64.514,-18.199],[-64.514,-18.198],[-64.508,-18.192],[-64.508,-18.189],[-64.512,-18.185],[-64.514,-18.186],[-64.523,-18.181],[-64.522,-18.176],[-64.52,-18.172],[-64.526,-18.165],[-64.526,-18.163],[-64.522,-18.162],[-64.522,-18.16],[-64.529,-18.16],[-64.53,-18.158],[-64.528,-18.158],[-64.53,-18.155],[-64.537,-18.153],[-64.539,-18.15],[-64.538,-18.147],[-64.543,-18.139],[-64.546,-18.136],[-64.55,-18.136],[-64.556,-18.132],[-64.558,-18.13],[-64.56,-18.125],[-64.573,-18.121],[-64.579,-18.115],[-64.583,-18.115],[-64.596,-18.108],[-64.604,-18.109],[-64.607,-18.104],[-64.61,-18.104],[-64.611,-18.096],[-64.616,-18.093],[-64.621,-18.096],[-64.624,-18.094],[-64.626,-18.097],[-64.635,-18.096],[-64.639,-18.099],[-64.643,-18.1],[-64.645,-18.103],[-64.655,-18.1],[-64.661,-18.104],[-64.666,-18.105],[-64.67,-18.1],[-64.679,-18.101],[-64.682,-18.099],[-64.686,-18.1],[-64.692,-18.099],[-64.694,-18.094],[-64.698,-18.093],[-64.701,-18.087],[-64.706,-18.085],[-64.71,-18.081],[-64.711,-18.078],[-64.711,-18.073],[-64.713,-18.072],[-64.714,-18.074],[-64.716,-18.072],[-64.714,-18.066],[-64.719,-18.061],[-64.716,-18.057],[-64.715,-18.05],[-64.717,-18.046],[-64.717,-18.043],[-64.718,-18.042],[-64.72,-18.044],[-64.725,-18.041],[-64.734,-18.038],[-64.737,-18.039],[-64.747,-18.027],[-64.75,-18.017],[-64.754,-18.015],[-64.763,-18.001],[-64.767,-17.99],[-64.766,-17.985],[-64.771,-17.982],[-64.774,-17.977],[-64.777,-17.981],[-64.78,-17.979],[-64.783,-17.982],[-64.783,-17.98],[-64.785,-17.979],[-64.786,-17.975],[-64.796,-17.968],[-64.799,-17.964],[-64.799,-17.958],[-64.804,-17.953],[-64.807,-17.947],[-64.811,-17.945],[-64.787,-17.933],[-64.795,-17.916],[-64.802,-17.898],[-64.806,-17.893],[-64.792,-17.845],[-64.778,-17.83],[-64.777,-17.826],[-64.774,-17.821],[-64.774,-17.816],[-64.778,-17.812],[-64.775,-17.808],[-64.763,-17.775],[-64.756,-17.75],[-64.753,-17.747],[-64.751,-17.742],[-64.746,-17.736],[-64.74,-17.737],[-64.732,-17.736],[-64.729,-17.734],[-64.718,-17.733],[-64.713,-17.732],[-64.705,-17.722],[-64.705,-17.718],[-64.702,-17.716],[-64.699,-17.715],[-64.688,-17.719],[-64.682,-17.716],[-64.674,-17.716],[-64.67,-17.714],[-64.659,-17.717],[-64.652,-17.714],[-64.648,-17.709],[-64.64,-17.708],[-64.639,-17.705],[-64.642,-17.704],[-64.64,-17.701],[-64.64,-17.695],[-64.642,-17.687],[-64.641,-17.683],[-64.642,-17.681],[-64.64,-17.679],[-64.641,-17.676],[-64.639,-17.675],[-64.636,-17.67],[-64.633,-17.67],[-64.63,-17.666],[-64.627,-17.659],[-64.625,-17.659],[-64.621,-17.663],[-64.617,-17.664],[-64.614,-17.659],[-64.614,-17.651],[-64.602,-17.641],[-64.602,-17.636],[-64.597,-17.635],[-64.594,-17.627],[-64.595,-17.624],[-64.592,-17.619],[-64.591,-17.613],[-64.592,-17.607],[-64.588,-17.601],[-64.592,-17.598],[-64.594,-17.593],[-64.599,-17.59],[-64.6,-17.573],[-64.603,-17.565],[-64.602,-17.557],[-64.585,-17.556],[-64.562,-17.564],[-64.55,-17.566],[-64.546,-17.561],[-64.544,-17.554],[-64.532,-17.548],[-64.526,-17.54],[-64.522,-17.54],[-64.52,-17.534],[-64.515,-17.538],[-64.514,-17.543],[-64.509,-17.548],[-64.506,-17.55],[-64.505,-17.552],[-64.501,-17.553],[-64.499,-17.555],[-64.496,-17.553],[-64.489,-17.56],[-64.483,-17.557],[-64.481,-17.558],[-64.478,-17.56],[-64.474,-17.559],[-64.467,-17.564],[-64.432,-17.56],[-64.429,-17.549],[-64.43,-17.54],[-64.424,-17.537],[-64.424,-17.535],[-64.428,-17.528],[-64.428,-17.523],[-64.416,-17.521],[-64.411,-17.519],[-64.409,-17.516],[-64.411,-17.509],[-64.409,-17.506],[-64.411,-17.504],[-64.409,-17.503],[-64.409,-17.498],[-64.407,-17.497],[-64.406,-17.495],[-64.403,-17.496],[-64.401,-17.494],[-64.401,-17.487],[-64.404,-17.48],[-64.406,-17.478],[-64.406,-17.471],[-64.405,-17.467],[-64.402,-17.467],[-64.4,-17.464],[-64.405,-17.457],[-64.406,-17.453],[-64.401,-17.454],[-64.399,-17.451],[-64.397,-17.451],[-64.391,-17.456],[-64.384,-17.457],[-64.378,-17.455],[-64.376,-17.453],[-64.373,-17.453],[-64.37,-17.446],[-64.368,-17.445],[-64.366,-17.444],[-64.357,-17.445],[-64.357,-17.442],[-64.362,-17.442],[-64.362,-17.44],[-64.36,-17.438],[-64.358,-17.434],[-64.357,-17.438],[-64.355,-17.438],[-64.353,-17.434],[-64.353,-17.429],[-64.349,-17.423],[-64.34,-17.428],[-64.335,-17.426],[-64.334,-17.423],[-64.324,-17.422],[-64.316,-17.427],[-64.314,-17.433],[-64.306,-17.437],[-64.296,-17.437],[-64.29,-17.433],[-64.282,-17.425],[-64.275,-17.423],[-64.269,-17.425],[-64.261,-17.423],[-64.255,-17.426],[-64.254,-17.423],[-64.258,-17.417],[-64.254,-17.416],[-64.253,-17.413],[-64.249,-17.412],[-64.249,-17.411],[-64.254,-17.406],[-64.254,-17.403],[-64.243,-17.399],[-64.234,-17.374],[-64.238,-17.367],[-64.237,-17.362],[-64.239,-17.361],[-64.237,-17.35],[-64.241,-17.343],[-64.24,-17.34],[-64.242,-17.339],[-64.241,-17.336],[-64.245,-17.331],[-64.241,-17.326],[-64.242,-17.322],[-64.239,-17.318],[-64.245,-17.318],[-64.246,-17.31],[-64.248,-17.307],[-64.246,-17.305],[-64.247,-17.302],[-64.258,-17.296],[-64.261,-17.297],[-64.262,-17.299],[-64.265,-17.299],[-64.266,-17.297],[-64.265,-17.294],[-64.267,-17.292],[-64.271,-17.294],[-64.275,-17.291],[-64.279,-17.291],[-64.275,-17.285],[-64.281,-17.284],[-64.284,-17.281],[-64.285,-17.276],[-64.282,-17.268],[-64.284,-17.265],[-64.296,-17.263],[-64.306,-17.257],[-64.31,-17.259],[-64.312,-17.262],[-64.311,-17.265],[-64.302,-17.272],[-64.301,-17.277],[-64.304,-17.278],[-64.311,-17.274],[-64.312,-17.268],[-64.315,-17.265],[-64.33,-17.262],[-64.337,-17.265],[-64.34,-17.264],[-64.34,-17.252],[-64.337,-17.244],[-64.334,-17.243],[-64.325,-17.245],[-64.321,-17.241],[-64.323,-17.237],[-64.333,-17.234],[-64.336,-17.232],[-64.337,-17.224],[-64.333,-17.214],[-64.336,-17.208],[-64.344,-17.21],[-64.353,-17.214],[-64.355,-17.221],[-64.353,-17.228],[-64.353,-17.23],[-64.356,-17.231],[-64.371,-17.23],[-64.371,-17.226],[-64.366,-17.216],[-64.368,-17.209],[-64.375,-17.202],[-64.375,-17.2],[-64.373,-17.197],[-64.36,-17.199],[-64.359,-17.198],[-64.356,-17.192],[-64.357,-17.187],[-64.359,-17.185],[-64.364,-17.184],[-64.375,-17.189],[-64.385,-17.174],[-64.398,-17.176],[-64.4,-17.173],[-64.399,-17.169],[-64.387,-17.165],[-64.386,-17.161],[-64.388,-17.156],[-64.392,-17.153],[-64.395,-17.154],[-64.401,-17.161],[-64.405,-17.163],[-64.409,-17.161],[-64.41,-17.156],[-64.407,-17.152],[-64.405,-17.15],[-64.392,-17.149],[-64.391,-17.145],[-64.395,-17.141],[-64.399,-17.139],[-64.402,-17.14],[-64.407,-17.149],[-64.411,-17.151],[-64.414,-17.15],[-64.419,-17.141],[-64.424,-17.141],[-64.425,-17.155],[-64.428,-17.159],[-64.433,-17.159],[-64.435,-17.154],[-64.435,-17.148],[-64.43,-17.138],[-64.432,-17.133],[-64.435,-17.13],[-64.44,-17.131],[-64.448,-17.14],[-64.451,-17.142],[-64.457,-17.141],[-64.46,-17.135],[-64.464,-17.133],[-64.469,-17.134],[-64.477,-17.138],[-64.487,-17.135],[-64.49,-17.131],[-64.488,-17.127],[-64.478,-17.123],[-64.477,-17.12],[-64.477,-17.118],[-64.481,-17.114],[-64.498,-17.103],[-64.5,-17.091],[-64.504,-17.09],[-64.508,-17.091],[-64.519,-17.099],[-64.536,-17.089],[-64.548,-17.09],[-64.55,-17.087],[-64.547,-17.079],[-64.543,-17.074],[-64.534,-17.072],[-64.528,-17.064],[-64.517,-17.064],[-64.516,-17.063],[-64.516,-17.06],[-64.519,-17.057],[-64.535,-17.057],[-64.544,-17.055],[-64.547,-17.055],[-64.55,-17.058],[-64.549,-17.068],[-64.553,-17.07],[-64.56,-17.066],[-64.566,-17.059],[-64.568,-17.058],[-64.577,-17.06],[-64.581,-17.056],[-64.579,-17.051],[-64.573,-17.049],[-64.564,-17.04],[-64.565,-17.036],[-64.57,-17.033],[-64.575,-17.033],[-64.582,-17.041],[-64.585,-17.044],[-64.586,-17.05],[-64.588,-17.054],[-64.593,-17.054],[-64.599,-17.047],[-64.609,-17.044],[-64.611,-17.042],[-64.612,-17.038],[-64.609,-17.035],[-64.606,-17.035],[-64.599,-17.038],[-64.593,-17.042],[-64.59,-17.042],[-64.588,-17.041],[-64.587,-17.036],[-64.594,-17.031],[-64.604,-17.026],[-64.61,-17.028],[-64.613,-17.035],[-64.618,-17.035],[-64.62,-17.033],[-64.621,-17.028],[-64.616,-17.019],[-64.618,-17.015],[-64.62,-17.014],[-64.626,-17.018],[-64.629,-17.023],[-64.628,-17.028],[-64.625,-17.032],[-64.626,-17.036],[-64.634,-17.039],[-64.639,-17.037],[-64.642,-17.031],[-64.64,-17.02],[-64.638,-17.017],[-64.628,-17.013],[-64.627,-17.008],[-64.629,-17.005],[-64.638,-17.005],[-64.644,-17.008],[-64.651,-17.008],[-64.659,-17.002],[-64.662,-17.002],[-64.664,-17.003],[-64.666,-17.007],[-64.663,-17.013],[-64.664,-17.016],[-64.673,-17.013],[-64.68,-17.018],[-64.687,-17.019],[-64.691,-17.015],[-64.69,-17.009],[-64.691,-17.0],[-64.69,-16.996],[-64.685,-16.995],[-64.681,-16.999],[-64.675,-17.0],[-64.672,-16.997],[-64.672,-16.994],[-64.676,-16.989],[-64.682,-16.986],[-64.691,-16.984],[-64.696,-16.985],[-64.698,-16.988],[-64.698,-16.991],[-64.695,-16.996],[-64.695,-16.999],[-64.701,-17.002],[-64.705,-17.003],[-64.707,-17.002],[-64.71,-16.991],[-64.708,-16.986],[-64.698,-16.983],[-64.693,-16.98],[-64.69,-16.97],[-64.686,-16.969],[-64.683,-16.97],[-64.68,-16.977],[-64.677,-16.979],[-64.673,-16.977],[-64.675,-16.971],[-64.691,-16.961],[-64.698,-16.954],[-64.704,-16.952],[-64.707,-16.956],[-64.704,-16.967],[-64.705,-16.97],[-64.709,-16.972],[-64.712,-16.971],[-64.717,-16.967],[-64.719,-16.962],[-64.717,-16.959],[-64.709,-16.953],[-64.709,-16.946],[-64.71,-16.944],[-64.713,-16.942],[-64.716,-16.942],[-64.723,-16.952],[-64.729,-16.954],[-64.736,-16.952],[-64.739,-16.946],[-64.747,-16.942],[-64.747,-16.94],[-64.739,-16.941],[-64.735,-16.938],[-64.735,-16.932],[-64.739,-16.928],[-64.736,-16.923],[-64.732,-16.924],[-64.726,-16.929],[-64.723,-16.93],[-64.72,-16.926],[-64.722,-16.921],[-64.732,-16.915],[-64.736,-16.914],[-64.742,-16.92],[-64.748,-16.919],[-64.75,-16.917],[-64.75,-16.912],[-64.744,-16.904],[-64.738,-16.902],[-64.733,-16.902],[-64.728,-16.899],[-64.729,-16.893],[-64.732,-16.888],[-64.735,-16.886],[-64.74,-16.886],[-64.744,-16.894],[-64.751,-16.898],[-64.757,-16.897],[-64.761,-16.891],[-64.758,-16.886],[-64.748,-16.883],[-64.738,-16.878],[-64.736,-16.872],[-64.737,-16.868],[-64.742,-16.866],[-64.745,-16.866],[-64.755,-16.875],[-64.761,-16.877],[-64.765,-16.877],[-64.77,-16.873],[-64.769,-16.868],[-64.766,-16.866],[-64.742,-16.861],[-64.74,-16.858],[-64.74,-16.855],[-64.743,-16.852],[-64.745,-16.852],[-64.754,-16.853],[-64.759,-16.852],[-64.763,-16.855],[-64.767,-16.861],[-64.769,-16.861],[-64.778,-16.853],[-64.789,-16.845],[-64.791,-16.842],[-64.793,-16.824],[-64.79,-16.818],[-64.781,-16.813],[-64.779,-16.805],[-64.781,-16.8],[-64.789,-16.796],[-64.798,-16.798],[-64.802,-16.797],[-64.804,-16.792],[-64.805,-16.785],[-64.809,-16.78],[-64.815,-16.776],[-64.817,-16.771],[-64.816,-16.769],[-64.812,-16.767],[-64.808,-16.768],[-64.802,-16.774],[-64.797,-16.774],[-64.794,-16.768],[-64.796,-16.764],[-64.802,-16.762],[-64.807,-16.762],[-64.818,-16.767],[-64.831,-16.776],[-64.834,-16.775],[-64.836,-16.773],[-64.83,-16.761],[-64.83,-16.756],[-64.834,-16.749],[-64.841,-16.746],[-64.842,-16.74],[-64.84,-16.734],[-64.832,-16.725],[-64.824,-16.725],[-64.814,-16.732],[-64.804,-16.735],[-64.8,-16.739],[-64.797,-16.747],[-64.793,-16.75],[-64.788,-16.749],[-64.784,-16.745],[-64.78,-16.73],[-64.782,-16.722],[-64.79,-16.716],[-64.8,-16.715],[-64.806,-16.711],[-64.809,-16.707],[-64.81,-16.7],[-64.807,-16.695],[-64.793,-16.691],[-64.787,-16.686],[-64.784,-16.679],[-64.783,-16.661],[-64.78,-16.656],[-64.773,-16.654],[-64.768,-16.658],[-64.767,-16.665],[-64.774,-16.681],[-64.773,-16.685],[-64.769,-16.687],[-64.763,-16.686],[-64.759,-16.682],[-64.758,-16.679],[-64.758,-16.669],[-64.755,-16.657],[-64.757,-16.653],[-64.772,-16.637],[-64.787,-16.636],[-64.789,-16.635],[-64.791,-16.631],[-64.781,-16.613],[-64.778,-16.611],[-64.765,-16.605],[-64.75,-16.593],[-64.749,-16.59],[-64.747,-16.582],[-64.75,-16.556],[-64.754,-16.553],[-64.759,-16.554],[-64.761,-16.551],[-64.757,-16.545],[-64.752,-16.541],[-64.743,-16.538],[-64.74,-16.534],[-64.742,-16.525],[-64.75,-16.518],[-64.751,-16.513],[-64.746,-16.507],[-64.74,-16.505],[-64.723,-16.508],[-64.72,-16.51],[-64.719,-16.514],[-64.726,-16.526],[-64.726,-16.529],[-64.723,-16.534],[-64.721,-16.535],[-64.711,-16.536],[-64.706,-16.532],[-64.701,-16.516],[-64.703,-16.511],[-64.711,-16.503],[-64.711,-16.496],[-64.708,-16.493],[-64.693,-16.49],[-64.689,-16.487],[-64.688,-16.485],[-64.688,-16.482],[-64.692,-16.48],[-64.697,-16.481],[-64.705,-16.486],[-64.71,-16.486],[-64.712,-16.482],[-64.711,-16.475],[-64.709,-16.472],[-64.703,-16.468],[-64.697,-16.469],[-64.692,-16.471],[-64.682,-16.479],[-64.677,-16.479],[-64.674,-16.476],[-64.673,-16.474],[-64.676,-16.464],[-64.686,-16.452],[-64.688,-16.447],[-64.687,-16.442],[-64.678,-16.436],[-64.677,-16.432],[-64.681,-16.427],[-64.695,-16.425],[-64.698,-16.422],[-64.699,-16.418],[-64.696,-16.414],[-64.683,-16.411],[-64.679,-16.408],[-64.656,-16.378],[-64.656,-16.375],[-64.66,-16.372],[-64.665,-16.371],[-64.686,-16.379],[-64.693,-16.379],[-64.696,-16.376],[-64.696,-16.374],[-64.693,-16.368],[-64.687,-16.365],[-64.687,-16.36],[-64.692,-16.356],[-64.701,-16.357],[-64.706,-16.355],[-64.709,-16.351],[-64.709,-16.346],[-64.706,-16.343],[-64.702,-16.343],[-64.685,-16.349],[-64.679,-16.354],[-64.677,-16.363],[-64.674,-16.365],[-64.666,-16.358],[-64.667,-16.341],[-64.665,-16.336],[-64.658,-16.33],[-64.648,-16.329],[-64.645,-16.326],[-64.644,-16.321],[-64.646,-16.316],[-64.651,-16.315],[-64.656,-16.316],[-64.672,-16.324],[-64.678,-16.324],[-64.68,-16.321],[-64.678,-16.315],[-64.674,-16.31],[-64.664,-16.305],[-64.65,-16.3],[-64.647,-16.299],[-64.647,-16.296],[-64.65,-16.291],[-64.655,-16.288],[-64.671,-16.286],[-64.678,-16.286],[-64.681,-16.288],[-64.688,-16.296],[-64.69,-16.296],[-64.693,-16.293],[-64.693,-16.286],[-64.684,-16.273],[-64.673,-16.261],[-64.665,-16.257],[-64.666,-16.25],[-64.666,-16.242],[-64.667,-16.24],[-64.674,-16.24],[-64.677,-16.236],[-64.672,-16.224],[-64.67,-16.208],[-64.671,-16.205],[-64.683,-16.201],[-64.704,-16.192],[-64.707,-16.19],[-64.708,-16.186],[-64.707,-16.182],[-64.7,-16.177],[-64.695,-16.169],[-64.691,-16.171],[-64.694,-16.181],[-64.692,-16.184],[-64.688,-16.186],[-64.684,-16.185],[-64.682,-16.181],[-64.682,-16.17],[-64.674,-16.154],[-64.672,-16.142],[-64.674,-16.137],[-64.683,-16.129],[-64.685,-16.125],[-64.683,-16.122],[-64.675,-16.118],[-64.672,-16.115],[-64.669,-16.107],[-64.663,-16.097],[-64.668,-16.094],[-64.678,-16.099],[-64.682,-16.103],[-64.683,-16.114],[-64.686,-16.117],[-64.689,-16.116],[-64.698,-16.111],[-64.7,-16.107],[-64.697,-16.102],[-64.689,-16.098],[-64.688,-16.094],[-64.692,-16.09],[-64.698,-16.088],[-64.708,-16.089],[-64.715,-16.082],[-64.727,-16.081],[-64.727,-16.078],[-64.722,-16.072],[-64.719,-16.069],[-64.712,-16.066],[-64.708,-16.066],[-64.703,-16.07],[-64.7,-16.076],[-64.701,-16.082],[-64.699,-16.086],[-64.697,-16.087],[-64.693,-16.085],[-64.69,-16.081],[-64.691,-16.076],[-64.695,-16.068],[-64.693,-16.054],[-64.697,-16.053],[-64.699,-16.054],[-64.705,-16.061],[-64.71,-16.064],[-64.714,-16.063],[-64.716,-16.059],[-64.702,-16.035],[-64.702,-16.029],[-64.714,-16.024],[-64.719,-16.018],[-64.723,-16.017],[-64.726,-16.02],[-64.726,-16.022],[-64.72,-16.028],[-64.72,-16.034],[-64.724,-16.039],[-64.727,-16.039],[-64.732,-16.037],[-64.733,-16.034],[-64.731,-16.019],[-64.727,-16.012],[-64.723,-16.01],[-64.716,-16.009],[-64.706,-16.013],[-64.702,-16.012],[-64.701,-16.007],[-64.702,-16.005],[-64.709,-16.001],[-64.718,-16.001],[-64.727,-16.006],[-64.731,-16.006],[-64.734,-16.003],[-64.734,-15.996],[-64.732,-15.993],[-64.711,-15.978],[-64.71,-15.968],[-64.714,-15.963],[-64.72,-15.963],[-64.724,-15.969],[-64.725,-15.98],[-64.729,-15.982],[-64.74,-15.982],[-64.742,-15.979],[-64.733,-15.97],[-64.726,-15.956],[-64.727,-15.951],[-64.733,-15.949],[-64.754,-15.953],[-64.756,-15.95],[-64.755,-15.942],[-64.751,-15.926],[-64.746,-15.922],[-64.735,-15.923],[-64.73,-15.92],[-64.73,-15.918],[-64.73,-15.911],[-64.733,-15.908],[-64.747,-15.897],[-64.746,-15.891],[-64.74,-15.892],[-64.732,-15.902],[-64.729,-15.903],[-64.725,-15.902],[-64.723,-15.897],[-64.73,-15.879],[-64.736,-15.875],[-64.749,-15.871],[-64.751,-15.867],[-64.75,-15.861],[-64.745,-15.852],[-64.743,-15.838],[-64.733,-15.826],[-64.73,-15.82],[-64.729,-15.814],[-64.73,-15.802]]]}},{"type":"Feature","properties":{"shapeName":"Tarija"},"geometry":{"type":"Polygon","coordinates":[[[-65.25,-21.482],[-65.247,-21.481],[-65.246,-21.478],[-65.249,-21.469],[-65.242,-21.462],[-65.244,-21.453],[-65.241,-21.448],[-65.244,-21.439],[-65.243,-21.431],[-65.235,-21.425],[-65.237,-21.415],[-65.235,-21.409],[-65.237,-21.407],[-65.237,-21.405],[-65.23,-21.402],[-65.231,-21.396],[-65.234,-21.392],[-65.233,-21.388],[-65.23,-21.386],[-65.233,-21.383],[-65.231,-21.375],[-65.232,-21.367],[-65.227,-21.36],[-65.227,-21.357],[-65.225,-21.356],[-65.225,-21.353],[-65.223,-21.351],[-65.228,-21.346],[-65.227,-21.34],[-65.228,-21.336],[-65.226,-21.335],[-65.221,-21.337],[-65.22,-21.335],[-65.222,-21.328],[-65.225,-21.326],[-65.224,-21.323],[-65.217,-21.32],[-65.219,-21.315],[-65.216,-21.312],[-65.218,-21.308],[-65.217,-21.304],[-65.219,-21.301],[-65.213,-21.296],[-65.212,-21.292],[-65.217,-21.286],[-65.214,-21.279],[-65.216,-21.273],[-65.22,-21.269],[-65.22,-21.263],[-65.217,-21.263],[-65.216,-21.261],[-65.218,-21.258],[-65.223,-21.258],[-65.224,-21.256],[-65.223,-21.253],[-65.22,-21.252],[-65.214,-21.258],[-65.211,-21.255],[-65.214,-21.246],[-65.206,-21.24],[-65.212,-21.236],[-65.211,-21.232],[-65.206,-21.223],[-65.2,-21.221],[-65.201,-21.213],[-65.205,-21.211],[-65.206,-21.208],[-65.2,-21.204],[-65.207,-21.195],[-65.212,-21.194],[-65.212,-21.192],[-65.203,-21.181],[-65.205,-21.178],[-65.205,-21.175],[-65.196,-21.171],[-65.19,-21.164],[-65.188,-21.16],[-65.191,-21.157],[-65.191,-21.152],[-65.195,-21.149],[-65.194,-21.146],[-65.19,-21.144],[-65.19,-21.14],[-65.193,-21.138],[-65.198,-21.142],[-65.2,-21.14],[-65.199,-21.128],[-65.201,-21.122],[-65.198,-21.115],[-65.199,-21.109],[-65.197,-21.102],[-65.202,-21.097],[-65.199,-21.092],[-65.203,-21.084],[-65.201,-21.08],[-65.202,-21.071],[-65.199,-21.066],[-65.2,-21.062],[-65.196,-21.049],[-65.198,-21.047],[-65.197,-21.045],[-65.198,-21.041],[-65.196,-21.032],[-65.197,-21.029],[-65.193,-21.025],[-65.193,-21.021],[-65.188,-21.013],[-65.192,-21.006],[-65.19,-21.001],[-65.192,-20.998],[-65.192,-20.984],[-65.187,-20.98],[-65.189,-20.976],[-65.188,-20.971],[-65.187,-20.97],[-65.186,-20.968],[-65.184,-20.966],[-65.185,-20.961],[-65.182,-20.959],[-65.179,-20.955],[-65.178,-20.954],[-65.176,-20.957],[-65.174,-20.956],[-65.177,-20.952],[-65.176,-20.95],[-65.172,-20.948],[-65.169,-20.95],[-65.166,-20.95],[-65.163,-20.945],[-65.158,-20.946],[-65.159,-20.949],[-65.157,-20.953],[-65.157,-20.958],[-65.152,-20.964],[-65.151,-20.964],[-65.15,-20.96],[-65.15,-20.956],[-65.148,-20.953],[-65.143,-20.957],[-65.141,-20.965],[-65.134,-20.964],[-65.129,-20.957],[-65.124,-20.964],[-65.125,-20.969],[-65.119,-20.969],[-65.114,-20.971],[-65.111,-20.969],[-65.109,-20.97],[-65.108,-20.973],[-65.112,-20.974],[-65.115,-20.978],[-65.113,-20.982],[-65.099,-20.976],[-65.1,-20.974],[-65.103,-20.974],[-65.105,-20.973],[-65.101,-20.969],[-65.097,-20.969],[-65.094,-20.976],[-65.089,-20.977],[-65.086,-20.974],[-65.089,-20.966],[-65.087,-20.963],[-65.082,-20.96],[-65.078,-20.964],[-65.074,-20.965],[-65.073,-20.959],[-65.07,-20.959],[-65.069,-20.971],[-65.065,-20.971],[-65.062,-20.973],[-65.063,-20.981],[-65.057,-20.98],[-65.059,-20.987],[-65.053,-20.993],[-65.054,-20.997],[-65.048,-21.0],[-65.045,-20.999],[-65.044,-21.0],[-65.045,-21.004],[-65.049,-21.004],[-65.051,-21.005],[-65.051,-21.009],[-65.044,-21.008],[-65.04,-21.014],[-65.033,-21.014],[-65.029,-21.017],[-65.026,-21.017],[-65.026,-21.015],[-65.031,-21.01],[-65.032,-21.007],[-65.028,-21.007],[-65.022,-21.012],[-65.022,-21.017],[-65.028,-21.026],[-65.027,-21.028],[-65.021,-21.025],[-65.019,-21.021],[-65.018,-21.02],[-65.015,-21.021],[-65.013,-21.029],[-65.0,-21.026],[-65.0,-21.024],[-65.005,-21.02],[-65.004,-21.016],[-65.001,-21.014],[-64.999,-21.021],[-64.992,-21.02],[-64.992,-21.011],[-64.988,-21.008],[-64.986,-21.009],[-64.986,-21.016],[-64.979,-21.016],[-64.977,-21.017],[-64.974,-21.016],[-64.97,-21.021],[-64.97,-21.023],[-64.976,-21.023],[-64.977,-21.027],[-64.967,-21.027],[-64.963,-21.031],[-64.96,-21.029],[-64.96,-21.024],[-64.956,-21.024],[-64.955,-21.026],[-64.954,-21.034],[-64.949,-21.032],[-64.947,-21.033],[-64.95,-21.042],[-64.944,-21.038],[-64.941,-21.038],[-64.944,-21.034],[-64.944,-21.028],[-64.945,-21.026],[-64.944,-21.024],[-64.942,-21.024],[-64.939,-21.027],[-64.934,-21.027],[-64.926,-21.033],[-64.926,-21.04],[-64.924,-21.044],[-64.925,-21.053],[-64.919,-21.059],[-64.912,-21.059],[-64.905,-21.055],[-64.9,-21.055],[-64.89,-21.057],[-64.884,-21.064],[-64.89,-21.067],[-64.895,-21.068],[-64.895,-21.073],[-64.886,-21.078],[-64.881,-21.079],[-64.868,-21.079],[-64.852,-21.09],[-64.85,-21.093],[-64.854,-21.096],[-64.856,-21.102],[-64.856,-21.106],[-64.854,-21.106],[-64.845,-21.105],[-64.836,-21.106],[-64.836,-21.103],[-64.839,-21.096],[-64.839,-21.094],[-64.837,-21.093],[-64.818,-21.093],[-64.81,-21.094],[-64.804,-21.097],[-64.798,-21.095],[-64.797,-21.086],[-64.79,-21.076],[-64.792,-21.068],[-64.788,-21.062],[-64.778,-21.061],[-64.774,-21.055],[-64.776,-21.048],[-64.778,-21.047],[-64.779,-21.044],[-64.782,-21.043],[-64.782,-21.038],[-64.779,-21.03],[-64.771,-21.027],[-64.77,-21.026],[-64.768,-21.021],[-64.771,-21.016],[-64.769,-21.015],[-64.766,-21.007],[-64.76,-21.001],[-64.76,-20.998],[-64.757,-20.994],[-64.757,-20.988],[-64.757,-20.985],[-64.762,-20.983],[-64.761,-20.98],[-64.74,-20.973],[-64.734,-20.967],[-64.735,-20.962],[-64.734,-20.953],[-64.728,-20.941],[-64.72,-20.937],[-64.715,-20.937],[-64.712,-20.935],[-64.699,-20.931],[-64.693,-20.935],[-64.691,-20.939],[-64.687,-20.941],[-64.678,-20.943],[-64.667,-20.941],[-64.66,-20.944],[-64.655,-20.949],[-64.654,-20.954],[-64.651,-20.955],[-64.645,-20.955],[-64.643,-20.967],[-64.638,-20.971],[-64.627,-20.976],[-64.624,-20.98],[-64.62,-20.982],[-64.615,-20.978],[-64.605,-20.982],[-64.601,-20.991],[-64.602,-20.996],[-64.599,-21.002],[-64.592,-21.008],[-64.588,-21.005],[-64.585,-21.007],[-64.585,-21.016],[-64.579,-21.019],[-64.581,-21.025],[-64.577,-21.033],[-64.575,-21.033],[-64.572,-21.031],[-64.568,-21.034],[-64.568,-21.043],[-64.562,-21.053],[-64.557,-21.056],[-64.555,-21.063],[-64.549,-21.068],[-64.546,-21.081],[-64.544,-21.083],[-64.539,-21.082],[-64.536,-21.084],[-64.537,-21.09],[-64.531,-21.092],[-64.527,-21.098],[-64.523,-21.098],[-64.521,-21.097],[-64.517,-21.099],[-64.512,-21.1],[-64.505,-21.095],[-64.496,-21.096],[-64.492,-21.092],[-64.485,-21.093],[-64.482,-21.092],[-64.48,-21.091],[-64.48,-21.086],[-64.474,-21.085],[-64.468,-21.087],[-64.457,-21.083],[-64.455,-21.085],[-64.451,-21.085],[-64.444,-21.088],[-64.442,-21.093],[-64.435,-21.097],[-64.434,-21.1],[-64.43,-21.103],[-64.423,-21.102],[-64.419,-21.099],[-64.414,-21.1],[-64.413,-21.109],[-64.407,-21.11],[-64.4,-21.114],[-64.399,-21.119],[-64.394,-21.12],[-64.391,-21.124],[-64.384,-21.127],[-64.38,-21.136],[-64.376,-21.136],[-64.364,-21.143],[-64.343,-21.146],[-64.337,-21.141],[-64.33,-21.142],[-64.323,-21.136],[-64.314,-21.135],[-64.311,-21.137],[-64.306,-21.134],[-64.297,-21.135],[-64.29,-21.132],[-64.287,-21.134],[-64.282,-21.133],[-64.276,-21.135],[-64.273,-21.138],[-64.27,-21.137],[-64.267,-21.138],[-64.262,-21.139],[-64.257,-21.143],[-64.247,-21.145],[-64.245,-21.149],[-64.23,-21.152],[-64.222,-21.149],[-64.219,-21.144],[-64.211,-21.14],[-64.201,-21.139],[-64.203,-21.135],[-64.2,-21.128],[-64.202,-21.122],[-64.198,-21.119],[-64.199,-21.113],[-64.196,-21.109],[-64.189,-21.091],[-64.193,-21.084],[-64.194,-21.078],[-64.196,-21.07],[-64.2,-21.066],[-64.2,-21.062],[-64.195,-21.057],[-64.194,-21.05],[-64.195,-21.044],[-64.199,-21.042],[-64.2,-21.037],[-64.199,-21.034],[-64.187,-21.033],[-64.18,-21.029],[-64.18,-21.027],[-64.183,-21.024],[-64.182,-21.021],[-64.185,-21.015],[-64.188,-21.011],[-64.193,-21.01],[-64.196,-21.005],[-64.186,-21.004],[-64.186,-21.001],[-64.184,-20.993],[-64.185,-20.989],[-64.193,-20.985],[-64.19,-20.978],[-64.191,-20.97],[-64.19,-20.968],[-64.184,-20.967],[-64.181,-20.961],[-64.183,-20.957],[-64.185,-20.956],[-64.195,-20.96],[-64.197,-20.959],[-64.198,-20.957],[-64.19,-20.953],[-64.187,-20.949],[-64.188,-20.944],[-64.182,-20.941],[-64.183,-20.936],[-64.187,-20.934],[-64.187,-20.931],[-64.181,-20.919],[-64.183,-20.913],[-64.181,-20.908],[-64.177,-20.904],[-64.175,-20.898],[-64.181,-20.89],[-64.179,-20.887],[-64.173,-20.886],[-64.16,-20.887],[-64.158,-20.889],[-64.158,-20.896],[-64.161,-20.901],[-64.16,-20.904],[-64.156,-20.906],[-64.145,-20.923],[-64.139,-20.919],[-64.132,-20.922],[-64.131,-20.925],[-64.124,-20.926],[-64.122,-20.924],[-64.119,-20.915],[-64.114,-20.912],[-64.1,-20.919],[-64.09,-20.917],[-64.078,-20.923],[-64.074,-20.928],[-64.073,-20.932],[-64.066,-20.934],[-64.063,-20.945],[-64.063,-20.952],[-64.061,-20.954],[-64.055,-20.954],[-64.053,-20.956],[-64.048,-20.954],[-64.046,-20.957],[-64.042,-20.957],[-64.026,-20.962],[-64.023,-20.962],[-64.019,-20.956],[-64.012,-20.956],[-64.013,-20.95],[-64.011,-20.947],[-64.009,-20.946],[-64.006,-20.947],[-64.006,-20.951],[-64.011,-20.969],[-64.003,-20.98],[-64.003,-20.982],[-64.01,-20.995],[-64.003,-21.005],[-63.999,-21.006],[-63.987,-21.004],[-63.724,-21.004],[-63.257,-21.004],[-63.001,-21.004],[-62.261,-20.993],[-62.261,-21.059],[-62.457,-21.67],[-62.644,-22.247],[-62.651,-22.252],[-62.658,-22.25],[-62.665,-22.245],[-62.679,-22.227],[-62.684,-22.217],[-62.688,-22.204],[-62.69,-22.192],[-62.691,-22.191],[-62.697,-22.195],[-62.709,-22.211],[-62.72,-22.211],[-62.723,-22.207],[-62.727,-22.186],[-62.733,-22.176],[-62.736,-22.17],[-62.756,-22.153],[-62.759,-22.152],[-62.766,-22.155],[-62.771,-22.161],[-62.776,-22.173],[-62.778,-22.175],[-62.782,-22.175],[-62.785,-22.171],[-62.79,-22.159],[-62.8,-22.146],[-62.812,-22.134],[-62.814,-22.13],[-62.811,-22.116],[-62.806,-22.11],[-62.812,-22.099],[-62.811,-22.091],[-62.8,-22.071],[-62.793,-22.064],[-62.796,-22.059],[-62.813,-22.053],[-62.815,-22.047],[-62.814,-22.042],[-62.817,-22.034],[-62.809,-22.028],[-62.801,-22.016],[-62.802,-22.007],[-62.805,-22.002],[-62.808,-22.004],[-63.247,-22.004],[-63.667,-22.003],[-63.67,-22.013],[-63.667,-22.015],[-63.668,-22.018],[-63.671,-22.023],[-63.67,-22.028],[-63.673,-22.03],[-63.675,-22.036],[-63.676,-22.037],[-63.674,-22.039],[-63.674,-22.04],[-63.679,-22.043],[-63.677,-22.045],[-63.68,-22.048],[-63.678,-22.051],[-63.684,-22.055],[-63.684,-22.047],[-63.687,-22.04],[-63.685,-22.041],[-63.687,-22.039],[-63.685,-22.033],[-63.682,-22.031],[-63.683,-22.031],[-63.682,-22.029],[-63.684,-22.029],[-63.685,-22.027],[-63.686,-22.028],[-63.688,-22.026],[-63.689,-22.016],[-63.689,-22.012],[-63.697,-22.015],[-63.698,-22.013],[-63.703,-22.016],[-63.707,-22.012],[-63.706,-22.009],[-63.71,-22.004],[-63.718,-22.0],[-63.931,-21.999],[-63.938,-22.007],[-63.938,-22.011],[-63.941,-22.009],[-63.945,-22.01],[-63.944,-22.012],[-63.938,-22.016],[-63.945,-22.025],[-63.941,-22.029],[-63.942,-22.03],[-63.947,-22.036],[-63.953,-22.037],[-63.95,-22.043],[-63.955,-22.045],[-63.955,-22.046],[-63.95,-22.05],[-63.955,-22.053],[-63.957,-22.057],[-63.954,-22.058],[-63.951,-22.056],[-63.95,-22.057],[-63.952,-22.059],[-63.961,-22.063],[-63.962,-22.066],[-63.957,-22.068],[-63.96,-22.077],[-63.957,-22.081],[-63.962,-22.084],[-63.961,-22.085],[-63.958,-22.084],[-63.958,-22.086],[-63.961,-22.087],[-63.963,-22.092],[-63.966,-22.093],[-63.97,-22.088],[-63.975,-22.087],[-63.975,-22.08],[-63.98,-22.081],[-63.983,-22.086],[-63.977,-22.086],[-63.977,-22.092],[-63.978,-22.093],[-63.98,-22.091],[-63.986,-22.094],[-63.991,-22.104],[-63.99,-22.105],[-63.986,-22.104],[-63.986,-22.109],[-63.989,-22.11],[-63.99,-22.107],[-63.993,-22.105],[-64.0,-22.108],[-63.998,-22.111],[-63.993,-22.108],[-63.993,-22.114],[-63.989,-22.114],[-63.99,-22.118],[-63.996,-22.12],[-63.998,-22.125],[-63.998,-22.129],[-63.994,-22.13],[-63.992,-22.133],[-63.996,-22.133],[-63.999,-22.138],[-63.997,-22.142],[-64.001,-22.146],[-64.005,-22.153],[-64.0,-22.156],[-64.001,-22.158],[-64.004,-22.161],[-64.007,-22.161],[-64.009,-22.166],[-64.017,-22.168],[-64.024,-22.177],[-64.02,-22.185],[-64.016,-22.186],[-64.017,-22.187],[-64.026,-22.188],[-64.033,-22.197],[-64.032,-22.203],[-64.026,-22.21],[-64.028,-22.212],[-64.029,-22.216],[-64.031,-22.218],[-64.039,-22.221],[-64.038,-22.226],[-64.032,-22.227],[-64.032,-22.235],[-64.04,-22.235],[-64.039,-22.238],[-64.033,-22.239],[-64.033,-22.242],[-64.036,-22.243],[-64.042,-22.242],[-64.043,-22.244],[-64.039,-22.245],[-64.043,-22.247],[-64.051,-22.245],[-64.056,-22.246],[-64.058,-22.238],[-64.062,-22.238],[-64.065,-22.246],[-64.074,-22.259],[-64.073,-22.267],[-64.077,-22.275],[-64.073,-22.277],[-64.074,-22.281],[-64.075,-22.283],[-64.077,-22.284],[-64.08,-22.278],[-64.082,-22.278],[-64.081,-22.282],[-64.081,-22.285],[-64.091,-22.3],[-64.091,-22.303],[-64.086,-22.305],[-64.086,-22.31],[-64.095,-22.314],[-64.099,-22.317],[-64.097,-22.319],[-64.093,-22.317],[-64.09,-22.319],[-64.092,-22.324],[-64.1,-22.326],[-64.102,-22.329],[-64.099,-22.335],[-64.103,-22.337],[-64.099,-22.338],[-64.098,-22.343],[-64.104,-22.355],[-64.117,-22.364],[-64.117,-22.368],[-64.109,-22.382],[-64.109,-22.384],[-64.112,-22.384],[-64.117,-22.382],[-64.12,-22.382],[-64.121,-22.384],[-64.12,-22.394],[-64.116,-22.403],[-64.117,-22.407],[-64.121,-22.408],[-64.133,-22.407],[-64.143,-22.412],[-64.145,-22.416],[-64.138,-22.427],[-64.139,-22.431],[-64.142,-22.433],[-64.147,-22.434],[-64.151,-22.436],[-64.154,-22.452],[-64.161,-22.455],[-64.162,-22.467],[-64.166,-22.47],[-64.174,-22.466],[-64.183,-22.473],[-64.187,-22.48],[-64.188,-22.489],[-64.19,-22.492],[-64.198,-22.49],[-64.207,-22.506],[-64.214,-22.526],[-64.216,-22.543],[-64.227,-22.543],[-64.231,-22.557],[-64.24,-22.555],[-64.243,-22.564],[-64.244,-22.58],[-64.243,-22.599],[-64.238,-22.609],[-64.239,-22.621],[-64.241,-22.627],[-64.248,-22.633],[-64.256,-22.628],[-64.265,-22.65],[-64.242,-22.665],[-64.244,-22.671],[-64.257,-22.672],[-64.261,-22.676],[-64.262,-22.687],[-64.265,-22.696],[-64.264,-22.701],[-64.271,-22.708],[-64.272,-22.714],[-64.267,-22.728],[-64.271,-22.734],[-64.27,-22.737],[-64.269,-22.74],[-64.264,-22.741],[-64.268,-22.744],[-64.275,-22.745],[-64.281,-22.747],[-64.284,-22.752],[-64.279,-22.755],[-64.267,-22.758],[-64.265,-22.764],[-64.268,-22.77],[-64.278,-22.778],[-64.278,-22.784],[-64.276,-22.789],[-64.277,-22.791],[-64.285,-22.795],[-64.286,-22.808],[-64.284,-22.83],[-64.288,-22.836],[-64.305,-22.838],[-64.307,-22.841],[-64.298,-22.853],[-64.298,-22.862],[-64.307,-22.862],[-64.31,-22.865],[-64.312,-22.882],[-64.316,-22.883],[-64.317,-22.881],[-64.313,-22.872],[-64.315,-22.867],[-64.321,-22.868],[-64.324,-22.874],[-64.328,-22.872],[-64.334,-22.874],[-64.339,-22.868],[-64.341,-22.858],[-64.338,-22.856],[-64.331,-22.863],[-64.329,-22.863],[-64.327,-22.836],[-64.329,-22.831],[-64.331,-22.812],[-64.334,-22.808],[-64.342,-22.807],[-64.344,-22.793],[-64.34,-22.785],[-64.338,-22.778],[-64.339,-22.768],[-64.342,-22.764],[-64.341,-22.752],[-64.342,-22.749],[-64.349,-22.739],[-64.353,-22.731],[-64.361,-22.724],[-64.365,-22.724],[-64.372,-22.727],[-64.374,-22.721],[-64.379,-22.72],[-64.381,-22.717],[-64.385,-22.718],[-64.389,-22.722],[-64.392,-22.722],[-64.395,-22.719],[-64.398,-22.72],[-64.403,-22.719],[-64.402,-22.715],[-64.391,-22.713],[-64.392,-22.71],[-64.397,-22.71],[-64.397,-22.706],[-64.401,-22.697],[-64.395,-22.69],[-64.394,-22.688],[-64.398,-22.683],[-64.416,-22.679],[-64.419,-22.671],[-64.414,-22.657],[-64.416,-22.655],[-64.431,-22.651],[-64.434,-22.648],[-64.435,-22.642],[-64.442,-22.64],[-64.442,-22.638],[-64.44,-22.635],[-64.435,-22.635],[-64.427,-22.639],[-64.424,-22.635],[-64.425,-22.63],[-64.432,-22.633],[-64.434,-22.631],[-64.433,-22.628],[-64.435,-22.623],[-64.429,-22.617],[-64.429,-22.608],[-64.426,-22.604],[-64.43,-22.598],[-64.425,-22.589],[-64.425,-22.587],[-64.429,-22.586],[-64.432,-22.581],[-64.43,-22.579],[-64.423,-22.578],[-64.417,-22.575],[-64.41,-22.563],[-64.41,-22.558],[-64.415,-22.556],[-64.417,-22.553],[-64.416,-22.549],[-64.412,-22.544],[-64.413,-22.538],[-64.417,-22.535],[-64.423,-22.534],[-64.431,-22.522],[-64.445,-22.522],[-64.451,-22.519],[-64.451,-22.514],[-64.446,-22.509],[-64.446,-22.505],[-64.449,-22.504],[-64.455,-22.504],[-64.459,-22.502],[-64.459,-22.495],[-64.461,-22.491],[-64.464,-22.492],[-64.469,-22.492],[-64.469,-22.487],[-64.475,-22.489],[-64.477,-22.482],[-64.483,-22.481],[-64.484,-22.476],[-64.482,-22.472],[-64.475,-22.469],[-64.479,-22.462],[-64.489,-22.457],[-64.49,-22.442],[-64.492,-22.437],[-64.495,-22.435],[-64.499,-22.44],[-64.515,-22.446],[-64.521,-22.445],[-64.525,-22.441],[-64.522,-22.433],[-64.517,-22.428],[-64.513,-22.422],[-64.513,-22.416],[-64.533,-22.398],[-64.55,-22.389],[-64.559,-22.382],[-64.564,-22.376],[-64.567,-22.368],[-64.563,-22.361],[-64.565,-22.356],[-64.561,-22.352],[-64.562,-22.35],[-64.565,-22.348],[-64.565,-22.343],[-64.567,-22.339],[-64.564,-22.326],[-64.559,-22.319],[-64.552,-22.319],[-64.548,-22.317],[-64.538,-22.297],[-64.536,-22.29],[-64.537,-22.286],[-64.538,-22.283],[-64.581,-22.25],[-64.593,-22.247],[-64.595,-22.242],[-64.597,-22.243],[-64.599,-22.24],[-64.6,-22.232],[-64.602,-22.23],[-64.602,-22.227],[-64.608,-22.22],[-64.614,-22.217],[-64.614,-22.215],[-64.617,-22.213],[-64.617,-22.206],[-64.619,-22.205],[-64.624,-22.209],[-64.627,-22.203],[-64.636,-22.2],[-64.638,-22.194],[-64.645,-22.193],[-64.651,-22.19],[-64.66,-22.195],[-64.675,-22.188],[-64.687,-22.187],[-64.697,-22.189],[-64.7,-22.191],[-64.702,-22.189],[-64.706,-22.19],[-64.71,-22.189],[-64.713,-22.192],[-64.722,-22.197],[-64.723,-22.195],[-64.737,-22.194],[-64.745,-22.189],[-64.746,-22.183],[-64.75,-22.182],[-64.753,-22.179],[-64.757,-22.179],[-64.758,-22.181],[-64.764,-22.177],[-64.766,-22.179],[-64.77,-22.178],[-64.774,-22.178],[-64.777,-22.176],[-64.778,-22.178],[-64.782,-22.175],[-64.787,-22.168],[-64.789,-22.168],[-64.791,-22.164],[-64.794,-22.165],[-64.795,-22.163],[-64.793,-22.163],[-64.793,-22.161],[-64.795,-22.162],[-64.796,-22.161],[-64.797,-22.162],[-64.798,-22.16],[-64.804,-22.158],[-64.805,-22.156],[-64.808,-22.156],[-64.811,-22.153],[-64.813,-22.153],[-64.812,-22.151],[-64.818,-22.148],[-64.819,-22.145],[-64.82,-22.146],[-64.83,-22.142],[-64.832,-22.144],[-64.836,-22.139],[-64.84,-22.139],[-64.845,-22.134],[-64.849,-22.133],[-64.849,-22.132],[-64.862,-22.125],[-64.862,-22.122],[-64.868,-22.123],[-64.867,-22.122],[-64.869,-22.123],[-64.874,-22.117],[-64.879,-22.117],[-64.881,-22.121],[-64.88,-22.122],[-64.882,-22.123],[-64.887,-22.129],[-64.891,-22.127],[-64.893,-22.124],[-64.897,-22.124],[-64.903,-22.12],[-64.924,-22.121],[-64.927,-22.118],[-64.933,-22.118],[-64.935,-22.116],[-64.938,-22.11],[-64.945,-22.11],[-64.948,-22.108],[-64.953,-22.107],[-64.953,-22.105],[-64.957,-22.103],[-64.96,-22.102],[-64.961,-22.104],[-64.964,-22.103],[-64.969,-22.104],[-64.971,-22.1],[-64.981,-22.098],[-64.984,-22.094],[-64.987,-22.094],[-64.989,-22.089],[-64.993,-22.087],[-64.994,-22.084],[-65.053,-22.083],[-65.187,-22.085],[-65.192,-22.077],[-65.181,-22.024],[-65.181,-22.019],[-65.185,-22.013],[-65.201,-22.012],[-65.204,-22.006],[-65.217,-21.996],[-65.235,-21.991],[-65.242,-21.985],[-65.247,-21.979],[-65.262,-21.971],[-65.267,-21.97],[-65.276,-21.971],[-65.299,-21.978],[-65.314,-21.975],[-65.323,-21.969],[-65.336,-21.965],[-65.352,-21.954],[-65.356,-21.949],[-65.364,-21.946],[-65.366,-21.944],[-65.369,-21.944],[-65.383,-21.933],[-65.387,-21.933],[-65.393,-21.929],[-65.397,-21.923],[-65.409,-21.916],[-65.412,-21.906],[-65.417,-21.897],[-65.42,-21.896],[-65.415,-21.889],[-65.416,-21.882],[-65.414,-21.881],[-65.411,-21.883],[-65.408,-21.882],[-65.402,-21.882],[-65.397,-21.879],[-65.396,-21.877],[-65.398,-21.875],[-65.395,-21.874],[-65.393,-21.868],[-65.393,-21.864],[-65.389,-21.862],[-65.391,-21.858],[-65.39,-21.854],[-65.391,-21.848],[-65.39,-21.841],[-65.385,-21.842],[-65.382,-21.837],[-65.378,-21.836],[-65.374,-21.837],[-65.372,-21.84],[-65.365,-21.84],[-65.362,-21.838],[-65.357,-21.84],[-65.355,-21.838],[-65.354,-21.833],[-65.348,-21.826],[-65.349,-21.82],[-65.348,-21.812],[-65.336,-21.806],[-65.336,-21.801],[-65.334,-21.795],[-65.334,-21.789],[-65.328,-21.785],[-65.33,-21.78],[-65.33,-21.777],[-65.325,-21.769],[-65.32,-21.767],[-65.319,-21.764],[-65.323,-21.76],[-65.324,-21.756],[-65.321,-21.754],[-65.32,-21.751],[-65.315,-21.747],[-65.316,-21.739],[-65.313,-21.737],[-65.315,-21.734],[-65.314,-21.731],[-65.311,-21.731],[-65.302,-21.733],[-65.294,-21.733],[-65.293,-21.732],[-65.294,-21.723],[-65.3,-21.721],[-65.301,-21.72],[-65.3,-21.715],[-65.302,-21.709],[-65.307,-21.708],[-65.307,-21.705],[-65.302,-21.698],[-65.304,-21.689],[-65.3,-21.686],[-65.297,-21.676],[-65.29,-21.671],[-65.286,-21.67],[-65.284,-21.665],[-65.28,-21.666],[-65.277,-21.664],[-65.277,-21.657],[-65.273,-21.656],[-65.272,-21.653],[-65.279,-21.649],[-65.28,-21.646],[-65.276,-21.644],[-65.27,-21.644],[-65.267,-21.639],[-65.263,-21.637],[-65.262,-21.63],[-65.266,-21.621],[-65.263,-21.614],[-65.264,-21.61],[-65.259,-21.602],[-65.254,-21.601],[-65.255,-21.597],[-65.252,-21.589],[-65.254,-21.583],[-65.25,-21.581],[-65.253,-21.576],[-65.245,-21.57],[-65.247,-21.56],[-65.245,-21.553],[-65.248,-21.548],[-65.252,-21.546],[-65.25,-21.543],[-65.246,-21.541],[-65.248,-21.533],[-65.245,-21.53],[-65.247,-21.528],[-65.245,-21.523],[-65.248,-21.523],[-65.249,-21.52],[-65.252,-21.52],[-65.253,-21.519],[-65.252,-21.515],[-65.246,-21.507],[-65.245,-21.5],[-65.247,-21.496],[-65.247,-21.489],[-65.25,-21.484],[-65.25,-21.482]]]}}]}